
=============================================================================
DrWeb Net Filtering Service for Windows Workstations v11.5.4.02210
Copyright (c) Doctor Web, Ltd., 1992-2020
Operating System: Windows 10 Starter x64/native (Build 19045)
Command line: "C:\Program Files\DrWeb\dwnetfilter.exe" --ats
=============================================================================
[01/11/2024 17:25:29 00001460] Cannot start the service: System error; (Unable to open pipe.)
[01/11/2024 17:25:29 00001460] <DEBUG:1> Managed shutdown started.
[01/11/2024 17:25:29 00001460] <DEBUG:1> Closing driver accept threads...
[01/11/2024 17:25:29 00001460] <DEBUG:1> Closing connections...
[01/11/2024 17:25:29 00001460] <DEBUG:1> Detaching config...
[01/11/2024 17:25:29 00001460] <DEBUG:1> Reporting service as stopped...
[01/11/2024 17:25:29 00001460] <DEBUG:1> Managed shutdown completed. Global objects are to be destroyed.

=============================================================================
DrWeb Net Filtering Service for Windows Workstations v11.5.4.02210
Copyright (c) Doctor Web, Ltd., 1992-2020
Operating System: Windows 10 Starter x64/native (Build 19045)
Command line: "C:\Program Files\DrWeb\dwnetfilter.exe" --ats
=============================================================================
[01/11/2024 17:25:31 00001858] Cannot create the WFP server: Driver not loaded: 80070002
[01/11/2024 17:25:31 0000225c] Service: new standalone
[01/11/2024 17:25:31 00001858] <DEBUG:1> Config update 00000019 00000045
[01/11/2024 17:25:31 00001858] GetTimeProtect() error System error; (device::open: The system cannot find the file specified. (2))
[01/11/2024 17:25:31 00001858] GetTimeProtect() error System error; (device::open: The system cannot find the file specified. (2))
[01/11/2024 17:25:31 00001858] GetSessionTimeData() error Invalid value; (NetFilter:PC:SessionTimeData)
[01/11/2024 17:25:31 00001858] LogLevelMail = 1
[01/11/2024 17:25:31 00001858] LogLevelHttp = 1
[01/11/2024 17:25:31 00001858] CheckIncoming = Yes
[01/11/2024 17:25:31 00001858] CheckOutgoing = No
[01/11/2024 17:25:31 00001858] CheckArchives = No
[01/11/2024 17:25:31 00001858] CheckContainners = No
[01/11/2024 17:25:31 00001858] CheckIM = Yes
[01/11/2024 17:25:31 00001858] SpeedBalance = 125
[01/11/2024 17:25:31 00001858] BlockMalwareUrls = Yes
[01/11/2024 17:25:31 00001858] BlockScamAndFraud = Yes
[01/11/2024 17:25:31 00001858] BlockPiracy = Yes
[01/11/2024 17:25:31 00001858] BlockAdware = Yes
[01/11/2024 17:25:31 00001858] BlockDialers = Yes
[01/11/2024 17:25:31 00001858] BlockRiskware = No
[01/11/2024 17:25:31 00001858] BlockHacktools = No
[01/11/2024 17:25:31 00001858] BlockJokes = No
[01/11/2024 17:25:31 00001858] BlockSuspicious = Yes
[01/11/2024 17:25:31 00001858] BlockNotChecked = No
[01/11/2024 17:25:31 00001858] BlockMalformed = No
[01/11/2024 17:25:31 00001858] ProxyPort = 0
[01/11/2024 17:25:31 00001858] ChainProxyAddr = ""
[01/11/2024 17:25:31 00001858] ChainProxyPort = 0
[01/11/2024 17:25:31 00001858] QueryDNSWhenProxy = Yes
[01/11/2024 17:25:31 00001858] UrlFilter = No
[01/11/2024 17:25:31 00001858] BlockSites = No
[01/11/2024 17:25:31 00001858] SafeSearch = Yes
[01/11/2024 17:25:31 00001858] ProfileEnabled = Yes
[01/11/2024 17:25:31 00001858] OfficeControl = No
[01/11/2024 17:25:31 00001858] LngFileName = ""
[01/11/2024 17:25:31 00001858] ParentalControlInstalled = Yes
[01/11/2024 17:25:31 00001858] ActionInfected = 1
[01/11/2024 17:25:31 00001858] ActionIncurable = 2
[01/11/2024 17:25:31 00001858] ActionSuspicious = 2
[01/11/2024 17:25:31 00001858] ActionNotChecked = 8
[01/11/2024 17:25:31 00001858] ActionMalformed = 8
[01/11/2024 17:25:31 00001858] ActionAdware = 2
[01/11/2024 17:25:31 00001858] ActionDialers = 2
[01/11/2024 17:25:31 00001858] ActionRiskware = 8
[01/11/2024 17:25:31 00001858] ActionHacktools = 8
[01/11/2024 17:25:31 00001858] ActionJokes = 8
[01/11/2024 17:25:31 00001858] HeuristicAnalysis = Yes
[01/11/2024 17:25:31 00001858] VirusActivityControl = Yes
[01/11/2024 17:25:31 00001858] CheckArchivesMail = No
[01/11/2024 17:25:31 00001858] CheckContainersMail = No
[01/11/2024 17:25:31 00001858] InsertXAntiVirus = Yes
[01/11/2024 17:25:31 00001858] DeleteMessagesOnServer = No
[01/11/2024 17:25:31 00001858] MessageScanTimeout = 250
[01/11/2024 17:25:31 00001858] MaxFileSizeToExtract = 30720
[01/11/2024 17:25:31 00001858] MaxCompressionRatio = 0
[01/11/2024 17:25:31 00001858] MaxArchiveLevel = 64
[01/11/2024 17:25:31 00001858] CheckSpam = Yes
[01/11/2024 17:25:31 00001858] SpamAllowCyrillic = Yes
[01/11/2024 17:25:31 00001858] SpamAllowCJK = Yes
[01/11/2024 17:25:31 00001858] AddSpamSubj = Yes
[01/11/2024 17:25:31 00001858] SpamSubj = "[SPAM]"
[01/11/2024 17:25:31 00001858] SSL = No
[01/11/2024 17:25:31 00001858] CertificateSubject = "0 Dr.Web for Windows"
[01/11/2024 17:25:31 00001858] CertificateHash = ""
[01/11/2024 17:25:31 00001858] UseProfiles = Yes
[01/11/2024 17:25:31 00001858] Parental Control profiles = 0
[01/11/2024 17:25:31 00001858]     SID = ""
[01/11/2024 17:25:31 00001858]         UrlFilter = No
[01/11/2024 17:25:31 00001858]         BlockSites = No
[01/11/2024 17:25:31 00001858]         SafeSearch = Yes
[01/11/2024 17:25:31 00001858]         ProfileEnabled = Yes
[01/11/2024 17:25:31 00001858]         \settings\ParentalControl\BlockPorno = Yes
[01/11/2024 17:25:31 00001858]         \settings\ParentalControl\BlockViolence = Yes
[01/11/2024 17:25:31 00001858]         \settings\ParentalControl\BlockWeapon = Yes
[01/11/2024 17:25:31 00001858]         \settings\ParentalControl\BlockGamble = Yes
[01/11/2024 17:25:31 00001858]         \settings\ParentalControl\BlockDrugs = Yes
[01/11/2024 17:25:31 00001858]         \settings\ParentalControl\BlockObscenity = Yes
[01/11/2024 17:25:31 00001858]         \settings\ParentalControl\BlockChats = No
[01/11/2024 17:25:31 00001858]         \settings\ParentalControl\BlockTerrorism = Yes
[01/11/2024 17:25:31 00001858]         \settings\ParentalControl\BlockE_Mail = No
[01/11/2024 17:25:31 00001858]         \settings\ParentalControl\BlockSocialNetwork = No
[01/11/2024 17:25:31 00001858]         \settings\ParentalControl\BlockOnlineGames = No
[01/11/2024 17:25:31 00001858]         \settings\ParentalControl\BlockAnonymizers = No
[01/11/2024 17:25:31 00001858]         \settings\ParentalControl\BlockMiners = No
[01/11/2024 17:25:31 00001858]         ProfileAccessMode = 0
[01/11/2024 17:25:31 00001858]         InternetAccess[sun] = "111111111111111111111111111111111111111111111111"
[01/11/2024 17:25:31 00001858]         InternetAccess[mon] = "111111111111111111111111111111111111111111111111"
[01/11/2024 17:25:31 00001858]         InternetAccess[tue] = "111111111111111111111111111111111111111111111111"
[01/11/2024 17:25:31 00001858]         InternetAccess[wed] = "111111111111111111111111111111111111111111111111"
[01/11/2024 17:25:31 00001858]         InternetAccess[thu] = "111111111111111111111111111111111111111111111111"
[01/11/2024 17:25:31 00001858]         InternetAccess[fri] = "111111111111111111111111111111111111111111111111"
[01/11/2024 17:25:31 00001858]         InternetAccess[sat] = "111111111111111111111111111111111111111111111111"
[01/11/2024 17:25:31 00001858]         LogonAccess[sun] = "111111111111111111111111111111111111111111111111"
[01/11/2024 17:25:31 00001858]         LogonAccess[mon] = "111111111111111111111111111111111111111111111111"
[01/11/2024 17:25:31 00001858]         LogonAccess[tue] = "111111111111111111111111111111111111111111111111"
[01/11/2024 17:25:31 00001858]         LogonAccess[wed] = "111111111111111111111111111111111111111111111111"
[01/11/2024 17:25:31 00001858]         LogonAccess[thu] = "111111111111111111111111111111111111111111111111"
[01/11/2024 17:25:31 00001858]         LogonAccess[fri] = "111111111111111111111111111111111111111111111111"
[01/11/2024 17:25:31 00001858]         LogonAccess[sat] = "111111111111111111111111111111111111111111111111"
[01/11/2024 17:25:31 00001858]         DayLimitWorkdays.enabled = No
[01/11/2024 17:25:31 00001858]         DayLimitWorkdays.limit = 10800
[01/11/2024 17:25:31 00001858]         DayLimitWeekend.enabled = No
[01/11/2024 17:25:31 00001858]         DayLimitWeekend.limit = 10800
[01/11/2024 17:25:31 00001858]         NightLimitWorkdays.enabled = No
[01/11/2024 17:25:31 00001858]         NightLimitWorkdays.start = 82800
[01/11/2024 17:25:31 00001858]         NightLimitWorkdays.end = 25200
[01/11/2024 17:25:31 00001858]         NightLimitWeekend.enabled = No
[01/11/2024 17:25:31 00001858]         NightLimitWeekend.start = 82800
[01/11/2024 17:25:31 00001858]         NightLimitWeekend.end = 25200
[01/11/2024 17:25:31 00001858] UseCloud = Yes
[01/11/2024 17:25:31 00001858] SpiderMail is enabled, license not found
[01/11/2024 17:25:31 00001858] SpiderGate is enabled, license not found
[01/11/2024 17:25:31 00001858] ParentalControl is enabled
[01/11/2024 17:25:31 00001858] Antispam license not found
[01/11/2024 17:25:31 00001ca0] Loading the predefined URL-filter lists from C:\ProgramData\Doctor Web\DWS\
[01/11/2024 17:25:31 00001ca0] <DEBUG:1> trying url filter base file: C:\ProgramData\Doctor Web\DWS\dwfanonym00.dws
[01/11/2024 17:25:31 00001ca0] <DEBUG:1> TIMER: file C:\ProgramData\Doctor Web\DWS\dwfanonym00.dws time 0 ms
[01/11/2024 17:25:31 00001ca0] Url filter ignored (file name = dwfanonym00.dws, type=anonymizer, timestamp=2020-07-07 15:45:23)
[01/11/2024 17:25:31 00001ca0] <DEBUG:1> trying url filter base file: C:\ProgramData\Doctor Web\DWS\dwfcht00.dws
[01/11/2024 17:25:31 00001ca0] <DEBUG:1> TIMER: file C:\ProgramData\Doctor Web\DWS\dwfcht00.dws time 0 ms
[01/11/2024 17:25:31 00001ca0] Url filter ignored (file name = dwfcht00.dws, type=chats, timestamp=2020-11-23 13:00:08)
[01/11/2024 17:25:31 00001ca0] <DEBUG:1> trying url filter base file: C:\ProgramData\Doctor Web\DWS\dwfdrg00.dws
[01/11/2024 17:25:31 00001ca0] <DEBUG:1> TIMER: file C:\ProgramData\Doctor Web\DWS\dwfdrg00.dws time 0 ms
[01/11/2024 17:25:31 00001ca0] Url filter ignored (file name = dwfdrg00.dws, type=drugs, timestamp=2020-11-29 10:30:30)
[01/11/2024 17:25:31 00001ca0] <DEBUG:1> trying url filter base file: C:\ProgramData\Doctor Web\DWS\dwfeml00.dws
[01/11/2024 17:25:31 00001ca0] <DEBUG:1> TIMER: file C:\ProgramData\Doctor Web\DWS\dwfeml00.dws time 0 ms
[01/11/2024 17:25:31 00001ca0] Url filter ignored (file name = dwfeml00.dws, type=e-mail, timestamp=2018-11-29 07:02:12)
[01/11/2024 17:25:31 00001ca0] <DEBUG:1> trying url filter base file: C:\ProgramData\Doctor Web\DWS\dwffse00.dws
[01/11/2024 17:25:31 00001ca0] <DEBUG:1> TIMER: file C:\ProgramData\Doctor Web\DWS\dwffse00.dws time 0 ms
[01/11/2024 17:25:31 00001ca0] Url filter loaded (file name = dwffse00.dws, type=social_engineering, timestamp=2019-11-24 19:30:31)
[01/11/2024 17:25:31 00001ca0] <DEBUG:1> trying url filter base file: C:\ProgramData\Doctor Web\DWS\dwffse01.dws
[01/11/2024 17:25:31 00001ca0] <DEBUG:1> TIMER: file C:\ProgramData\Doctor Web\DWS\dwffse01.dws time 0 ms
[01/11/2024 17:25:31 00001ca0] Url filter loaded (file name = dwffse01.dws, type=social_engineering, timestamp=2020-10-18 14:49:43)
[01/11/2024 17:25:31 00001ca0] <DEBUG:1> trying url filter base file: C:\ProgramData\Doctor Web\DWS\dwffse02.dws
[01/11/2024 17:25:31 00001ca0] <DEBUG:1> TIMER: file C:\ProgramData\Doctor Web\DWS\dwffse02.dws time 0 ms
[01/11/2024 17:25:31 00001ca0] Url filter loaded (file name = dwffse02.dws, type=social_engineering, timestamp=2019-11-19 17:45:10)
[01/11/2024 17:25:31 00001ca0] <DEBUG:1> trying url filter base file: C:\ProgramData\Doctor Web\DWS\dwffse03.dws
[01/11/2024 17:25:31 00001ca0] <DEBUG:1> TIMER: file C:\ProgramData\Doctor Web\DWS\dwffse03.dws time 0 ms
[01/11/2024 17:25:31 00001ca0] Url filter loaded (file name = dwffse03.dws, type=social_engineering, timestamp=2019-11-19 17:45:20)
[01/11/2024 17:25:31 00001ca0] <DEBUG:1> trying url filter base file: C:\ProgramData\Doctor Web\DWS\dwffse04.dws
[01/11/2024 17:25:31 00001ca0] <DEBUG:1> TIMER: file C:\ProgramData\Doctor Web\DWS\dwffse04.dws time 0 ms
[01/11/2024 17:25:31 00001ca0] Url filter loaded (file name = dwffse04.dws, type=social_engineering, timestamp=2019-11-19 15:15:52)
[01/11/2024 17:25:31 00001ca0] <DEBUG:1> trying url filter base file: C:\ProgramData\Doctor Web\DWS\dwffse05.dws
[01/11/2024 17:25:31 00001ca0] <DEBUG:1> TIMER: file C:\ProgramData\Doctor Web\DWS\dwffse05.dws time 0 ms
[01/11/2024 17:25:31 00001ca0] Url filter loaded (file name = dwffse05.dws, type=social_engineering, timestamp=2020-09-12 17:00:31)
[01/11/2024 17:25:31 00001ca0] <DEBUG:1> trying url filter base file: C:\ProgramData\Doctor Web\DWS\dwffse06.dws
[01/11/2024 17:25:31 00001ca0] <DEBUG:1> TIMER: file C:\ProgramData\Doctor Web\DWS\dwffse06.dws time 0 ms
[01/11/2024 17:25:31 00001ca0] Url filter loaded (file name = dwffse06.dws, type=social_engineering, timestamp=2020-09-21 15:15:35)
[01/11/2024 17:25:31 00001ca0] <DEBUG:1> trying url filter base file: C:\ProgramData\Doctor Web\DWS\dwffse07.dws
[01/11/2024 17:25:31 00001ca0] <DEBUG:1> TIMER: file C:\ProgramData\Doctor Web\DWS\dwffse07.dws time 0 ms
[01/11/2024 17:25:31 00001ca0] Url filter loaded (file name = dwffse07.dws, type=social_engineering, timestamp=2020-07-07 10:00:35)
[01/11/2024 17:25:31 00001ca0] <DEBUG:1> trying url filter base file: C:\ProgramData\Doctor Web\DWS\dwffse08.dws
[01/11/2024 17:25:31 00001ca0] <DEBUG:1> TIMER: file C:\ProgramData\Doctor Web\DWS\dwffse08.dws time 0 ms
[01/11/2024 17:25:31 00001ca0] Url filter loaded (file name = dwffse08.dws, type=social_engineering, timestamp=2020-09-19 10:15:37)
[01/11/2024 17:25:31 00001ca0] <DEBUG:1> trying url filter base file: C:\ProgramData\Doctor Web\DWS\dwffse09.dws
[01/11/2024 17:25:31 00001ca0] <DEBUG:1> TIMER: file C:\ProgramData\Doctor Web\DWS\dwffse09.dws time 0 ms
[01/11/2024 17:25:31 00001ca0] Url filter loaded (file name = dwffse09.dws, type=social_engineering, timestamp=2020-11-25 13:00:23)
[01/11/2024 17:25:31 00001ca0] <DEBUG:1> trying url filter base file: C:\ProgramData\Doctor Web\DWS\dwffse_addon.dws
[01/11/2024 17:25:31 00001ca0] <DEBUG:1> TIMER: file C:\ProgramData\Doctor Web\DWS\dwffse_addon.dws time 0 ms
[01/11/2024 17:25:31 00001ca0] Url filter loaded (file name = dwffse_addon.dws, type=social_engineering, timestamp=2021-00-04 09:15:04)
[01/11/2024 17:25:31 00001ca0] <DEBUG:1> trying url filter base file: C:\ProgramData\Doctor Web\DWS\dwfgml00.dws
[01/11/2024 17:25:31 00001ca0] <DEBUG:1> TIMER: file C:\ProgramData\Doctor Web\DWS\dwfgml00.dws time 0 ms
[01/11/2024 17:25:31 00001ca0] Url filter ignored (file name = dwfgml00.dws, type=gamble, timestamp=2019-11-22 03:45:37)
[01/11/2024 17:25:31 00001ca0] <DEBUG:1> trying url filter base file: C:\ProgramData\Doctor Web\DWS\dwfgml01.dws
[01/11/2024 17:25:31 00001ca0] <DEBUG:1> TIMER: file C:\ProgramData\Doctor Web\DWS\dwfgml01.dws time 0 ms
[01/11/2024 17:25:31 00001ca0] Url filter ignored (file name = dwfgml01.dws, type=gamble, timestamp=2019-11-21 15:00:08)
[01/11/2024 17:25:31 00001ca0] <DEBUG:1> trying url filter base file: C:\ProgramData\Doctor Web\DWS\dwfgml02.dws
[01/11/2024 17:25:31 00001ca0] <DEBUG:1> TIMER: file C:\ProgramData\Doctor Web\DWS\dwfgml02.dws time 0 ms
[01/11/2024 17:25:31 00001ca0] Url filter ignored (file name = dwfgml02.dws, type=gamble, timestamp=2019-11-20 17:45:14)
[01/11/2024 17:25:31 00001ca0] <DEBUG:1> trying url filter base file: C:\ProgramData\Doctor Web\DWS\dwfgml03.dws
[01/11/2024 17:25:31 00001ca0] <DEBUG:1> TIMER: file C:\ProgramData\Doctor Web\DWS\dwfgml03.dws time 0 ms
[01/11/2024 17:25:31 00001ca0] Url filter ignored (file name = dwfgml03.dws, type=gamble, timestamp=2019-11-21 09:01:41)
[01/11/2024 17:25:31 00001ca0] <DEBUG:1> trying url filter base file: C:\ProgramData\Doctor Web\DWS\dwfgml04.dws
[01/11/2024 17:25:31 00001ca0] <DEBUG:1> TIMER: file C:\ProgramData\Doctor Web\DWS\dwfgml04.dws time 0 ms
[01/11/2024 17:25:31 00001ca0] Url filter ignored (file name = dwfgml04.dws, type=gamble, timestamp=2019-11-21 09:00:36)
[01/11/2024 17:25:31 00001ca0] <DEBUG:1> trying url filter base file: C:\ProgramData\Doctor Web\DWS\dwfgml05.dws
[01/11/2024 17:25:31 00001ca0] <DEBUG:1> TIMER: file C:\ProgramData\Doctor Web\DWS\dwfgml05.dws time 0 ms
[01/11/2024 17:25:31 00001ca0] Url filter ignored (file name = dwfgml05.dws, type=gamble, timestamp=2019-11-21 09:01:26)
[01/11/2024 17:25:31 00001ca0] <DEBUG:1> trying url filter base file: C:\ProgramData\Doctor Web\DWS\dwfgml06.dws
[01/11/2024 17:25:31 00001ca0] <DEBUG:1> TIMER: file C:\ProgramData\Doctor Web\DWS\dwfgml06.dws time 0 ms
[01/11/2024 17:25:31 00001ca0] Url filter ignored (file name = dwfgml06.dws, type=gamble, timestamp=2019-11-21 09:01:11)
[01/11/2024 17:25:31 00001ca0] <DEBUG:1> trying url filter base file: C:\ProgramData\Doctor Web\DWS\dwfgml07.dws
[01/11/2024 17:25:31 00001ca0] <DEBUG:1> TIMER: file C:\ProgramData\Doctor Web\DWS\dwfgml07.dws time 0 ms
[01/11/2024 17:25:31 00001ca0] Url filter ignored (file name = dwfgml07.dws, type=gamble, timestamp=2019-11-21 14:45:40)
[01/11/2024 17:25:31 00001ca0] <DEBUG:1> trying url filter base file: C:\ProgramData\Doctor Web\DWS\dwfgml08.dws
[01/11/2024 17:25:31 00001ca0] <DEBUG:1> TIMER: file C:\ProgramData\Doctor Web\DWS\dwfgml08.dws time 0 ms
[01/11/2024 17:25:31 00001ca0] Url filter ignored (file name = dwfgml08.dws, type=gamble, timestamp=2019-11-21 14:45:58)
[01/11/2024 17:25:31 00001ca0] <DEBUG:1> trying url filter base file: C:\ProgramData\Doctor Web\DWS\dwfgml09.dws
[01/11/2024 17:25:31 00001ca0] <DEBUG:1> TIMER: file C:\ProgramData\Doctor Web\DWS\dwfgml09.dws time 0 ms
[01/11/2024 17:25:31 00001ca0] Url filter ignored (file name = dwfgml09.dws, type=gamble, timestamp=2019-11-21 14:45:51)
[01/11/2024 17:25:31 00001ca0] <DEBUG:1> trying url filter base file: C:\ProgramData\Doctor Web\DWS\dwfgml10.dws
[01/11/2024 17:25:31 00001ca0] <DEBUG:1> TIMER: file C:\ProgramData\Doctor Web\DWS\dwfgml10.dws time 0 ms
[01/11/2024 17:25:31 00001ca0] Url filter ignored (file name = dwfgml10.dws, type=gamble, timestamp=2019-11-21 14:45:28)
[01/11/2024 17:25:31 00001ca0] <DEBUG:1> trying url filter base file: C:\ProgramData\Doctor Web\DWS\dwfgml11.dws
[01/11/2024 17:25:31 00001ca0] <DEBUG:1> TIMER: file C:\ProgramData\Doctor Web\DWS\dwfgml11.dws time 0 ms
[01/11/2024 17:25:31 00001ca0] Url filter ignored (file name = dwfgml11.dws, type=gamble, timestamp=2019-11-21 20:30:30)
[01/11/2024 17:25:31 00001ca0] <DEBUG:1> trying url filter base file: C:\ProgramData\Doctor Web\DWS\dwfgml12.dws
[01/11/2024 17:25:31 00001ca0] <DEBUG:1> TIMER: file C:\ProgramData\Doctor Web\DWS\dwfgml12.dws time 0 ms
[01/11/2024 17:25:31 00001ca0] Url filter ignored (file name = dwfgml12.dws, type=gamble, timestamp=2019-11-21 20:30:34)
[01/11/2024 17:25:31 00001ca0] <DEBUG:1> trying url filter base file: C:\ProgramData\Doctor Web\DWS\dwfgml13.dws
[01/11/2024 17:25:31 00001ca0] <DEBUG:1> TIMER: file C:\ProgramData\Doctor Web\DWS\dwfgml13.dws time 0 ms
[01/11/2024 17:25:31 00001ca0] Url filter ignored (file name = dwfgml13.dws, type=gamble, timestamp=2019-11-21 20:30:19)
[01/11/2024 17:25:31 00001ca0] <DEBUG:1> trying url filter base file: C:\ProgramData\Doctor Web\DWS\dwfgml14.dws
[01/11/2024 17:25:31 00001ca0] <DEBUG:1> TIMER: file C:\ProgramData\Doctor Web\DWS\dwfgml14.dws time 0 ms
[01/11/2024 17:25:31 00001ca0] Url filter ignored (file name = dwfgml14.dws, type=gamble, timestamp=2019-11-22 03:45:20)
[01/11/2024 17:25:31 00001ca0] <DEBUG:1> trying url filter base file: C:\ProgramData\Doctor Web\DWS\dwfgml15.dws
[01/11/2024 17:25:31 00001ca0] <DEBUG:1> TIMER: file C:\ProgramData\Doctor Web\DWS\dwfgml15.dws time 0 ms
[01/11/2024 17:25:31 00001ca0] Url filter ignored (file name = dwfgml15.dws, type=gamble, timestamp=2019-11-22 03:45:13)
[01/11/2024 17:25:31 00001ca0] <DEBUG:1> trying url filter base file: C:\ProgramData\Doctor Web\DWS\dwfgml16.dws
[01/11/2024 17:25:31 00001ca0] <DEBUG:1> TIMER: file C:\ProgramData\Doctor Web\DWS\dwfgml16.dws time 0 ms
[01/11/2024 17:25:31 00001ca0] Url filter ignored (file name = dwfgml16.dws, type=gamble, timestamp=2019-11-22 14:31:54)
[01/11/2024 17:25:31 00001ca0] <DEBUG:1> trying url filter base file: C:\ProgramData\Doctor Web\DWS\dwfgml17.dws
[01/11/2024 17:25:31 00001ca0] <DEBUG:1> TIMER: file C:\ProgramData\Doctor Web\DWS\dwfgml17.dws time 0 ms
[01/11/2024 17:25:31 00001ca0] Url filter ignored (file name = dwfgml17.dws, type=gamble, timestamp=2019-11-22 14:31:13)
[01/11/2024 17:25:31 00001ca0] <DEBUG:1> trying url filter base file: C:\ProgramData\Doctor Web\DWS\dwfgml18.dws
[01/11/2024 17:25:31 00001ca0] <DEBUG:1> TIMER: file C:\ProgramData\Doctor Web\DWS\dwfgml18.dws time 0 ms
[01/11/2024 17:25:31 00001ca0] Url filter ignored (file name = dwfgml18.dws, type=gamble, timestamp=2019-11-23 12:15:38)
[01/11/2024 17:25:31 00001ca0] <DEBUG:1> trying url filter base file: C:\ProgramData\Doctor Web\DWS\dwfgml19.dws
[01/11/2024 17:25:31 00001ca0] <DEBUG:1> TIMER: file C:\ProgramData\Doctor Web\DWS\dwfgml19.dws time 0 ms
[01/11/2024 17:25:31 00001ca0] Url filter ignored (file name = dwfgml19.dws, type=gamble, timestamp=2020-11-30 14:45:25)
[01/11/2024 17:25:31 00001ca0] <DEBUG:1> trying url filter base file: C:\ProgramData\Doctor Web\DWS\dwfminers00.dws
[01/11/2024 17:25:31 00001ca0] <DEBUG:1> TIMER: file C:\ProgramData\Doctor Web\DWS\dwfminers00.dws time 0 ms
[01/11/2024 17:25:31 00001ca0] Url filter ignored (file name = dwfminers00.dws, type=miners, timestamp=2020-11-07 11:15:03)
[01/11/2024 17:25:31 00001ca0] <DEBUG:1> trying url filter base file: C:\ProgramData\Doctor Web\DWS\dwfmlw00.dws
[01/11/2024 17:25:31 00001ca0] <DEBUG:1> TIMER: file C:\ProgramData\Doctor Web\DWS\dwfmlw00.dws time 0 ms
[01/11/2024 17:25:31 00001ca0] Url filter loaded (file name = dwfmlw00.dws, type=malware, timestamp=2019-10-07 19:56:25)
[01/11/2024 17:25:31 00001ca0] <DEBUG:1> trying url filter base file: C:\ProgramData\Doctor Web\DWS\dwfmlw01.dws
[01/11/2024 17:25:31 00001ca0] <DEBUG:1> TIMER: file C:\ProgramData\Doctor Web\DWS\dwfmlw01.dws time 0 ms
[01/11/2024 17:25:31 00001ca0] Url filter loaded (file name = dwfmlw01.dws, type=malware, timestamp=2019-11-16 16:46:19)
[01/11/2024 17:25:31 00001ca0] <DEBUG:1> trying url filter base file: C:\ProgramData\Doctor Web\DWS\dwfmlw02.dws
[01/11/2024 17:25:31 00001ca0] <DEBUG:1> TIMER: file C:\ProgramData\Doctor Web\DWS\dwfmlw02.dws time 0 ms
[01/11/2024 17:25:31 00001ca0] Url filter loaded (file name = dwfmlw02.dws, type=malware, timestamp=2019-11-17 12:31:13)
[01/11/2024 17:25:31 00001ca0] <DEBUG:1> trying url filter base file: C:\ProgramData\Doctor Web\DWS\dwfmlw03.dws
[01/11/2024 17:25:31 00001ca0] <DEBUG:1> TIMER: file C:\ProgramData\Doctor Web\DWS\dwfmlw03.dws time 0 ms
[01/11/2024 17:25:31 00001ca0] Url filter loaded (file name = dwfmlw03.dws, type=malware, timestamp=2019-11-18 13:01:39)
[01/11/2024 17:25:31 00001ca0] <DEBUG:1> trying url filter base file: C:\ProgramData\Doctor Web\DWS\dwfmlw04.dws
[01/11/2024 17:25:31 00001ca0] <DEBUG:1> TIMER: file C:\ProgramData\Doctor Web\DWS\dwfmlw04.dws time 0 ms
[01/11/2024 17:25:31 00001ca0] Url filter loaded (file name = dwfmlw04.dws, type=malware, timestamp=2019-11-18 18:30:20)
[01/11/2024 17:25:31 00001ca0] <DEBUG:1> trying url filter base file: C:\ProgramData\Doctor Web\DWS\dwfmlw05.dws
[01/11/2024 17:25:31 00001ca0] <DEBUG:1> TIMER: file C:\ProgramData\Doctor Web\DWS\dwfmlw05.dws time 0 ms
[01/11/2024 17:25:31 00001ca0] Url filter loaded (file name = dwfmlw05.dws, type=malware, timestamp=2020-11-12 00:45:16)
[01/11/2024 17:25:31 00001ca0] <DEBUG:1> trying url filter base file: C:\ProgramData\Doctor Web\DWS\dwfmlw06.dws
[01/11/2024 17:25:31 00001ca0] <DEBUG:1> TIMER: file C:\ProgramData\Doctor Web\DWS\dwfmlw06.dws time 0 ms
[01/11/2024 17:25:31 00001ca0] Url filter loaded (file name = dwfmlw06.dws, type=malware, timestamp=2019-11-13 15:45:59)
[01/11/2024 17:25:31 00001ca0] <DEBUG:1> trying url filter base file: C:\ProgramData\Doctor Web\DWS\dwfmlw07.dws
[01/11/2024 17:25:31 00001ca0] <DEBUG:1> TIMER: file C:\ProgramData\Doctor Web\DWS\dwfmlw07.dws time 0 ms
[01/11/2024 17:25:31 00001ca0] Url filter loaded (file name = dwfmlw07.dws, type=malware, timestamp=2019-11-16 12:45:36)
[01/11/2024 17:25:31 00001ca0] <DEBUG:1> trying url filter base file: C:\ProgramData\Doctor Web\DWS\dwfmlw08.dws
[01/11/2024 17:25:31 00001ca0] <DEBUG:1> TIMER: file C:\ProgramData\Doctor Web\DWS\dwfmlw08.dws time 0 ms
[01/11/2024 17:25:31 00001ca0] Url filter loaded (file name = dwfmlw08.dws, type=malware, timestamp=2019-11-18 01:15:36)
[01/11/2024 17:25:31 00001ca0] <DEBUG:1> trying url filter base file: C:\ProgramData\Doctor Web\DWS\dwfmlw09.dws
[01/11/2024 17:25:31 00001ca0] <DEBUG:1> TIMER: file C:\ProgramData\Doctor Web\DWS\dwfmlw09.dws time 0 ms
[01/11/2024 17:25:31 00001ca0] Url filter loaded (file name = dwfmlw09.dws, type=malware, timestamp=2019-11-19 00:30:54)
[01/11/2024 17:25:31 00001ca0] <DEBUG:1> trying url filter base file: C:\ProgramData\Doctor Web\DWS\dwfmlw10.dws
[01/11/2024 17:25:31 00001ca0] <DEBUG:1> TIMER: file C:\ProgramData\Doctor Web\DWS\dwfmlw10.dws time 0 ms
[01/11/2024 17:25:31 00001ca0] Url filter loaded (file name = dwfmlw10.dws, type=malware, timestamp=2020-05-26 09:15:33)
[01/11/2024 17:25:31 00001ca0] <DEBUG:1> trying url filter base file: C:\ProgramData\Doctor Web\DWS\dwfmlw11.dws
[01/11/2024 17:25:31 00001ca0] <DEBUG:1> TIMER: file C:\ProgramData\Doctor Web\DWS\dwfmlw11.dws time 0 ms
[01/11/2024 17:25:31 00001ca0] Url filter loaded (file name = dwfmlw11.dws, type=malware, timestamp=2020-10-10 16:15:21)
[01/11/2024 17:25:31 00001ca0] <DEBUG:1> trying url filter base file: C:\ProgramData\Doctor Web\DWS\dwfmlw_addon.dws
[01/11/2024 17:25:31 00001ca0] <DEBUG:1> TIMER: file C:\ProgramData\Doctor Web\DWS\dwfmlw_addon.dws time 0 ms
[01/11/2024 17:25:31 00001ca0] Url filter loaded (file name = dwfmlw_addon.dws, type=malware, timestamp=2021-00-06 06:30:18)
[01/11/2024 17:25:31 00001ca0] <DEBUG:1> trying url filter base file: C:\ProgramData\Doctor Web\DWS\dwfobs00.dws
[01/11/2024 17:25:31 00001ca0] <DEBUG:1> TIMER: file C:\ProgramData\Doctor Web\DWS\dwfobs00.dws time 0 ms
[01/11/2024 17:25:31 00001ca0] Url filter ignored (file name = dwfobs00.dws, type=obscenity, timestamp=2018-09-02 13:30:06)
[01/11/2024 17:25:31 00001ca0] <DEBUG:1> trying url filter base file: C:\ProgramData\Doctor Web\DWS\dwfogm00.dws
[01/11/2024 17:25:31 00001ca0] <DEBUG:1> TIMER: file C:\ProgramData\Doctor Web\DWS\dwfogm00.dws time 0 ms
[01/11/2024 17:25:31 00001ca0] Url filter ignored (file name = dwfogm00.dws, type=online_games, timestamp=2020-10-27 19:30:06)
[01/11/2024 17:25:31 00001ca0] <DEBUG:1> trying url filter base file: C:\ProgramData\Doctor Web\DWS\dwfprc00.dws
[01/11/2024 17:25:31 00001ca0] <DEBUG:1> TIMER: file C:\ProgramData\Doctor Web\DWS\dwfprc00.dws time 0 ms
[01/11/2024 17:25:31 00001ca0] Url filter loaded (file name = dwfprc00.dws, type=piracy, timestamp=2020-09-28 11:00:05)
[01/11/2024 17:25:31 00001ca0] <DEBUG:1> trying url filter base file: C:\ProgramData\Doctor Web\DWS\dwfprn00.dws
[01/11/2024 17:25:31 00001ca0] <DEBUG:1> TIMER: file C:\ProgramData\Doctor Web\DWS\dwfprn00.dws time 0 ms
[01/11/2024 17:25:31 00001ca0] Url filter ignored (file name = dwfprn00.dws, type=porno, timestamp=2019-10-12 19:05:37)
[01/11/2024 17:25:31 00001ca0] <DEBUG:1> trying url filter base file: C:\ProgramData\Doctor Web\DWS\dwfprn01.dws
[01/11/2024 17:25:31 00001ca0] <DEBUG:1> TIMER: file C:\ProgramData\Doctor Web\DWS\dwfprn01.dws time 0 ms
[01/11/2024 17:25:31 00001ca0] Url filter ignored (file name = dwfprn01.dws, type=porno, timestamp=2019-10-12 13:16:54)
[01/11/2024 17:25:31 00001ca0] <DEBUG:1> trying url filter base file: C:\ProgramData\Doctor Web\DWS\dwfprn02.dws
[01/11/2024 17:25:31 00001ca0] <DEBUG:1> TIMER: file C:\ProgramData\Doctor Web\DWS\dwfprn02.dws time 0 ms
[01/11/2024 17:25:31 00001ca0] Url filter ignored (file name = dwfprn02.dws, type=porno, timestamp=2019-10-10 00:02:26)
[01/11/2024 17:25:31 00001ca0] <DEBUG:1> trying url filter base file: C:\ProgramData\Doctor Web\DWS\dwfprn03.dws
[01/11/2024 17:25:31 00001ca0] <DEBUG:1> TIMER: file C:\ProgramData\Doctor Web\DWS\dwfprn03.dws time 0 ms
[01/11/2024 17:25:31 00001ca0] Url filter ignored (file name = dwfprn03.dws, type=porno, timestamp=2019-10-10 03:47:29)
[01/11/2024 17:25:31 00001ca0] <DEBUG:1> trying url filter base file: C:\ProgramData\Doctor Web\DWS\dwfprn04.dws
[01/11/2024 17:25:31 00001ca0] <DEBUG:1> TIMER: file C:\ProgramData\Doctor Web\DWS\dwfprn04.dws time 0 ms
[01/11/2024 17:25:31 00001ca0] Url filter ignored (file name = dwfprn04.dws, type=porno, timestamp=2019-10-08 01:30:56)
[01/11/2024 17:25:31 00001ca0] <DEBUG:1> trying url filter base file: C:\ProgramData\Doctor Web\DWS\dwfprn05.dws
[01/11/2024 17:25:31 00001ca0] <DEBUG:1> TIMER: file C:\ProgramData\Doctor Web\DWS\dwfprn05.dws time 0 ms
[01/11/2024 17:25:31 00001ca0] Url filter ignored (file name = dwfprn05.dws, type=porno, timestamp=2019-10-08 01:15:19)
[01/11/2024 17:25:31 00001ca0] <DEBUG:1> trying url filter base file: C:\ProgramData\Doctor Web\DWS\dwfprn06.dws
[01/11/2024 17:25:31 00001ca0] <DEBUG:1> TIMER: file C:\ProgramData\Doctor Web\DWS\dwfprn06.dws time 0 ms
[01/11/2024 17:25:31 00001ca0] Url filter ignored (file name = dwfprn06.dws, type=porno, timestamp=2019-10-10 03:46:57)
[01/11/2024 17:25:31 00001ca0] <DEBUG:1> trying url filter base file: C:\ProgramData\Doctor Web\DWS\dwfprn07.dws
[01/11/2024 17:25:31 00001ca0] <DEBUG:1> TIMER: file C:\ProgramData\Doctor Web\DWS\dwfprn07.dws time 0 ms
[01/11/2024 17:25:31 00001ca0] Url filter ignored (file name = dwfprn07.dws, type=porno, timestamp=2019-10-27 12:48:17)
[01/11/2024 17:25:31 00001ca0] <DEBUG:1> trying url filter base file: C:\ProgramData\Doctor Web\DWS\dwfprn08.dws
[01/11/2024 17:25:31 00001ca0] <DEBUG:1> TIMER: file C:\ProgramData\Doctor Web\DWS\dwfprn08.dws time 0 ms
[01/11/2024 17:25:31 00001ca0] Url filter ignored (file name = dwfprn08.dws, type=porno, timestamp=2019-10-27 12:47:03)
[01/11/2024 17:25:31 00001ca0] <DEBUG:1> trying url filter base file: C:\ProgramData\Doctor Web\DWS\dwfprn09.dws
[01/11/2024 17:25:31 00001ca0] <DEBUG:1> TIMER: file C:\ProgramData\Doctor Web\DWS\dwfprn09.dws time 0 ms
[01/11/2024 17:25:31 00001ca0] Url filter ignored (file name = dwfprn09.dws, type=porno, timestamp=2019-10-27 12:46:01)
[01/11/2024 17:25:31 00001ca0] <DEBUG:1> trying url filter base file: C:\ProgramData\Doctor Web\DWS\dwfprn10.dws
[01/11/2024 17:25:31 00001ca0] <DEBUG:1> TIMER: file C:\ProgramData\Doctor Web\DWS\dwfprn10.dws time 0 ms
[01/11/2024 17:25:31 00001ca0] Url filter ignored (file name = dwfprn10.dws, type=porno, timestamp=2019-10-11 03:00:50)
[01/11/2024 17:25:31 00001ca0] <DEBUG:1> trying url filter base file: C:\ProgramData\Doctor Web\DWS\dwfprn11.dws
[01/11/2024 17:25:31 00001ca0] <DEBUG:1> TIMER: file C:\ProgramData\Doctor Web\DWS\dwfprn11.dws time 0 ms
[01/11/2024 17:25:31 00001ca0] Url filter ignored (file name = dwfprn11.dws, type=porno, timestamp=2019-10-10 00:00:51)
[01/11/2024 17:25:31 00001ca0] <DEBUG:1> trying url filter base file: C:\ProgramData\Doctor Web\DWS\dwfprn12.dws
[01/11/2024 17:25:31 00001ca0] <DEBUG:1> TIMER: file C:\ProgramData\Doctor Web\DWS\dwfprn12.dws time 0 ms
[01/11/2024 17:25:31 00001ca0] Url filter ignored (file name = dwfprn12.dws, type=porno, timestamp=2019-10-08 17:00:32)
[01/11/2024 17:25:31 00001ca0] <DEBUG:1> trying url filter base file: C:\ProgramData\Doctor Web\DWS\dwfprn13.dws
[01/11/2024 17:25:31 00001ca0] <DEBUG:1> TIMER: file C:\ProgramData\Doctor Web\DWS\dwfprn13.dws time 0 ms
[01/11/2024 17:25:31 00001ca0] Url filter ignored (file name = dwfprn13.dws, type=porno, timestamp=2019-10-10 03:45:11)
[01/11/2024 17:25:31 00001ca0] <DEBUG:1> trying url filter base file: C:\ProgramData\Doctor Web\DWS\dwfprn14.dws
[01/11/2024 17:25:31 00001ca0] <DEBUG:1> TIMER: file C:\ProgramData\Doctor Web\DWS\dwfprn14.dws time 0 ms
[01/11/2024 17:25:31 00001ca0] Url filter ignored (file name = dwfprn14.dws, type=porno, timestamp=2019-10-09 01:00:37)
[01/11/2024 17:25:31 00001ca0] <DEBUG:1> trying url filter base file: C:\ProgramData\Doctor Web\DWS\dwfprn15.dws
[01/11/2024 17:25:31 00001ca0] <DEBUG:1> TIMER: file C:\ProgramData\Doctor Web\DWS\dwfprn15.dws time 0 ms
[01/11/2024 17:25:31 00001ca0] Url filter ignored (file name = dwfprn15.dws, type=porno, timestamp=2019-10-10 03:46:16)
[01/11/2024 17:25:31 00001ca0] <DEBUG:1> trying url filter base file: C:\ProgramData\Doctor Web\DWS\dwfprn16.dws
[01/11/2024 17:25:31 00001ca0] <DEBUG:1> TIMER: file C:\ProgramData\Doctor Web\DWS\dwfprn16.dws time 0 ms
[01/11/2024 17:25:31 00001ca0] Url filter ignored (file name = dwfprn16.dws, type=porno, timestamp=2019-10-11 03:01:27)
[01/11/2024 17:25:31 00001ca0] <DEBUG:1> trying url filter base file: C:\ProgramData\Doctor Web\DWS\dwfprn17.dws
[01/11/2024 17:25:31 00001ca0] <DEBUG:1> TIMER: file C:\ProgramData\Doctor Web\DWS\dwfprn17.dws time 0 ms
[01/11/2024 17:25:31 00001ca0] Url filter ignored (file name = dwfprn17.dws, type=porno, timestamp=2019-10-11 03:01:53)
[01/11/2024 17:25:31 00001ca0] <DEBUG:1> trying url filter base file: C:\ProgramData\Doctor Web\DWS\dwfprn18.dws
[01/11/2024 17:25:31 00001ca0] <DEBUG:1> TIMER: file C:\ProgramData\Doctor Web\DWS\dwfprn18.dws time 0 ms
[01/11/2024 17:25:31 00001ca0] Url filter ignored (file name = dwfprn18.dws, type=porno, timestamp=2019-10-10 03:45:53)
[01/11/2024 17:25:31 00001ca0] <DEBUG:1> trying url filter base file: C:\ProgramData\Doctor Web\DWS\dwfprn19.dws
[01/11/2024 17:25:31 00001ca0] <DEBUG:1> TIMER: file C:\ProgramData\Doctor Web\DWS\dwfprn19.dws time 0 ms
[01/11/2024 17:25:31 00001ca0] Url filter ignored (file name = dwfprn19.dws, type=porno, timestamp=2019-11-04 09:46:16)
[01/11/2024 17:25:31 00001ca0] <DEBUG:1> trying url filter base file: C:\ProgramData\Doctor Web\DWS\dwfprn20.dws
[01/11/2024 17:25:31 00001ca0] <DEBUG:1> TIMER: file C:\ProgramData\Doctor Web\DWS\dwfprn20.dws time 0 ms
[01/11/2024 17:25:31 00001ca0] Url filter ignored (file name = dwfprn20.dws, type=porno, timestamp=2020-03-22 13:30:29)
[01/11/2024 17:25:31 00001ca0] <DEBUG:1> trying url filter base file: C:\ProgramData\Doctor Web\DWS\dwfprn21.dws
[01/11/2024 17:25:31 00001ca0] <DEBUG:1> TIMER: file C:\ProgramData\Doctor Web\DWS\dwfprn21.dws time 0 ms
[01/11/2024 17:25:31 00001ca0] Url filter ignored (file name = dwfprn21.dws, type=porno, timestamp=2020-08-09 13:15:52)
[01/11/2024 17:25:31 00001ca0] <DEBUG:1> trying url filter base file: C:\ProgramData\Doctor Web\DWS\dwfprn22.dws
[01/11/2024 17:25:31 00001ca0] <DEBUG:1> TIMER: file C:\ProgramData\Doctor Web\DWS\dwfprn22.dws time 0 ms
[01/11/2024 17:25:31 00001ca0] Url filter ignored (file name = dwfprn22.dws, type=porno, timestamp=2020-11-28 12:15:25)
[01/11/2024 17:25:31 00001ca0] <DEBUG:1> trying url filter base file: C:\ProgramData\Doctor Web\DWS\dwfprn_addon.dws
[01/11/2024 17:25:31 00001ca0] <DEBUG:1> TIMER: file C:\ProgramData\Doctor Web\DWS\dwfprn_addon.dws time 0 ms
[01/11/2024 17:25:31 00001ca0] Url filter ignored (file name = dwfprn_addon.dws, type=porno, timestamp=2021-00-05 09:45:03)
[01/11/2024 17:25:31 00001ca0] <DEBUG:1> trying url filter base file: C:\ProgramData\Doctor Web\DWS\dwfscl00.dws
[01/11/2024 17:25:31 00001ca0] <DEBUG:1> TIMER: file C:\ProgramData\Doctor Web\DWS\dwfscl00.dws time 0 ms
[01/11/2024 17:25:31 00001ca0] Url filter ignored (file name = dwfscl00.dws, type=socialnetwork, timestamp=2019-11-23 16:30:23)
[01/11/2024 17:25:31 00001ca0] <DEBUG:1> trying url filter base file: C:\ProgramData\Doctor Web\DWS\dwfscl01.dws
[01/11/2024 17:25:31 00001ca0] <DEBUG:1> TIMER: file C:\ProgramData\Doctor Web\DWS\dwfscl01.dws time 0 ms
[01/11/2024 17:25:31 00001ca0] Url filter ignored (file name = dwfscl01.dws, type=socialnetwork, timestamp=2019-11-23 17:45:23)
[01/11/2024 17:25:31 00001ca0] <DEBUG:1> trying url filter base file: C:\ProgramData\Doctor Web\DWS\dwfscl02.dws
[01/11/2024 17:25:31 00001ca0] <DEBUG:1> TIMER: file C:\ProgramData\Doctor Web\DWS\dwfscl02.dws time 0 ms
[01/11/2024 17:25:31 00001ca0] Url filter ignored (file name = dwfscl02.dws, type=socialnetwork, timestamp=2019-11-23 17:45:28)
[01/11/2024 17:25:31 00001ca0] <DEBUG:1> trying url filter base file: C:\ProgramData\Doctor Web\DWS\dwfscl03.dws
[01/11/2024 17:25:31 00001ca0] <DEBUG:1> TIMER: file C:\ProgramData\Doctor Web\DWS\dwfscl03.dws time 0 ms
[01/11/2024 17:25:31 00001ca0] Url filter ignored (file name = dwfscl03.dws, type=socialnetwork, timestamp=2019-11-23 17:45:33)
[01/11/2024 17:25:31 00001ca0] <DEBUG:1> trying url filter base file: C:\ProgramData\Doctor Web\DWS\dwfscl04.dws
[01/11/2024 17:25:31 00001ca0] <DEBUG:1> TIMER: file C:\ProgramData\Doctor Web\DWS\dwfscl04.dws time 0 ms
[01/11/2024 17:25:31 00001ca0] Url filter ignored (file name = dwfscl04.dws, type=socialnetwork, timestamp=2019-11-23 17:45:16)
[01/11/2024 17:25:31 00001ca0] <DEBUG:1> trying url filter base file: C:\ProgramData\Doctor Web\DWS\dwfscl05.dws
[01/11/2024 17:25:31 00001ca0] <DEBUG:1> TIMER: file C:\ProgramData\Doctor Web\DWS\dwfscl05.dws time 0 ms
[01/11/2024 17:25:31 00001ca0] Url filter ignored (file name = dwfscl05.dws, type=socialnetwork, timestamp=2019-11-24 01:45:24)
[01/11/2024 17:25:31 00001ca0] <DEBUG:1> trying url filter base file: C:\ProgramData\Doctor Web\DWS\dwfscl06.dws
[01/11/2024 17:25:31 00001ca0] <DEBUG:1> TIMER: file C:\ProgramData\Doctor Web\DWS\dwfscl06.dws time 0 ms
[01/11/2024 17:25:31 00001ca0] Url filter ignored (file name = dwfscl06.dws, type=socialnetwork, timestamp=2019-11-24 01:45:33)
[01/11/2024 17:25:31 00001ca0] <DEBUG:1> trying url filter base file: C:\ProgramData\Doctor Web\DWS\dwfscl07.dws
[01/11/2024 17:25:31 00001ca0] <DEBUG:1> TIMER: file C:\ProgramData\Doctor Web\DWS\dwfscl07.dws time 0 ms
[01/11/2024 17:25:31 00001ca0] Url filter ignored (file name = dwfscl07.dws, type=socialnetwork, timestamp=2019-11-24 01:45:18)
[01/11/2024 17:25:31 00001ca0] <DEBUG:1> trying url filter base file: C:\ProgramData\Doctor Web\DWS\dwfscl08.dws
[01/11/2024 17:25:31 00001ca0] <DEBUG:1> TIMER: file C:\ProgramData\Doctor Web\DWS\dwfscl08.dws time 0 ms
[01/11/2024 17:25:31 00001ca0] Url filter ignored (file name = dwfscl08.dws, type=socialnetwork, timestamp=2019-11-24 01:45:41)
[01/11/2024 17:25:31 00001ca0] <DEBUG:1> trying url filter base file: C:\ProgramData\Doctor Web\DWS\dwfscl09.dws
[01/11/2024 17:25:31 00001ca0] <DEBUG:1> TIMER: file C:\ProgramData\Doctor Web\DWS\dwfscl09.dws time 0 ms
[01/11/2024 17:25:31 00001ca0] Url filter ignored (file name = dwfscl09.dws, type=socialnetwork, timestamp=2019-11-24 01:45:27)
[01/11/2024 17:25:31 00001ca0] <DEBUG:1> trying url filter base file: C:\ProgramData\Doctor Web\DWS\dwfscl10.dws
[01/11/2024 17:25:31 00001ca0] <DEBUG:1> TIMER: file C:\ProgramData\Doctor Web\DWS\dwfscl10.dws time 0 ms
[01/11/2024 17:25:31 00001ca0] Url filter ignored (file name = dwfscl10.dws, type=socialnetwork, timestamp=2019-11-24 01:45:51)
[01/11/2024 17:25:31 00001ca0] <DEBUG:1> trying url filter base file: C:\ProgramData\Doctor Web\DWS\dwfscl11.dws
[01/11/2024 17:25:31 00001ca0] <DEBUG:1> TIMER: file C:\ProgramData\Doctor Web\DWS\dwfscl11.dws time 0 ms
[01/11/2024 17:25:31 00001ca0] Url filter ignored (file name = dwfscl11.dws, type=socialnetwork, timestamp=2019-11-24 12:15:16)
[01/11/2024 17:25:31 00001ca0] <DEBUG:1> trying url filter base file: C:\ProgramData\Doctor Web\DWS\dwfscl12.dws
[01/11/2024 17:25:31 00001ca0] <DEBUG:1> TIMER: file C:\ProgramData\Doctor Web\DWS\dwfscl12.dws time 0 ms
[01/11/2024 17:25:31 00001ca0] Url filter ignored (file name = dwfscl12.dws, type=socialnetwork, timestamp=2019-11-24 12:15:23)
[01/11/2024 17:25:31 00001ca0] <DEBUG:1> trying url filter base file: C:\ProgramData\Doctor Web\DWS\dwfscl13.dws
[01/11/2024 17:25:31 00001ca0] <DEBUG:1> TIMER: file C:\ProgramData\Doctor Web\DWS\dwfscl13.dws time 0 ms
[01/11/2024 17:25:31 00001ca0] Url filter ignored (file name = dwfscl13.dws, type=socialnetwork, timestamp=2019-11-24 18:15:39)
[01/11/2024 17:25:31 00001ca0] <DEBUG:1> trying url filter base file: C:\ProgramData\Doctor Web\DWS\dwfscl14.dws
[01/11/2024 17:25:31 00001ca0] <DEBUG:1> TIMER: file C:\ProgramData\Doctor Web\DWS\dwfscl14.dws time 0 ms
[01/11/2024 17:25:31 00001ca0] Url filter ignored (file name = dwfscl14.dws, type=socialnetwork, timestamp=2019-11-24 19:15:36)
[01/11/2024 17:25:31 00001ca0] <DEBUG:1> trying url filter base file: C:\ProgramData\Doctor Web\DWS\dwfscl15.dws
[01/11/2024 17:25:31 00001ca0] <DEBUG:1> TIMER: file C:\ProgramData\Doctor Web\DWS\dwfscl15.dws time 0 ms
[01/11/2024 17:25:31 00001ca0] Url filter ignored (file name = dwfscl15.dws, type=socialnetwork, timestamp=2021-00-05 09:15:05)
[01/11/2024 17:25:31 00001ca0] <DEBUG:1> trying url filter base file: C:\ProgramData\Doctor Web\DWS\dwfter00.dws
[01/11/2024 17:25:31 00001ca0] <DEBUG:1> TIMER: file C:\ProgramData\Doctor Web\DWS\dwfter00.dws time 0 ms
[01/11/2024 17:25:31 00001ca0] Url filter ignored (file name = dwfter00.dws, type=terrorism, timestamp=2019-04-20 17:15:14)
[01/11/2024 17:25:31 00001ca0] <DEBUG:1> trying url filter base file: C:\ProgramData\Doctor Web\DWS\dwfvln00.dws
[01/11/2024 17:25:31 00001ca0] <DEBUG:1> TIMER: file C:\ProgramData\Doctor Web\DWS\dwfvln00.dws time 0 ms
[01/11/2024 17:25:31 00001ca0] Url filter ignored (file name = dwfvln00.dws, type=violence, timestamp=2011-11-01 09:31:02)
[01/11/2024 17:25:31 00001ca0] <DEBUG:1> trying url filter base file: C:\ProgramData\Doctor Web\DWS\dwfvln01.dws
[01/11/2024 17:25:31 00001ca0] <DEBUG:1> TIMER: file C:\ProgramData\Doctor Web\DWS\dwfvln01.dws time 0 ms
[01/11/2024 17:25:31 00001ca0] Url filter ignored (file name = dwfvln01.dws, type=violence, timestamp=2020-09-26 16:15:04)
[01/11/2024 17:25:31 00001ca0] <DEBUG:1> trying url filter base file: C:\ProgramData\Doctor Web\DWS\dwfwpn00.dws
[01/11/2024 17:25:31 00001ca0] <DEBUG:1> TIMER: file C:\ProgramData\Doctor Web\DWS\dwfwpn00.dws time 0 ms
[01/11/2024 17:25:31 00001ca0] Url filter ignored (file name = dwfwpn00.dws, type=weapon, timestamp=2020-09-26 16:15:05)
[01/11/2024 17:25:31 00001ca0] <DEBUG:1> trying url filter base file: C:\ProgramData\Doctor Web\DWS\white_dwfanonym.dws
[01/11/2024 17:25:31 00001ca0] <DEBUG:1> TIMER: file C:\ProgramData\Doctor Web\DWS\white_dwfanonym.dws time 0 ms
[01/11/2024 17:25:31 00001ca0] Url filter ignored (file name = white_dwfanonym.dws, type=whitelist_anonymizer, timestamp=2019-03-22 18:15:06)
[01/11/2024 17:25:31 00001ca0] <DEBUG:1> trying url filter base file: C:\ProgramData\Doctor Web\DWS\white_dwfcht.dws
[01/11/2024 17:25:31 00001ca0] <DEBUG:1> TIMER: file C:\ProgramData\Doctor Web\DWS\white_dwfcht.dws time 0 ms
[01/11/2024 17:25:31 00001ca0] Url filter ignored (file name = white_dwfcht.dws, type=whitelist_chats, timestamp=2019-03-22 18:15:06)
[01/11/2024 17:25:31 00001ca0] <DEBUG:1> trying url filter base file: C:\ProgramData\Doctor Web\DWS\white_dwfdrg.dws
[01/11/2024 17:25:31 00001ca0] <DEBUG:1> TIMER: file C:\ProgramData\Doctor Web\DWS\white_dwfdrg.dws time 0 ms
[01/11/2024 17:25:31 00001ca0] Url filter ignored (file name = white_dwfdrg.dws, type=whitelist_drugs, timestamp=2020-07-04 07:15:14)
[01/11/2024 17:25:31 00001ca0] <DEBUG:1> trying url filter base file: C:\ProgramData\Doctor Web\DWS\white_dwfeml.dws
[01/11/2024 17:25:31 00001ca0] <DEBUG:1> TIMER: file C:\ProgramData\Doctor Web\DWS\white_dwfeml.dws time 0 ms
[01/11/2024 17:25:31 00001ca0] Url filter ignored (file name = white_dwfeml.dws, type=whitelist_e-mail, timestamp=2019-03-22 18:15:06)
[01/11/2024 17:25:31 00001ca0] <DEBUG:1> trying url filter base file: C:\ProgramData\Doctor Web\DWS\white_dwffse.dws
[01/11/2024 17:25:31 00001ca0] <DEBUG:1> TIMER: file C:\ProgramData\Doctor Web\DWS\white_dwffse.dws time 0 ms
[01/11/2024 17:25:31 00001ca0] Url exclude filter loaded (file name = white_dwffse.dws, type=whitelist_social_engineering, timestamp=2021-00-06 07:00:59)
[01/11/2024 17:25:31 00001ca0] <DEBUG:1> trying url filter base file: C:\ProgramData\Doctor Web\DWS\white_dwfgml.dws
[01/11/2024 17:25:31 00001ca0] <DEBUG:1> TIMER: file C:\ProgramData\Doctor Web\DWS\white_dwfgml.dws time 0 ms
[01/11/2024 17:25:31 00001ca0] Url filter ignored (file name = white_dwfgml.dws, type=whitelist_gamble, timestamp=2020-11-22 10:00:14)
[01/11/2024 17:25:31 00001ca0] <DEBUG:1> trying url filter base file: C:\ProgramData\Doctor Web\DWS\white_dwfminers.dws
[01/11/2024 17:25:31 00001ca0] <DEBUG:1> TIMER: file C:\ProgramData\Doctor Web\DWS\white_dwfminers.dws time 0 ms
[01/11/2024 17:25:31 00001ca0] Url filter ignored (file name = white_dwfminers.dws, type=whitelist_miners, timestamp=2018-04-31 07:00:08)
[01/11/2024 17:25:31 00001ca0] <DEBUG:1> trying url filter base file: C:\ProgramData\Doctor Web\DWS\white_dwfmlw.dws
[01/11/2024 17:25:31 00001ca0] <DEBUG:1> TIMER: file C:\ProgramData\Doctor Web\DWS\white_dwfmlw.dws time 0 ms
[01/11/2024 17:25:31 00001ca0] Url exclude filter loaded (file name = white_dwfmlw.dws, type=whitelist_malware, timestamp=2021-00-05 07:30:52)
[01/11/2024 17:25:31 00001ca0] <DEBUG:1> trying url filter base file: C:\ProgramData\Doctor Web\DWS\white_dwfobs.dws
[01/11/2024 17:25:31 00001ca0] <DEBUG:1> TIMER: file C:\ProgramData\Doctor Web\DWS\white_dwfobs.dws time 0 ms
[01/11/2024 17:25:31 00001ca0] Url filter ignored (file name = white_dwfobs.dws, type=whitelist_obscenity, timestamp=2019-03-22 18:15:06)
[01/11/2024 17:25:31 00001ca0] <DEBUG:1> trying url filter base file: C:\ProgramData\Doctor Web\DWS\white_dwfogm.dws
[01/11/2024 17:25:31 00001ca0] <DEBUG:1> TIMER: file C:\ProgramData\Doctor Web\DWS\white_dwfogm.dws time 0 ms
[01/11/2024 17:25:31 00001ca0] Url filter ignored (file name = white_dwfogm.dws, type=whitelist_online_games, timestamp=2019-03-22 18:15:06)
[01/11/2024 17:25:31 00001ca0] <DEBUG:1> trying url filter base file: C:\ProgramData\Doctor Web\DWS\white_dwfprc.dws
[01/11/2024 17:25:31 00001ca0] <DEBUG:1> TIMER: file C:\ProgramData\Doctor Web\DWS\white_dwfprc.dws time 0 ms
[01/11/2024 17:25:31 00001ca0] Url exclude filter loaded (file name = white_dwfprc.dws, type=whitelist_piracy, timestamp=2020-09-29 07:45:21)
[01/11/2024 17:25:31 00001ca0] <DEBUG:1> trying url filter base file: C:\ProgramData\Doctor Web\DWS\white_dwfprn.dws
[01/11/2024 17:25:31 00001ca0] <DEBUG:1> TIMER: file C:\ProgramData\Doctor Web\DWS\white_dwfprn.dws time 0 ms
[01/11/2024 17:25:31 00001ca0] Url filter ignored (file name = white_dwfprn.dws, type=whitelist_porno, timestamp=2020-11-29 07:00:03)
[01/11/2024 17:25:31 00001ca0] <DEBUG:1> trying url filter base file: C:\ProgramData\Doctor Web\DWS\white_dwfscl.dws
[01/11/2024 17:25:31 00001ca0] <DEBUG:1> TIMER: file C:\ProgramData\Doctor Web\DWS\white_dwfscl.dws time 0 ms
[01/11/2024 17:25:31 00001ca0] Url filter ignored (file name = white_dwfscl.dws, type=whitelist_socialnetwork, timestamp=2020-09-25 08:00:04)
[01/11/2024 17:25:31 00001ca0] <DEBUG:1> trying url filter base file: C:\ProgramData\Doctor Web\DWS\white_dwfter.dws
[01/11/2024 17:25:31 00001ca0] <DEBUG:1> TIMER: file C:\ProgramData\Doctor Web\DWS\white_dwfter.dws time 0 ms
[01/11/2024 17:25:31 00001ca0] Url filter ignored (file name = white_dwfter.dws, type=whitelist_terrorism, timestamp=2019-03-22 18:15:06)
[01/11/2024 17:25:31 00001ca0] <DEBUG:1> trying url filter base file: C:\ProgramData\Doctor Web\DWS\white_dwfvln.dws
[01/11/2024 17:25:31 00001ca0] <DEBUG:1> TIMER: file C:\ProgramData\Doctor Web\DWS\white_dwfvln.dws time 0 ms
[01/11/2024 17:25:31 00001ca0] Url filter ignored (file name = white_dwfvln.dws, type=whitelist_violence, timestamp=2019-03-22 18:15:06)
[01/11/2024 17:25:31 00001ca0] <DEBUG:1> trying url filter base file: C:\ProgramData\Doctor Web\DWS\white_dwfwpn.dws
[01/11/2024 17:25:31 00001ca0] <DEBUG:1> TIMER: file C:\ProgramData\Doctor Web\DWS\white_dwfwpn.dws time 0 ms
[01/11/2024 17:25:31 00001ca0] Url filter ignored (file name = white_dwfwpn.dws, type=whitelist_weapon, timestamp=2020-04-29 07:15:04)
[01/11/2024 17:25:31 00001ca0] <DEBUG:1> TIMER: total 18 ms loading 9 ms
[01/11/2024 17:25:56 0000225c] <DEBUG:1> Config update 00000000 00000000
[01/11/2024 17:25:56 0000225c] LogLevelMail = 1
[01/11/2024 17:25:56 0000225c] LogLevelHttp = 1
[01/11/2024 17:25:56 0000225c] CheckIncoming = Yes
[01/11/2024 17:25:56 0000225c] CheckOutgoing = No
[01/11/2024 17:25:56 0000225c] CheckArchives = No
[01/11/2024 17:25:56 0000225c] CheckContainners = No
[01/11/2024 17:25:56 0000225c] CheckIM = Yes
[01/11/2024 17:25:56 0000225c] SpeedBalance = 125
[01/11/2024 17:25:56 0000225c] BlockMalwareUrls = Yes
[01/11/2024 17:25:56 0000225c] BlockScamAndFraud = Yes
[01/11/2024 17:25:56 0000225c] BlockPiracy = Yes
[01/11/2024 17:25:56 0000225c] BlockAdware = Yes
[01/11/2024 17:25:56 0000225c] BlockDialers = Yes
[01/11/2024 17:25:56 0000225c] BlockRiskware = No
[01/11/2024 17:25:56 0000225c] BlockHacktools = No
[01/11/2024 17:25:56 0000225c] BlockJokes = No
[01/11/2024 17:25:56 0000225c] BlockSuspicious = Yes
[01/11/2024 17:25:56 0000225c] BlockNotChecked = No
[01/11/2024 17:25:56 0000225c] BlockMalformed = No
[01/11/2024 17:25:56 0000225c] ProxyPort = 0
[01/11/2024 17:25:56 0000225c] ChainProxyAddr = ""
[01/11/2024 17:25:56 0000225c] ChainProxyPort = 0
[01/11/2024 17:25:56 0000225c] QueryDNSWhenProxy = Yes
[01/11/2024 17:25:56 0000225c] UrlFilter = No
[01/11/2024 17:25:56 0000225c] BlockSites = No
[01/11/2024 17:25:56 0000225c] SafeSearch = Yes
[01/11/2024 17:25:56 0000225c] ProfileEnabled = Yes
[01/11/2024 17:25:56 0000225c] OfficeControl = No
[01/11/2024 17:25:56 0000225c] LngFileName = ""
[01/11/2024 17:25:56 0000225c] ParentalControlInstalled = Yes
[01/11/2024 17:25:56 0000225c] ActionInfected = 1
[01/11/2024 17:25:56 0000225c] ActionIncurable = 2
[01/11/2024 17:25:56 0000225c] ActionSuspicious = 2
[01/11/2024 17:25:56 0000225c] ActionNotChecked = 8
[01/11/2024 17:25:56 0000225c] ActionMalformed = 8
[01/11/2024 17:25:56 0000225c] ActionAdware = 2
[01/11/2024 17:25:56 0000225c] ActionDialers = 2
[01/11/2024 17:25:56 0000225c] ActionRiskware = 8
[01/11/2024 17:25:56 0000225c] ActionHacktools = 8
[01/11/2024 17:25:56 0000225c] ActionJokes = 8
[01/11/2024 17:25:56 0000225c] HeuristicAnalysis = Yes
[01/11/2024 17:25:56 0000225c] VirusActivityControl = Yes
[01/11/2024 17:25:56 0000225c] CheckArchivesMail = No
[01/11/2024 17:25:56 0000225c] CheckContainersMail = No
[01/11/2024 17:25:56 0000225c] InsertXAntiVirus = Yes
[01/11/2024 17:25:56 0000225c] DeleteMessagesOnServer = No
[01/11/2024 17:25:56 0000225c] MessageScanTimeout = 250
[01/11/2024 17:25:56 0000225c] MaxFileSizeToExtract = 30720
[01/11/2024 17:25:56 0000225c] MaxCompressionRatio = 0
[01/11/2024 17:25:56 0000225c] MaxArchiveLevel = 64
[01/11/2024 17:25:56 0000225c] CheckSpam = Yes
[01/11/2024 17:25:56 0000225c] SpamAllowCyrillic = Yes
[01/11/2024 17:25:56 0000225c] SpamAllowCJK = Yes
[01/11/2024 17:25:56 0000225c] AddSpamSubj = Yes
[01/11/2024 17:25:56 0000225c] SpamSubj = "[SPAM]"
[01/11/2024 17:25:56 0000225c] SSL = No
[01/11/2024 17:25:56 0000225c] CertificateSubject = "0 Dr.Web for Windows"
[01/11/2024 17:25:56 0000225c] CertificateHash = ""
[01/11/2024 17:25:56 0000225c] UseProfiles = Yes
[01/11/2024 17:25:56 0000225c] Parental Control profiles = 0
[01/11/2024 17:25:56 0000225c]     SID = ""
[01/11/2024 17:25:56 0000225c]         UrlFilter = No
[01/11/2024 17:25:56 0000225c]         BlockSites = No
[01/11/2024 17:25:56 0000225c]         SafeSearch = Yes
[01/11/2024 17:25:56 0000225c]         ProfileEnabled = Yes
[01/11/2024 17:25:56 0000225c]         \settings\ParentalControl\BlockPorno = Yes
[01/11/2024 17:25:56 0000225c]         \settings\ParentalControl\BlockViolence = Yes
[01/11/2024 17:25:56 0000225c]         \settings\ParentalControl\BlockWeapon = Yes
[01/11/2024 17:25:56 0000225c]         \settings\ParentalControl\BlockGamble = Yes
[01/11/2024 17:25:56 0000225c]         \settings\ParentalControl\BlockDrugs = Yes
[01/11/2024 17:25:56 0000225c]         \settings\ParentalControl\BlockObscenity = Yes
[01/11/2024 17:25:56 0000225c]         \settings\ParentalControl\BlockChats = No
[01/11/2024 17:25:56 0000225c]         \settings\ParentalControl\BlockTerrorism = Yes
[01/11/2024 17:25:56 0000225c]         \settings\ParentalControl\BlockE_Mail = No
[01/11/2024 17:25:56 0000225c]         \settings\ParentalControl\BlockSocialNetwork = No
[01/11/2024 17:25:56 0000225c]         \settings\ParentalControl\BlockOnlineGames = No
[01/11/2024 17:25:56 0000225c]         \settings\ParentalControl\BlockAnonymizers = No
[01/11/2024 17:25:56 0000225c]         \settings\ParentalControl\BlockMiners = No
[01/11/2024 17:25:56 0000225c]         ProfileAccessMode = 0
[01/11/2024 17:25:56 0000225c]         InternetAccess[sun] = "111111111111111111111111111111111111111111111111"
[01/11/2024 17:25:56 0000225c]         InternetAccess[mon] = "111111111111111111111111111111111111111111111111"
[01/11/2024 17:25:56 0000225c]         InternetAccess[tue] = "111111111111111111111111111111111111111111111111"
[01/11/2024 17:25:56 0000225c]         InternetAccess[wed] = "111111111111111111111111111111111111111111111111"
[01/11/2024 17:25:56 0000225c]         InternetAccess[thu] = "111111111111111111111111111111111111111111111111"
[01/11/2024 17:25:56 0000225c]         InternetAccess[fri] = "111111111111111111111111111111111111111111111111"
[01/11/2024 17:25:56 0000225c]         InternetAccess[sat] = "111111111111111111111111111111111111111111111111"
[01/11/2024 17:25:56 0000225c]         LogonAccess[sun] = "111111111111111111111111111111111111111111111111"
[01/11/2024 17:25:56 0000225c]         LogonAccess[mon] = "111111111111111111111111111111111111111111111111"
[01/11/2024 17:25:56 0000225c]         LogonAccess[tue] = "111111111111111111111111111111111111111111111111"
[01/11/2024 17:25:56 0000225c]         LogonAccess[wed] = "111111111111111111111111111111111111111111111111"
[01/11/2024 17:25:56 0000225c]         LogonAccess[thu] = "111111111111111111111111111111111111111111111111"
[01/11/2024 17:25:56 0000225c]         LogonAccess[fri] = "111111111111111111111111111111111111111111111111"
[01/11/2024 17:25:56 0000225c]         LogonAccess[sat] = "111111111111111111111111111111111111111111111111"
[01/11/2024 17:25:56 0000225c]         DayLimitWorkdays.enabled = No
[01/11/2024 17:25:56 0000225c]         DayLimitWorkdays.limit = 10800
[01/11/2024 17:25:56 0000225c]         DayLimitWeekend.enabled = No
[01/11/2024 17:25:56 0000225c]         DayLimitWeekend.limit = 10800
[01/11/2024 17:25:56 0000225c]         NightLimitWorkdays.enabled = No
[01/11/2024 17:25:56 0000225c]         NightLimitWorkdays.start = 82800
[01/11/2024 17:25:56 0000225c]         NightLimitWorkdays.end = 25200
[01/11/2024 17:25:56 0000225c]         NightLimitWeekend.enabled = No
[01/11/2024 17:25:56 0000225c]         NightLimitWeekend.start = 82800
[01/11/2024 17:25:56 0000225c]         NightLimitWeekend.end = 25200
[01/11/2024 17:25:56 0000225c] UseCloud = Yes
[01/11/2024 17:25:56 0000225c] SpiderMail is enabled, license not found
[01/11/2024 17:25:56 0000225c] SpiderGate is enabled, license not found
[01/11/2024 17:25:56 0000225c] ParentalControl is enabled
[01/11/2024 17:25:56 0000225c] Antispam license not found
[01/11/2024 17:30:49 00001028] Service shutdown received
[01/11/2024 17:30:49 00001858] <DEBUG:1> Managed shutdown started.
[01/11/2024 17:30:49 00001858] <DEBUG:1> Closing driver accept threads...
[01/11/2024 17:30:49 00001858] <DEBUG:1> Closing connections...
[01/11/2024 17:30:49 00001858] <DEBUG:1> Detaching config...
[01/11/2024 17:30:50 00001858] <DEBUG:1> Reporting service as stopped...
[01/11/2024 17:30:50 00001858] <DEBUG:1> Managed shutdown completed. Global objects are to be destroyed.

=============================================================================
DrWeb Net Filtering Service for Windows Workstations v11.5.4.02210
Copyright (c) Doctor Web, Ltd., 1992-2020
Operating System: Windows 10 Starter x64/native (Build 19045)
Command line: "C:\Program Files\DrWeb\dwnetfilter.exe" --ats
=============================================================================
[01/11/2024 17:31:28 00001070] WFP driver i0.0 v11.1.10.09130
[01/11/2024 17:31:28 00001070] WFP server created
[01/11/2024 17:31:28 00001078] Service: new standalone
[01/11/2024 17:31:28 00001070] <DEBUG:1> Config update 00000019 00000045
[01/11/2024 17:31:28 00001070] LogLevelMail = 1
[01/11/2024 17:31:28 00001070] LogLevelHttp = 1
[01/11/2024 17:31:28 00001070] CheckIncoming = Yes
[01/11/2024 17:31:28 00001070] CheckOutgoing = No
[01/11/2024 17:31:28 00001070] CheckArchives = No
[01/11/2024 17:31:28 00001070] CheckContainners = No
[01/11/2024 17:31:28 00001070] CheckIM = Yes
[01/11/2024 17:31:28 00001070] SpeedBalance = 125
[01/11/2024 17:31:28 00001070] BlockMalwareUrls = Yes
[01/11/2024 17:31:28 00001070] BlockScamAndFraud = Yes
[01/11/2024 17:31:28 00001070] BlockPiracy = Yes
[01/11/2024 17:31:28 00001070] BlockAdware = Yes
[01/11/2024 17:31:28 00001070] BlockDialers = Yes
[01/11/2024 17:31:28 00001070] BlockRiskware = No
[01/11/2024 17:31:28 00001070] BlockHacktools = No
[01/11/2024 17:31:28 00001070] BlockJokes = No
[01/11/2024 17:31:28 00001070] BlockSuspicious = Yes
[01/11/2024 17:31:28 00001070] BlockNotChecked = No
[01/11/2024 17:31:28 00001070] BlockMalformed = No
[01/11/2024 17:31:28 00001070] ProxyPort = 0
[01/11/2024 17:31:28 00001070] ChainProxyAddr = ""
[01/11/2024 17:31:28 00001070] ChainProxyPort = 0
[01/11/2024 17:31:28 00001070] QueryDNSWhenProxy = Yes
[01/11/2024 17:31:28 00001070] UrlFilter = No
[01/11/2024 17:31:28 00001070] BlockSites = No
[01/11/2024 17:31:28 00001070] SafeSearch = Yes
[01/11/2024 17:31:28 00001070] ProfileEnabled = Yes
[01/11/2024 17:31:28 00001070] OfficeControl = No
[01/11/2024 17:31:28 00001070] LngFileName = "ru-drweb.dwl"
[01/11/2024 17:31:28 00001070] ParentalControlInstalled = Yes
[01/11/2024 17:31:28 00001070] ActionInfected = 1
[01/11/2024 17:31:28 00001070] ActionIncurable = 2
[01/11/2024 17:31:28 00001070] ActionSuspicious = 2
[01/11/2024 17:31:28 00001070] ActionNotChecked = 8
[01/11/2024 17:31:28 00001070] ActionMalformed = 8
[01/11/2024 17:31:28 00001070] ActionAdware = 2
[01/11/2024 17:31:28 00001070] ActionDialers = 2
[01/11/2024 17:31:28 00001070] ActionRiskware = 8
[01/11/2024 17:31:28 00001070] ActionHacktools = 8
[01/11/2024 17:31:28 00001070] ActionJokes = 8
[01/11/2024 17:31:28 00001070] HeuristicAnalysis = Yes
[01/11/2024 17:31:28 00001070] VirusActivityControl = Yes
[01/11/2024 17:31:28 00001070] CheckArchivesMail = No
[01/11/2024 17:31:28 00001070] CheckContainersMail = No
[01/11/2024 17:31:28 00001070] InsertXAntiVirus = Yes
[01/11/2024 17:31:28 00001070] DeleteMessagesOnServer = No
[01/11/2024 17:31:28 00001070] MessageScanTimeout = 250
[01/11/2024 17:31:28 00001070] MaxFileSizeToExtract = 30720
[01/11/2024 17:31:28 00001070] MaxCompressionRatio = 0
[01/11/2024 17:31:28 00001070] MaxArchiveLevel = 64
[01/11/2024 17:31:28 00001070] CheckSpam = Yes
[01/11/2024 17:31:28 00001070] SpamAllowCyrillic = Yes
[01/11/2024 17:31:28 00001070] SpamAllowCJK = Yes
[01/11/2024 17:31:28 00001070] AddSpamSubj = Yes
[01/11/2024 17:31:28 00001070] SpamSubj = "[SPAM]"
[01/11/2024 17:31:28 00001070] SSL = No
[01/11/2024 17:31:28 00001070] CertificateSubject = "0 Dr.Web for Windows"
[01/11/2024 17:31:28 00001070] CertificateHash = ""
[01/11/2024 17:31:28 00001070] UseProfiles = Yes
[01/11/2024 17:31:28 00001070] Parental Control profiles = 0
[01/11/2024 17:31:28 00001070]     SID = ""
[01/11/2024 17:31:28 00001070]         UrlFilter = No
[01/11/2024 17:31:28 00001070]         BlockSites = No
[01/11/2024 17:31:28 00001070]         SafeSearch = Yes
[01/11/2024 17:31:28 00001070]         ProfileEnabled = Yes
[01/11/2024 17:31:28 00001070]         \settings\ParentalControl\BlockPorno = Yes
[01/11/2024 17:31:28 00001070]         \settings\ParentalControl\BlockViolence = Yes
[01/11/2024 17:31:28 00001070]         \settings\ParentalControl\BlockWeapon = Yes
[01/11/2024 17:31:28 00001070]         \settings\ParentalControl\BlockGamble = Yes
[01/11/2024 17:31:28 00001070]         \settings\ParentalControl\BlockDrugs = Yes
[01/11/2024 17:31:28 00001070]         \settings\ParentalControl\BlockObscenity = Yes
[01/11/2024 17:31:28 00001070]         \settings\ParentalControl\BlockChats = No
[01/11/2024 17:31:28 00001070]         \settings\ParentalControl\BlockTerrorism = Yes
[01/11/2024 17:31:28 00001070]         \settings\ParentalControl\BlockE_Mail = No
[01/11/2024 17:31:28 00001070]         \settings\ParentalControl\BlockSocialNetwork = No
[01/11/2024 17:31:28 00001070]         \settings\ParentalControl\BlockOnlineGames = No
[01/11/2024 17:31:28 00001070]         \settings\ParentalControl\BlockAnonymizers = No
[01/11/2024 17:31:28 00001070]         \settings\ParentalControl\BlockMiners = No
[01/11/2024 17:31:28 00001070]         ProfileAccessMode = 0
[01/11/2024 17:31:28 00001070]         InternetAccess[sun] = "111111111111111111111111111111111111111111111111"
[01/11/2024 17:31:28 00001070]         InternetAccess[mon] = "111111111111111111111111111111111111111111111111"
[01/11/2024 17:31:28 00001070]         InternetAccess[tue] = "111111111111111111111111111111111111111111111111"
[01/11/2024 17:31:28 00001070]         InternetAccess[wed] = "111111111111111111111111111111111111111111111111"
[01/11/2024 17:31:28 00001070]         InternetAccess[thu] = "111111111111111111111111111111111111111111111111"
[01/11/2024 17:31:28 00001070]         InternetAccess[fri] = "111111111111111111111111111111111111111111111111"
[01/11/2024 17:31:28 00001070]         InternetAccess[sat] = "111111111111111111111111111111111111111111111111"
[01/11/2024 17:31:28 00001070]         LogonAccess[sun] = "111111111111111111111111111111111111111111111111"
[01/11/2024 17:31:28 00001070]         LogonAccess[mon] = "111111111111111111111111111111111111111111111111"
[01/11/2024 17:31:28 00001070]         LogonAccess[tue] = "111111111111111111111111111111111111111111111111"
[01/11/2024 17:31:28 00001070]         LogonAccess[wed] = "111111111111111111111111111111111111111111111111"
[01/11/2024 17:31:28 00001070]         LogonAccess[thu] = "111111111111111111111111111111111111111111111111"
[01/11/2024 17:31:28 00001070]         LogonAccess[fri] = "111111111111111111111111111111111111111111111111"
[01/11/2024 17:31:28 00001070]         LogonAccess[sat] = "111111111111111111111111111111111111111111111111"
[01/11/2024 17:31:28 00001070]         DayLimitWorkdays.enabled = No
[01/11/2024 17:31:28 00001070]         DayLimitWorkdays.limit = 10800
[01/11/2024 17:31:28 00001070]         DayLimitWeekend.enabled = No
[01/11/2024 17:31:28 00001070]         DayLimitWeekend.limit = 10800
[01/11/2024 17:31:28 00001070]         NightLimitWorkdays.enabled = No
[01/11/2024 17:31:28 00001070]         NightLimitWorkdays.start = 82800
[01/11/2024 17:31:28 00001070]         NightLimitWorkdays.end = 25200
[01/11/2024 17:31:28 00001070]         NightLimitWeekend.enabled = No
[01/11/2024 17:31:28 00001070]         NightLimitWeekend.start = 82800
[01/11/2024 17:31:28 00001070]         NightLimitWeekend.end = 25200
[01/11/2024 17:31:28 00001070] UseCloud = Yes
[01/11/2024 17:31:28 00001070] SpiderMail is enabled, license not found
[01/11/2024 17:31:28 00001070] SpiderGate is enabled, license not found
[01/11/2024 17:31:28 00001070] ParentalControl is enabled
[01/11/2024 17:31:28 00001070] Antispam license not found
[01/11/2024 17:31:28 00001064] Loading the predefined URL-filter lists from C:\ProgramData\Doctor Web\DWS\
[01/11/2024 17:31:28 00001064] <DEBUG:1> trying url filter base file: C:\ProgramData\Doctor Web\DWS\dwfanonym00.dws
[01/11/2024 17:31:28 00001064] <DEBUG:1> TIMER: file C:\ProgramData\Doctor Web\DWS\dwfanonym00.dws time 1 ms
[01/11/2024 17:31:28 00001064] Url filter ignored (file name = dwfanonym00.dws, type=anonymizer, timestamp=2020-07-07 15:45:23)
[01/11/2024 17:31:28 00001064] <DEBUG:1> trying url filter base file: C:\ProgramData\Doctor Web\DWS\dwfcht00.dws
[01/11/2024 17:31:28 00001064] <DEBUG:1> TIMER: file C:\ProgramData\Doctor Web\DWS\dwfcht00.dws time 0 ms
[01/11/2024 17:31:28 00001064] Url filter ignored (file name = dwfcht00.dws, type=chats, timestamp=2020-11-23 13:00:08)
[01/11/2024 17:31:28 00001064] <DEBUG:1> trying url filter base file: C:\ProgramData\Doctor Web\DWS\dwfdrg00.dws
[01/11/2024 17:31:28 00001064] <DEBUG:1> TIMER: file C:\ProgramData\Doctor Web\DWS\dwfdrg00.dws time 1 ms
[01/11/2024 17:31:28 00001064] Url filter ignored (file name = dwfdrg00.dws, type=drugs, timestamp=2020-11-29 10:30:30)
[01/11/2024 17:31:28 00001064] <DEBUG:1> trying url filter base file: C:\ProgramData\Doctor Web\DWS\dwfeml00.dws
[01/11/2024 17:31:28 00001064] <DEBUG:1> TIMER: file C:\ProgramData\Doctor Web\DWS\dwfeml00.dws time 0 ms
[01/11/2024 17:31:28 00001064] Url filter ignored (file name = dwfeml00.dws, type=e-mail, timestamp=2018-11-29 07:02:12)
[01/11/2024 17:31:28 00001064] <DEBUG:1> trying url filter base file: C:\ProgramData\Doctor Web\DWS\dwffse00.dws
[01/11/2024 17:31:28 00001064] <DEBUG:1> TIMER: file C:\ProgramData\Doctor Web\DWS\dwffse00.dws time 0 ms
[01/11/2024 17:31:28 00001064] Url filter loaded (file name = dwffse00.dws, type=social_engineering, timestamp=2019-11-24 19:30:31)
[01/11/2024 17:31:28 00001064] <DEBUG:1> trying url filter base file: C:\ProgramData\Doctor Web\DWS\dwffse01.dws
[01/11/2024 17:31:28 00001064] <DEBUG:1> TIMER: file C:\ProgramData\Doctor Web\DWS\dwffse01.dws time 1 ms
[01/11/2024 17:31:28 00001064] Url filter loaded (file name = dwffse01.dws, type=social_engineering, timestamp=2020-10-18 14:49:43)
[01/11/2024 17:31:28 00001064] <DEBUG:1> trying url filter base file: C:\ProgramData\Doctor Web\DWS\dwffse02.dws
[01/11/2024 17:31:28 00001064] <DEBUG:1> TIMER: file C:\ProgramData\Doctor Web\DWS\dwffse02.dws time 0 ms
[01/11/2024 17:31:28 00001064] Url filter loaded (file name = dwffse02.dws, type=social_engineering, timestamp=2019-11-19 17:45:10)
[01/11/2024 17:31:28 00001064] <DEBUG:1> trying url filter base file: C:\ProgramData\Doctor Web\DWS\dwffse03.dws
[01/11/2024 17:31:28 00001064] <DEBUG:1> TIMER: file C:\ProgramData\Doctor Web\DWS\dwffse03.dws time 0 ms
[01/11/2024 17:31:28 00001064] Url filter loaded (file name = dwffse03.dws, type=social_engineering, timestamp=2019-11-19 17:45:20)
[01/11/2024 17:31:28 00001064] <DEBUG:1> trying url filter base file: C:\ProgramData\Doctor Web\DWS\dwffse04.dws
[01/11/2024 17:31:28 00001064] <DEBUG:1> TIMER: file C:\ProgramData\Doctor Web\DWS\dwffse04.dws time 0 ms
[01/11/2024 17:31:28 00001064] Url filter loaded (file name = dwffse04.dws, type=social_engineering, timestamp=2019-11-19 15:15:52)
[01/11/2024 17:31:28 00001064] <DEBUG:1> trying url filter base file: C:\ProgramData\Doctor Web\DWS\dwffse05.dws
[01/11/2024 17:31:28 00001064] <DEBUG:1> TIMER: file C:\ProgramData\Doctor Web\DWS\dwffse05.dws time 1 ms
[01/11/2024 17:31:28 00001064] Url filter loaded (file name = dwffse05.dws, type=social_engineering, timestamp=2020-09-12 17:00:31)
[01/11/2024 17:31:28 00001064] <DEBUG:1> trying url filter base file: C:\ProgramData\Doctor Web\DWS\dwffse06.dws
[01/11/2024 17:31:28 00001064] <DEBUG:1> TIMER: file C:\ProgramData\Doctor Web\DWS\dwffse06.dws time 0 ms
[01/11/2024 17:31:28 00001064] Url filter loaded (file name = dwffse06.dws, type=social_engineering, timestamp=2020-09-21 15:15:35)
[01/11/2024 17:31:28 00001064] <DEBUG:1> trying url filter base file: C:\ProgramData\Doctor Web\DWS\dwffse07.dws
[01/11/2024 17:31:28 00001064] <DEBUG:1> TIMER: file C:\ProgramData\Doctor Web\DWS\dwffse07.dws time 0 ms
[01/11/2024 17:31:28 00001064] Url filter loaded (file name = dwffse07.dws, type=social_engineering, timestamp=2020-07-07 10:00:35)
[01/11/2024 17:31:28 00001064] <DEBUG:1> trying url filter base file: C:\ProgramData\Doctor Web\DWS\dwffse08.dws
[01/11/2024 17:31:28 00001064] <DEBUG:1> TIMER: file C:\ProgramData\Doctor Web\DWS\dwffse08.dws time 3 ms
[01/11/2024 17:31:28 00001064] Url filter loaded (file name = dwffse08.dws, type=social_engineering, timestamp=2020-09-19 10:15:37)
[01/11/2024 17:31:28 00001064] <DEBUG:1> trying url filter base file: C:\ProgramData\Doctor Web\DWS\dwffse09.dws
[01/11/2024 17:31:28 00001064] <DEBUG:1> TIMER: file C:\ProgramData\Doctor Web\DWS\dwffse09.dws time 0 ms
[01/11/2024 17:31:28 00001064] Url filter loaded (file name = dwffse09.dws, type=social_engineering, timestamp=2020-11-25 13:00:23)
[01/11/2024 17:31:28 00001064] <DEBUG:1> trying url filter base file: C:\ProgramData\Doctor Web\DWS\dwffse_addon.dws
[01/11/2024 17:31:28 00001064] <DEBUG:1> TIMER: file C:\ProgramData\Doctor Web\DWS\dwffse_addon.dws time 4 ms
[01/11/2024 17:31:28 00001064] Url filter loaded (file name = dwffse_addon.dws, type=social_engineering, timestamp=2021-00-04 09:15:04)
[01/11/2024 17:31:28 00001064] <DEBUG:1> trying url filter base file: C:\ProgramData\Doctor Web\DWS\dwfgml00.dws
[01/11/2024 17:31:28 00001064] <DEBUG:1> TIMER: file C:\ProgramData\Doctor Web\DWS\dwfgml00.dws time 0 ms
[01/11/2024 17:31:28 00001064] Url filter ignored (file name = dwfgml00.dws, type=gamble, timestamp=2019-11-22 03:45:37)
[01/11/2024 17:31:28 00001064] <DEBUG:1> trying url filter base file: C:\ProgramData\Doctor Web\DWS\dwfgml01.dws
[01/11/2024 17:31:28 00001064] <DEBUG:1> TIMER: file C:\ProgramData\Doctor Web\DWS\dwfgml01.dws time 0 ms
[01/11/2024 17:31:28 00001064] Url filter ignored (file name = dwfgml01.dws, type=gamble, timestamp=2019-11-21 15:00:08)
[01/11/2024 17:31:28 00001064] <DEBUG:1> trying url filter base file: C:\ProgramData\Doctor Web\DWS\dwfgml02.dws
[01/11/2024 17:31:28 00001064] <DEBUG:1> TIMER: file C:\ProgramData\Doctor Web\DWS\dwfgml02.dws time 1 ms
[01/11/2024 17:31:28 00001064] Url filter ignored (file name = dwfgml02.dws, type=gamble, timestamp=2019-11-20 17:45:14)
[01/11/2024 17:31:28 00001064] <DEBUG:1> trying url filter base file: C:\ProgramData\Doctor Web\DWS\dwfgml03.dws
[01/11/2024 17:31:28 00001064] <DEBUG:1> TIMER: file C:\ProgramData\Doctor Web\DWS\dwfgml03.dws time 0 ms
[01/11/2024 17:31:28 00001064] Url filter ignored (file name = dwfgml03.dws, type=gamble, timestamp=2019-11-21 09:01:41)
[01/11/2024 17:31:28 00001064] <DEBUG:1> trying url filter base file: C:\ProgramData\Doctor Web\DWS\dwfgml04.dws
[01/11/2024 17:31:28 00001064] <DEBUG:1> TIMER: file C:\ProgramData\Doctor Web\DWS\dwfgml04.dws time 0 ms
[01/11/2024 17:31:28 00001064] Url filter ignored (file name = dwfgml04.dws, type=gamble, timestamp=2019-11-21 09:00:36)
[01/11/2024 17:31:28 00001064] <DEBUG:1> trying url filter base file: C:\ProgramData\Doctor Web\DWS\dwfgml05.dws
[01/11/2024 17:31:28 00001064] <DEBUG:1> TIMER: file C:\ProgramData\Doctor Web\DWS\dwfgml05.dws time 0 ms
[01/11/2024 17:31:28 00001064] Url filter ignored (file name = dwfgml05.dws, type=gamble, timestamp=2019-11-21 09:01:26)
[01/11/2024 17:31:28 00001064] <DEBUG:1> trying url filter base file: C:\ProgramData\Doctor Web\DWS\dwfgml06.dws
[01/11/2024 17:31:28 00001064] <DEBUG:1> TIMER: file C:\ProgramData\Doctor Web\DWS\dwfgml06.dws time 1 ms
[01/11/2024 17:31:28 00001064] Url filter ignored (file name = dwfgml06.dws, type=gamble, timestamp=2019-11-21 09:01:11)
[01/11/2024 17:31:28 00001064] <DEBUG:1> trying url filter base file: C:\ProgramData\Doctor Web\DWS\dwfgml07.dws
[01/11/2024 17:31:28 00001064] <DEBUG:1> TIMER: file C:\ProgramData\Doctor Web\DWS\dwfgml07.dws time 0 ms
[01/11/2024 17:31:28 00001064] Url filter ignored (file name = dwfgml07.dws, type=gamble, timestamp=2019-11-21 14:45:40)
[01/11/2024 17:31:28 00001064] <DEBUG:1> trying url filter base file: C:\ProgramData\Doctor Web\DWS\dwfgml08.dws
[01/11/2024 17:31:28 00001064] <DEBUG:1> TIMER: file C:\ProgramData\Doctor Web\DWS\dwfgml08.dws time 0 ms
[01/11/2024 17:31:28 00001064] Url filter ignored (file name = dwfgml08.dws, type=gamble, timestamp=2019-11-21 14:45:58)
[01/11/2024 17:31:28 00001064] <DEBUG:1> trying url filter base file: C:\ProgramData\Doctor Web\DWS\dwfgml09.dws
[01/11/2024 17:31:28 00001064] <DEBUG:1> TIMER: file C:\ProgramData\Doctor Web\DWS\dwfgml09.dws time 0 ms
[01/11/2024 17:31:28 00001064] Url filter ignored (file name = dwfgml09.dws, type=gamble, timestamp=2019-11-21 14:45:51)
[01/11/2024 17:31:28 00001064] <DEBUG:1> trying url filter base file: C:\ProgramData\Doctor Web\DWS\dwfgml10.dws
[01/11/2024 17:31:28 00001064] <DEBUG:1> TIMER: file C:\ProgramData\Doctor Web\DWS\dwfgml10.dws time 0 ms
[01/11/2024 17:31:28 00001064] Url filter ignored (file name = dwfgml10.dws, type=gamble, timestamp=2019-11-21 14:45:28)
[01/11/2024 17:31:28 00001064] <DEBUG:1> trying url filter base file: C:\ProgramData\Doctor Web\DWS\dwfgml11.dws
[01/11/2024 17:31:28 00001064] <DEBUG:1> TIMER: file C:\ProgramData\Doctor Web\DWS\dwfgml11.dws time 0 ms
[01/11/2024 17:31:28 00001064] Url filter ignored (file name = dwfgml11.dws, type=gamble, timestamp=2019-11-21 20:30:30)
[01/11/2024 17:31:28 00001064] <DEBUG:1> trying url filter base file: C:\ProgramData\Doctor Web\DWS\dwfgml12.dws
[01/11/2024 17:31:28 00001064] <DEBUG:1> TIMER: file C:\ProgramData\Doctor Web\DWS\dwfgml12.dws time 0 ms
[01/11/2024 17:31:28 00001064] Url filter ignored (file name = dwfgml12.dws, type=gamble, timestamp=2019-11-21 20:30:34)
[01/11/2024 17:31:28 00001064] <DEBUG:1> trying url filter base file: C:\ProgramData\Doctor Web\DWS\dwfgml13.dws
[01/11/2024 17:31:28 00001064] <DEBUG:1> TIMER: file C:\ProgramData\Doctor Web\DWS\dwfgml13.dws time 0 ms
[01/11/2024 17:31:28 00001064] Url filter ignored (file name = dwfgml13.dws, type=gamble, timestamp=2019-11-21 20:30:19)
[01/11/2024 17:31:28 00001064] <DEBUG:1> trying url filter base file: C:\ProgramData\Doctor Web\DWS\dwfgml14.dws
[01/11/2024 17:31:28 00001064] <DEBUG:1> TIMER: file C:\ProgramData\Doctor Web\DWS\dwfgml14.dws time 0 ms
[01/11/2024 17:31:28 00001064] Url filter ignored (file name = dwfgml14.dws, type=gamble, timestamp=2019-11-22 03:45:20)
[01/11/2024 17:31:28 00001064] <DEBUG:1> trying url filter base file: C:\ProgramData\Doctor Web\DWS\dwfgml15.dws
[01/11/2024 17:31:28 00001064] <DEBUG:1> TIMER: file C:\ProgramData\Doctor Web\DWS\dwfgml15.dws time 0 ms
[01/11/2024 17:31:28 00001064] Url filter ignored (file name = dwfgml15.dws, type=gamble, timestamp=2019-11-22 03:45:13)
[01/11/2024 17:31:28 00001064] <DEBUG:1> trying url filter base file: C:\ProgramData\Doctor Web\DWS\dwfgml16.dws
[01/11/2024 17:31:28 00001064] <DEBUG:1> TIMER: file C:\ProgramData\Doctor Web\DWS\dwfgml16.dws time 0 ms
[01/11/2024 17:31:28 00001064] Url filter ignored (file name = dwfgml16.dws, type=gamble, timestamp=2019-11-22 14:31:54)
[01/11/2024 17:31:28 00001064] <DEBUG:1> trying url filter base file: C:\ProgramData\Doctor Web\DWS\dwfgml17.dws
[01/11/2024 17:31:28 00001064] <DEBUG:1> TIMER: file C:\ProgramData\Doctor Web\DWS\dwfgml17.dws time 0 ms
[01/11/2024 17:31:28 00001064] Url filter ignored (file name = dwfgml17.dws, type=gamble, timestamp=2019-11-22 14:31:13)
[01/11/2024 17:31:28 00001064] <DEBUG:1> trying url filter base file: C:\ProgramData\Doctor Web\DWS\dwfgml18.dws
[01/11/2024 17:31:28 00001064] <DEBUG:1> TIMER: file C:\ProgramData\Doctor Web\DWS\dwfgml18.dws time 1 ms
[01/11/2024 17:31:28 00001064] Url filter ignored (file name = dwfgml18.dws, type=gamble, timestamp=2019-11-23 12:15:38)
[01/11/2024 17:31:28 00001064] <DEBUG:1> trying url filter base file: C:\ProgramData\Doctor Web\DWS\dwfgml19.dws
[01/11/2024 17:31:28 00001064] <DEBUG:1> TIMER: file C:\ProgramData\Doctor Web\DWS\dwfgml19.dws time 1 ms
[01/11/2024 17:31:28 00001064] Url filter ignored (file name = dwfgml19.dws, type=gamble, timestamp=2020-11-30 14:45:25)
[01/11/2024 17:31:28 00001064] <DEBUG:1> trying url filter base file: C:\ProgramData\Doctor Web\DWS\dwfminers00.dws
[01/11/2024 17:31:28 00001064] <DEBUG:1> TIMER: file C:\ProgramData\Doctor Web\DWS\dwfminers00.dws time 0 ms
[01/11/2024 17:31:28 00001064] Url filter ignored (file name = dwfminers00.dws, type=miners, timestamp=2020-11-07 11:15:03)
[01/11/2024 17:31:28 00001064] <DEBUG:1> trying url filter base file: C:\ProgramData\Doctor Web\DWS\dwfmlw00.dws
[01/11/2024 17:31:28 00001064] <DEBUG:1> TIMER: file C:\ProgramData\Doctor Web\DWS\dwfmlw00.dws time 0 ms
[01/11/2024 17:31:28 00001064] Url filter loaded (file name = dwfmlw00.dws, type=malware, timestamp=2019-10-07 19:56:25)
[01/11/2024 17:31:28 00001064] <DEBUG:1> trying url filter base file: C:\ProgramData\Doctor Web\DWS\dwfmlw01.dws
[01/11/2024 17:31:28 00001064] <DEBUG:1> TIMER: file C:\ProgramData\Doctor Web\DWS\dwfmlw01.dws time 0 ms
[01/11/2024 17:31:28 00001064] Url filter loaded (file name = dwfmlw01.dws, type=malware, timestamp=2019-11-16 16:46:19)
[01/11/2024 17:31:28 00001064] <DEBUG:1> trying url filter base file: C:\ProgramData\Doctor Web\DWS\dwfmlw02.dws
[01/11/2024 17:31:28 00001064] <DEBUG:1> TIMER: file C:\ProgramData\Doctor Web\DWS\dwfmlw02.dws time 0 ms
[01/11/2024 17:31:28 00001064] Url filter loaded (file name = dwfmlw02.dws, type=malware, timestamp=2019-11-17 12:31:13)
[01/11/2024 17:31:28 00001064] <DEBUG:1> trying url filter base file: C:\ProgramData\Doctor Web\DWS\dwfmlw03.dws
[01/11/2024 17:31:28 00001064] <DEBUG:1> TIMER: file C:\ProgramData\Doctor Web\DWS\dwfmlw03.dws time 0 ms
[01/11/2024 17:31:28 00001064] Url filter loaded (file name = dwfmlw03.dws, type=malware, timestamp=2019-11-18 13:01:39)
[01/11/2024 17:31:28 00001064] <DEBUG:1> trying url filter base file: C:\ProgramData\Doctor Web\DWS\dwfmlw04.dws
[01/11/2024 17:31:28 00001064] <DEBUG:1> TIMER: file C:\ProgramData\Doctor Web\DWS\dwfmlw04.dws time 0 ms
[01/11/2024 17:31:28 00001064] Url filter loaded (file name = dwfmlw04.dws, type=malware, timestamp=2019-11-18 18:30:20)
[01/11/2024 17:31:28 00001064] <DEBUG:1> trying url filter base file: C:\ProgramData\Doctor Web\DWS\dwfmlw05.dws
[01/11/2024 17:31:28 00001064] <DEBUG:1> TIMER: file C:\ProgramData\Doctor Web\DWS\dwfmlw05.dws time 0 ms
[01/11/2024 17:31:28 00001064] Url filter loaded (file name = dwfmlw05.dws, type=malware, timestamp=2020-11-12 00:45:16)
[01/11/2024 17:31:28 00001064] <DEBUG:1> trying url filter base file: C:\ProgramData\Doctor Web\DWS\dwfmlw06.dws
[01/11/2024 17:31:28 00001064] <DEBUG:1> TIMER: file C:\ProgramData\Doctor Web\DWS\dwfmlw06.dws time 0 ms
[01/11/2024 17:31:28 00001064] Url filter loaded (file name = dwfmlw06.dws, type=malware, timestamp=2019-11-13 15:45:59)
[01/11/2024 17:31:28 00001064] <DEBUG:1> trying url filter base file: C:\ProgramData\Doctor Web\DWS\dwfmlw07.dws
[01/11/2024 17:31:28 00001064] <DEBUG:1> TIMER: file C:\ProgramData\Doctor Web\DWS\dwfmlw07.dws time 0 ms
[01/11/2024 17:31:28 00001064] Url filter loaded (file name = dwfmlw07.dws, type=malware, timestamp=2019-11-16 12:45:36)
[01/11/2024 17:31:28 00001064] <DEBUG:1> trying url filter base file: C:\ProgramData\Doctor Web\DWS\dwfmlw08.dws
[01/11/2024 17:31:28 00001064] <DEBUG:1> TIMER: file C:\ProgramData\Doctor Web\DWS\dwfmlw08.dws time 0 ms
[01/11/2024 17:31:28 00001064] Url filter loaded (file name = dwfmlw08.dws, type=malware, timestamp=2019-11-18 01:15:36)
[01/11/2024 17:31:28 00001064] <DEBUG:1> trying url filter base file: C:\ProgramData\Doctor Web\DWS\dwfmlw09.dws
[01/11/2024 17:31:28 00001064] <DEBUG:1> TIMER: file C:\ProgramData\Doctor Web\DWS\dwfmlw09.dws time 0 ms
[01/11/2024 17:31:28 00001064] Url filter loaded (file name = dwfmlw09.dws, type=malware, timestamp=2019-11-19 00:30:54)
[01/11/2024 17:31:28 00001064] <DEBUG:1> trying url filter base file: C:\ProgramData\Doctor Web\DWS\dwfmlw10.dws
[01/11/2024 17:31:28 00001064] <DEBUG:1> TIMER: file C:\ProgramData\Doctor Web\DWS\dwfmlw10.dws time 0 ms
[01/11/2024 17:31:28 00001064] Url filter loaded (file name = dwfmlw10.dws, type=malware, timestamp=2020-05-26 09:15:33)
[01/11/2024 17:31:28 00001064] <DEBUG:1> trying url filter base file: C:\ProgramData\Doctor Web\DWS\dwfmlw11.dws
[01/11/2024 17:31:28 00001064] <DEBUG:1> TIMER: file C:\ProgramData\Doctor Web\DWS\dwfmlw11.dws time 1 ms
[01/11/2024 17:31:28 00001064] Url filter loaded (file name = dwfmlw11.dws, type=malware, timestamp=2020-10-10 16:15:21)
[01/11/2024 17:31:28 00001064] <DEBUG:1> trying url filter base file: C:\ProgramData\Doctor Web\DWS\dwfmlw_addon.dws
[01/11/2024 17:31:28 00001064] <DEBUG:1> TIMER: file C:\ProgramData\Doctor Web\DWS\dwfmlw_addon.dws time 0 ms
[01/11/2024 17:31:28 00001064] Url filter loaded (file name = dwfmlw_addon.dws, type=malware, timestamp=2021-00-06 06:30:18)
[01/11/2024 17:31:28 00001064] <DEBUG:1> trying url filter base file: C:\ProgramData\Doctor Web\DWS\dwfobs00.dws
[01/11/2024 17:31:28 00001064] <DEBUG:1> TIMER: file C:\ProgramData\Doctor Web\DWS\dwfobs00.dws time 0 ms
[01/11/2024 17:31:28 00001064] Url filter ignored (file name = dwfobs00.dws, type=obscenity, timestamp=2018-09-02 13:30:06)
[01/11/2024 17:31:28 00001064] <DEBUG:1> trying url filter base file: C:\ProgramData\Doctor Web\DWS\dwfogm00.dws
[01/11/2024 17:31:28 00001064] <DEBUG:1> TIMER: file C:\ProgramData\Doctor Web\DWS\dwfogm00.dws time 0 ms
[01/11/2024 17:31:28 00001064] Url filter ignored (file name = dwfogm00.dws, type=online_games, timestamp=2020-10-27 19:30:06)
[01/11/2024 17:31:28 00001064] <DEBUG:1> trying url filter base file: C:\ProgramData\Doctor Web\DWS\dwfprc00.dws
[01/11/2024 17:31:28 00001064] <DEBUG:1> TIMER: file C:\ProgramData\Doctor Web\DWS\dwfprc00.dws time 0 ms
[01/11/2024 17:31:28 00001064] Url filter loaded (file name = dwfprc00.dws, type=piracy, timestamp=2020-09-28 11:00:05)
[01/11/2024 17:31:28 00001064] <DEBUG:1> trying url filter base file: C:\ProgramData\Doctor Web\DWS\dwfprn00.dws
[01/11/2024 17:31:28 00001064] <DEBUG:1> TIMER: file C:\ProgramData\Doctor Web\DWS\dwfprn00.dws time 0 ms
[01/11/2024 17:31:28 00001064] Url filter ignored (file name = dwfprn00.dws, type=porno, timestamp=2019-10-12 19:05:37)
[01/11/2024 17:31:28 00001064] <DEBUG:1> trying url filter base file: C:\ProgramData\Doctor Web\DWS\dwfprn01.dws
[01/11/2024 17:31:28 00001064] <DEBUG:1> TIMER: file C:\ProgramData\Doctor Web\DWS\dwfprn01.dws time 1 ms
[01/11/2024 17:31:28 00001064] Url filter ignored (file name = dwfprn01.dws, type=porno, timestamp=2019-10-12 13:16:54)
[01/11/2024 17:31:28 00001064] <DEBUG:1> trying url filter base file: C:\ProgramData\Doctor Web\DWS\dwfprn02.dws
[01/11/2024 17:31:28 00001064] <DEBUG:1> TIMER: file C:\ProgramData\Doctor Web\DWS\dwfprn02.dws time 0 ms
[01/11/2024 17:31:28 00001064] Url filter ignored (file name = dwfprn02.dws, type=porno, timestamp=2019-10-10 00:02:26)
[01/11/2024 17:31:28 00001064] <DEBUG:1> trying url filter base file: C:\ProgramData\Doctor Web\DWS\dwfprn03.dws
[01/11/2024 17:31:28 00001064] <DEBUG:1> TIMER: file C:\ProgramData\Doctor Web\DWS\dwfprn03.dws time 0 ms
[01/11/2024 17:31:28 00001064] Url filter ignored (file name = dwfprn03.dws, type=porno, timestamp=2019-10-10 03:47:29)
[01/11/2024 17:31:28 00001064] <DEBUG:1> trying url filter base file: C:\ProgramData\Doctor Web\DWS\dwfprn04.dws
[01/11/2024 17:31:28 00001064] <DEBUG:1> TIMER: file C:\ProgramData\Doctor Web\DWS\dwfprn04.dws time 0 ms
[01/11/2024 17:31:28 00001064] Url filter ignored (file name = dwfprn04.dws, type=porno, timestamp=2019-10-08 01:30:56)
[01/11/2024 17:31:28 00001064] <DEBUG:1> trying url filter base file: C:\ProgramData\Doctor Web\DWS\dwfprn05.dws
[01/11/2024 17:31:28 00001064] <DEBUG:1> TIMER: file C:\ProgramData\Doctor Web\DWS\dwfprn05.dws time 1 ms
[01/11/2024 17:31:28 00001064] Url filter ignored (file name = dwfprn05.dws, type=porno, timestamp=2019-10-08 01:15:19)
[01/11/2024 17:31:28 00001064] <DEBUG:1> trying url filter base file: C:\ProgramData\Doctor Web\DWS\dwfprn06.dws
[01/11/2024 17:31:28 00001064] <DEBUG:1> TIMER: file C:\ProgramData\Doctor Web\DWS\dwfprn06.dws time 0 ms
[01/11/2024 17:31:28 00001064] Url filter ignored (file name = dwfprn06.dws, type=porno, timestamp=2019-10-10 03:46:57)
[01/11/2024 17:31:28 00001064] <DEBUG:1> trying url filter base file: C:\ProgramData\Doctor Web\DWS\dwfprn07.dws
[01/11/2024 17:31:28 00001064] <DEBUG:1> TIMER: file C:\ProgramData\Doctor Web\DWS\dwfprn07.dws time 0 ms
[01/11/2024 17:31:28 00001064] Url filter ignored (file name = dwfprn07.dws, type=porno, timestamp=2019-10-27 12:48:17)
[01/11/2024 17:31:28 00001064] <DEBUG:1> trying url filter base file: C:\ProgramData\Doctor Web\DWS\dwfprn08.dws
[01/11/2024 17:31:28 00001064] <DEBUG:1> TIMER: file C:\ProgramData\Doctor Web\DWS\dwfprn08.dws time 0 ms
[01/11/2024 17:31:28 00001064] Url filter ignored (file name = dwfprn08.dws, type=porno, timestamp=2019-10-27 12:47:03)
[01/11/2024 17:31:28 00001064] <DEBUG:1> trying url filter base file: C:\ProgramData\Doctor Web\DWS\dwfprn09.dws
[01/11/2024 17:31:28 00001064] <DEBUG:1> TIMER: file C:\ProgramData\Doctor Web\DWS\dwfprn09.dws time 1 ms
[01/11/2024 17:31:28 00001064] Url filter ignored (file name = dwfprn09.dws, type=porno, timestamp=2019-10-27 12:46:01)
[01/11/2024 17:31:28 00001064] <DEBUG:1> trying url filter base file: C:\ProgramData\Doctor Web\DWS\dwfprn10.dws
[01/11/2024 17:31:28 00001064] <DEBUG:1> TIMER: file C:\ProgramData\Doctor Web\DWS\dwfprn10.dws time 0 ms
[01/11/2024 17:31:28 00001064] Url filter ignored (file name = dwfprn10.dws, type=porno, timestamp=2019-10-11 03:00:50)
[01/11/2024 17:31:28 00001064] <DEBUG:1> trying url filter base file: C:\ProgramData\Doctor Web\DWS\dwfprn11.dws
[01/11/2024 17:31:28 00001064] <DEBUG:1> TIMER: file C:\ProgramData\Doctor Web\DWS\dwfprn11.dws time 0 ms
[01/11/2024 17:31:28 00001064] Url filter ignored (file name = dwfprn11.dws, type=porno, timestamp=2019-10-10 00:00:51)
[01/11/2024 17:31:28 00001064] <DEBUG:1> trying url filter base file: C:\ProgramData\Doctor Web\DWS\dwfprn12.dws
[01/11/2024 17:31:28 00001064] <DEBUG:1> TIMER: file C:\ProgramData\Doctor Web\DWS\dwfprn12.dws time 0 ms
[01/11/2024 17:31:28 00001064] Url filter ignored (file name = dwfprn12.dws, type=porno, timestamp=2019-10-08 17:00:32)
[01/11/2024 17:31:28 00001064] <DEBUG:1> trying url filter base file: C:\ProgramData\Doctor Web\DWS\dwfprn13.dws
[01/11/2024 17:31:28 00001064] <DEBUG:1> TIMER: file C:\ProgramData\Doctor Web\DWS\dwfprn13.dws time 0 ms
[01/11/2024 17:31:28 00001064] Url filter ignored (file name = dwfprn13.dws, type=porno, timestamp=2019-10-10 03:45:11)
[01/11/2024 17:31:28 00001064] <DEBUG:1> trying url filter base file: C:\ProgramData\Doctor Web\DWS\dwfprn14.dws
[01/11/2024 17:31:28 00001064] <DEBUG:1> TIMER: file C:\ProgramData\Doctor Web\DWS\dwfprn14.dws time 0 ms
[01/11/2024 17:31:28 00001064] Url filter ignored (file name = dwfprn14.dws, type=porno, timestamp=2019-10-09 01:00:37)
[01/11/2024 17:31:28 00001064] <DEBUG:1> trying url filter base file: C:\ProgramData\Doctor Web\DWS\dwfprn15.dws
[01/11/2024 17:31:28 00001064] <DEBUG:1> TIMER: file C:\ProgramData\Doctor Web\DWS\dwfprn15.dws time 0 ms
[01/11/2024 17:31:28 00001064] Url filter ignored (file name = dwfprn15.dws, type=porno, timestamp=2019-10-10 03:46:16)
[01/11/2024 17:31:28 00001064] <DEBUG:1> trying url filter base file: C:\ProgramData\Doctor Web\DWS\dwfprn16.dws
[01/11/2024 17:31:28 00001064] <DEBUG:1> TIMER: file C:\ProgramData\Doctor Web\DWS\dwfprn16.dws time 0 ms
[01/11/2024 17:31:28 00001064] Url filter ignored (file name = dwfprn16.dws, type=porno, timestamp=2019-10-11 03:01:27)
[01/11/2024 17:31:28 00001064] <DEBUG:1> trying url filter base file: C:\ProgramData\Doctor Web\DWS\dwfprn17.dws
[01/11/2024 17:31:28 00001064] <DEBUG:1> TIMER: file C:\ProgramData\Doctor Web\DWS\dwfprn17.dws time 1 ms
[01/11/2024 17:31:28 00001064] Url filter ignored (file name = dwfprn17.dws, type=porno, timestamp=2019-10-11 03:01:53)
[01/11/2024 17:31:28 00001064] <DEBUG:1> trying url filter base file: C:\ProgramData\Doctor Web\DWS\dwfprn18.dws
[01/11/2024 17:31:28 00001064] <DEBUG:1> TIMER: file C:\ProgramData\Doctor Web\DWS\dwfprn18.dws time 0 ms
[01/11/2024 17:31:28 00001064] Url filter ignored (file name = dwfprn18.dws, type=porno, timestamp=2019-10-10 03:45:53)
[01/11/2024 17:31:28 00001064] <DEBUG:1> trying url filter base file: C:\ProgramData\Doctor Web\DWS\dwfprn19.dws
[01/11/2024 17:31:28 00001064] <DEBUG:1> TIMER: file C:\ProgramData\Doctor Web\DWS\dwfprn19.dws time 0 ms
[01/11/2024 17:31:28 00001064] Url filter ignored (file name = dwfprn19.dws, type=porno, timestamp=2019-11-04 09:46:16)
[01/11/2024 17:31:28 00001064] <DEBUG:1> trying url filter base file: C:\ProgramData\Doctor Web\DWS\dwfprn20.dws
[01/11/2024 17:31:28 00001064] <DEBUG:1> TIMER: file C:\ProgramData\Doctor Web\DWS\dwfprn20.dws time 0 ms
[01/11/2024 17:31:28 00001064] Url filter ignored (file name = dwfprn20.dws, type=porno, timestamp=2020-03-22 13:30:29)
[01/11/2024 17:31:28 00001064] <DEBUG:1> trying url filter base file: C:\ProgramData\Doctor Web\DWS\dwfprn21.dws
[01/11/2024 17:31:28 00001064] <DEBUG:1> TIMER: file C:\ProgramData\Doctor Web\DWS\dwfprn21.dws time 1 ms
[01/11/2024 17:31:28 00001064] Url filter ignored (file name = dwfprn21.dws, type=porno, timestamp=2020-08-09 13:15:52)
[01/11/2024 17:31:28 00001064] <DEBUG:1> trying url filter base file: C:\ProgramData\Doctor Web\DWS\dwfprn22.dws
[01/11/2024 17:31:28 00001064] <DEBUG:1> TIMER: file C:\ProgramData\Doctor Web\DWS\dwfprn22.dws time 0 ms
[01/11/2024 17:31:28 00001064] Url filter ignored (file name = dwfprn22.dws, type=porno, timestamp=2020-11-28 12:15:25)
[01/11/2024 17:31:28 00001064] <DEBUG:1> trying url filter base file: C:\ProgramData\Doctor Web\DWS\dwfprn_addon.dws
[01/11/2024 17:31:28 00001064] <DEBUG:1> TIMER: file C:\ProgramData\Doctor Web\DWS\dwfprn_addon.dws time 1 ms
[01/11/2024 17:31:28 00001064] Url filter ignored (file name = dwfprn_addon.dws, type=porno, timestamp=2021-00-05 09:45:03)
[01/11/2024 17:31:28 00001064] <DEBUG:1> trying url filter base file: C:\ProgramData\Doctor Web\DWS\dwfscl00.dws
[01/11/2024 17:31:28 00001064] <DEBUG:1> TIMER: file C:\ProgramData\Doctor Web\DWS\dwfscl00.dws time 0 ms
[01/11/2024 17:31:28 00001064] Url filter ignored (file name = dwfscl00.dws, type=socialnetwork, timestamp=2019-11-23 16:30:23)
[01/11/2024 17:31:28 00001064] <DEBUG:1> trying url filter base file: C:\ProgramData\Doctor Web\DWS\dwfscl01.dws
[01/11/2024 17:31:28 00001064] <DEBUG:1> TIMER: file C:\ProgramData\Doctor Web\DWS\dwfscl01.dws time 0 ms
[01/11/2024 17:31:28 00001064] Url filter ignored (file name = dwfscl01.dws, type=socialnetwork, timestamp=2019-11-23 17:45:23)
[01/11/2024 17:31:28 00001064] <DEBUG:1> trying url filter base file: C:\ProgramData\Doctor Web\DWS\dwfscl02.dws
[01/11/2024 17:31:28 00001064] <DEBUG:1> TIMER: file C:\ProgramData\Doctor Web\DWS\dwfscl02.dws time 0 ms
[01/11/2024 17:31:28 00001064] Url filter ignored (file name = dwfscl02.dws, type=socialnetwork, timestamp=2019-11-23 17:45:28)
[01/11/2024 17:31:28 00001064] <DEBUG:1> trying url filter base file: C:\ProgramData\Doctor Web\DWS\dwfscl03.dws
[01/11/2024 17:31:28 00001064] <DEBUG:1> TIMER: file C:\ProgramData\Doctor Web\DWS\dwfscl03.dws time 0 ms
[01/11/2024 17:31:28 00001064] Url filter ignored (file name = dwfscl03.dws, type=socialnetwork, timestamp=2019-11-23 17:45:33)
[01/11/2024 17:31:28 00001064] <DEBUG:1> trying url filter base file: C:\ProgramData\Doctor Web\DWS\dwfscl04.dws
[01/11/2024 17:31:28 00001064] <DEBUG:1> TIMER: file C:\ProgramData\Doctor Web\DWS\dwfscl04.dws time 0 ms
[01/11/2024 17:31:28 00001064] Url filter ignored (file name = dwfscl04.dws, type=socialnetwork, timestamp=2019-11-23 17:45:16)
[01/11/2024 17:31:28 00001064] <DEBUG:1> trying url filter base file: C:\ProgramData\Doctor Web\DWS\dwfscl05.dws
[01/11/2024 17:31:28 00001064] <DEBUG:1> TIMER: file C:\ProgramData\Doctor Web\DWS\dwfscl05.dws time 0 ms
[01/11/2024 17:31:28 00001064] Url filter ignored (file name = dwfscl05.dws, type=socialnetwork, timestamp=2019-11-24 01:45:24)
[01/11/2024 17:31:28 00001064] <DEBUG:1> trying url filter base file: C:\ProgramData\Doctor Web\DWS\dwfscl06.dws
[01/11/2024 17:31:28 00001064] <DEBUG:1> TIMER: file C:\ProgramData\Doctor Web\DWS\dwfscl06.dws time 0 ms
[01/11/2024 17:31:28 00001064] Url filter ignored (file name = dwfscl06.dws, type=socialnetwork, timestamp=2019-11-24 01:45:33)
[01/11/2024 17:31:28 00001064] <DEBUG:1> trying url filter base file: C:\ProgramData\Doctor Web\DWS\dwfscl07.dws
[01/11/2024 17:31:28 00001064] <DEBUG:1> TIMER: file C:\ProgramData\Doctor Web\DWS\dwfscl07.dws time 0 ms
[01/11/2024 17:31:28 00001064] Url filter ignored (file name = dwfscl07.dws, type=socialnetwork, timestamp=2019-11-24 01:45:18)
[01/11/2024 17:31:28 00001064] <DEBUG:1> trying url filter base file: C:\ProgramData\Doctor Web\DWS\dwfscl08.dws
[01/11/2024 17:31:28 00001064] <DEBUG:1> TIMER: file C:\ProgramData\Doctor Web\DWS\dwfscl08.dws time 1 ms
[01/11/2024 17:31:28 00001064] Url filter ignored (file name = dwfscl08.dws, type=socialnetwork, timestamp=2019-11-24 01:45:41)
[01/11/2024 17:31:28 00001064] <DEBUG:1> trying url filter base file: C:\ProgramData\Doctor Web\DWS\dwfscl09.dws
[01/11/2024 17:31:28 00001064] <DEBUG:1> TIMER: file C:\ProgramData\Doctor Web\DWS\dwfscl09.dws time 0 ms
[01/11/2024 17:31:28 00001064] Url filter ignored (file name = dwfscl09.dws, type=socialnetwork, timestamp=2019-11-24 01:45:27)
[01/11/2024 17:31:28 00001064] <DEBUG:1> trying url filter base file: C:\ProgramData\Doctor Web\DWS\dwfscl10.dws
[01/11/2024 17:31:28 00001064] <DEBUG:1> TIMER: file C:\ProgramData\Doctor Web\DWS\dwfscl10.dws time 0 ms
[01/11/2024 17:31:28 00001064] Url filter ignored (file name = dwfscl10.dws, type=socialnetwork, timestamp=2019-11-24 01:45:51)
[01/11/2024 17:31:28 00001064] <DEBUG:1> trying url filter base file: C:\ProgramData\Doctor Web\DWS\dwfscl11.dws
[01/11/2024 17:31:28 00001064] <DEBUG:1> TIMER: file C:\ProgramData\Doctor Web\DWS\dwfscl11.dws time 0 ms
[01/11/2024 17:31:28 00001064] Url filter ignored (file name = dwfscl11.dws, type=socialnetwork, timestamp=2019-11-24 12:15:16)
[01/11/2024 17:31:28 00001064] <DEBUG:1> trying url filter base file: C:\ProgramData\Doctor Web\DWS\dwfscl12.dws
[01/11/2024 17:31:28 00001064] <DEBUG:1> TIMER: file C:\ProgramData\Doctor Web\DWS\dwfscl12.dws time 0 ms
[01/11/2024 17:31:28 00001064] Url filter ignored (file name = dwfscl12.dws, type=socialnetwork, timestamp=2019-11-24 12:15:23)
[01/11/2024 17:31:28 00001064] <DEBUG:1> trying url filter base file: C:\ProgramData\Doctor Web\DWS\dwfscl13.dws
[01/11/2024 17:31:28 00001064] <DEBUG:1> TIMER: file C:\ProgramData\Doctor Web\DWS\dwfscl13.dws time 0 ms
[01/11/2024 17:31:28 00001064] Url filter ignored (file name = dwfscl13.dws, type=socialnetwork, timestamp=2019-11-24 18:15:39)
[01/11/2024 17:31:28 00001064] <DEBUG:1> trying url filter base file: C:\ProgramData\Doctor Web\DWS\dwfscl14.dws
[01/11/2024 17:31:28 00001064] <DEBUG:1> TIMER: file C:\ProgramData\Doctor Web\DWS\dwfscl14.dws time 0 ms
[01/11/2024 17:31:28 00001064] Url filter ignored (file name = dwfscl14.dws, type=socialnetwork, timestamp=2019-11-24 19:15:36)
[01/11/2024 17:31:28 00001064] <DEBUG:1> trying url filter base file: C:\ProgramData\Doctor Web\DWS\dwfscl15.dws
[01/11/2024 17:31:28 00001064] <DEBUG:1> TIMER: file C:\ProgramData\Doctor Web\DWS\dwfscl15.dws time 0 ms
[01/11/2024 17:31:28 00001064] Url filter ignored (file name = dwfscl15.dws, type=socialnetwork, timestamp=2021-00-05 09:15:05)
[01/11/2024 17:31:28 00001064] <DEBUG:1> trying url filter base file: C:\ProgramData\Doctor Web\DWS\dwfter00.dws
[01/11/2024 17:31:28 00001064] <DEBUG:1> TIMER: file C:\ProgramData\Doctor Web\DWS\dwfter00.dws time 0 ms
[01/11/2024 17:31:28 00001064] Url filter ignored (file name = dwfter00.dws, type=terrorism, timestamp=2019-04-20 17:15:14)
[01/11/2024 17:31:28 00001064] <DEBUG:1> trying url filter base file: C:\ProgramData\Doctor Web\DWS\dwfvln00.dws
[01/11/2024 17:31:28 00001064] <DEBUG:1> TIMER: file C:\ProgramData\Doctor Web\DWS\dwfvln00.dws time 1 ms
[01/11/2024 17:31:28 00001064] Url filter ignored (file name = dwfvln00.dws, type=violence, timestamp=2011-11-01 09:31:02)
[01/11/2024 17:31:28 00001064] <DEBUG:1> trying url filter base file: C:\ProgramData\Doctor Web\DWS\dwfvln01.dws
[01/11/2024 17:31:28 00001064] <DEBUG:1> TIMER: file C:\ProgramData\Doctor Web\DWS\dwfvln01.dws time 0 ms
[01/11/2024 17:31:28 00001064] Url filter ignored (file name = dwfvln01.dws, type=violence, timestamp=2020-09-26 16:15:04)
[01/11/2024 17:31:28 00001064] <DEBUG:1> trying url filter base file: C:\ProgramData\Doctor Web\DWS\dwfwpn00.dws
[01/11/2024 17:31:28 00001064] <DEBUG:1> TIMER: file C:\ProgramData\Doctor Web\DWS\dwfwpn00.dws time 0 ms
[01/11/2024 17:31:28 00001064] Url filter ignored (file name = dwfwpn00.dws, type=weapon, timestamp=2020-09-26 16:15:05)
[01/11/2024 17:31:28 00001064] <DEBUG:1> trying url filter base file: C:\ProgramData\Doctor Web\DWS\white_dwfanonym.dws
[01/11/2024 17:31:28 00001064] <DEBUG:1> TIMER: file C:\ProgramData\Doctor Web\DWS\white_dwfanonym.dws time 0 ms
[01/11/2024 17:31:28 00001064] Url filter ignored (file name = white_dwfanonym.dws, type=whitelist_anonymizer, timestamp=2019-03-22 18:15:06)
[01/11/2024 17:31:28 00001064] <DEBUG:1> trying url filter base file: C:\ProgramData\Doctor Web\DWS\white_dwfcht.dws
[01/11/2024 17:31:28 00001064] <DEBUG:1> TIMER: file C:\ProgramData\Doctor Web\DWS\white_dwfcht.dws time 1 ms
[01/11/2024 17:31:28 00001064] Url filter ignored (file name = white_dwfcht.dws, type=whitelist_chats, timestamp=2019-03-22 18:15:06)
[01/11/2024 17:31:28 00001064] <DEBUG:1> trying url filter base file: C:\ProgramData\Doctor Web\DWS\white_dwfdrg.dws
[01/11/2024 17:31:28 00001064] <DEBUG:1> TIMER: file C:\ProgramData\Doctor Web\DWS\white_dwfdrg.dws time 0 ms
[01/11/2024 17:31:28 00001064] Url filter ignored (file name = white_dwfdrg.dws, type=whitelist_drugs, timestamp=2020-07-04 07:15:14)
[01/11/2024 17:31:28 00001064] <DEBUG:1> trying url filter base file: C:\ProgramData\Doctor Web\DWS\white_dwfeml.dws
[01/11/2024 17:31:28 00001064] <DEBUG:1> TIMER: file C:\ProgramData\Doctor Web\DWS\white_dwfeml.dws time 0 ms
[01/11/2024 17:31:28 00001064] Url filter ignored (file name = white_dwfeml.dws, type=whitelist_e-mail, timestamp=2019-03-22 18:15:06)
[01/11/2024 17:31:28 00001064] <DEBUG:1> trying url filter base file: C:\ProgramData\Doctor Web\DWS\white_dwffse.dws
[01/11/2024 17:31:28 00001064] <DEBUG:1> TIMER: file C:\ProgramData\Doctor Web\DWS\white_dwffse.dws time 0 ms
[01/11/2024 17:31:28 00001064] Url exclude filter loaded (file name = white_dwffse.dws, type=whitelist_social_engineering, timestamp=2021-00-06 07:00:59)
[01/11/2024 17:31:28 00001064] <DEBUG:1> trying url filter base file: C:\ProgramData\Doctor Web\DWS\white_dwfgml.dws
[01/11/2024 17:31:28 00001064] <DEBUG:1> TIMER: file C:\ProgramData\Doctor Web\DWS\white_dwfgml.dws time 0 ms
[01/11/2024 17:31:28 00001064] Url filter ignored (file name = white_dwfgml.dws, type=whitelist_gamble, timestamp=2020-11-22 10:00:14)
[01/11/2024 17:31:28 00001064] <DEBUG:1> trying url filter base file: C:\ProgramData\Doctor Web\DWS\white_dwfminers.dws
[01/11/2024 17:31:28 00001064] <DEBUG:1> TIMER: file C:\ProgramData\Doctor Web\DWS\white_dwfminers.dws time 0 ms
[01/11/2024 17:31:28 00001064] Url filter ignored (file name = white_dwfminers.dws, type=whitelist_miners, timestamp=2018-04-31 07:00:08)
[01/11/2024 17:31:28 00001064] <DEBUG:1> trying url filter base file: C:\ProgramData\Doctor Web\DWS\white_dwfmlw.dws
[01/11/2024 17:31:28 00001064] <DEBUG:1> TIMER: file C:\ProgramData\Doctor Web\DWS\white_dwfmlw.dws time 0 ms
[01/11/2024 17:31:28 00001064] Url exclude filter loaded (file name = white_dwfmlw.dws, type=whitelist_malware, timestamp=2021-00-05 07:30:52)
[01/11/2024 17:31:28 00001064] <DEBUG:1> trying url filter base file: C:\ProgramData\Doctor Web\DWS\white_dwfobs.dws
[01/11/2024 17:31:28 00001064] <DEBUG:1> TIMER: file C:\ProgramData\Doctor Web\DWS\white_dwfobs.dws time 0 ms
[01/11/2024 17:31:28 00001064] Url filter ignored (file name = white_dwfobs.dws, type=whitelist_obscenity, timestamp=2019-03-22 18:15:06)
[01/11/2024 17:31:28 00001064] <DEBUG:1> trying url filter base file: C:\ProgramData\Doctor Web\DWS\white_dwfogm.dws
[01/11/2024 17:31:28 00001064] <DEBUG:1> TIMER: file C:\ProgramData\Doctor Web\DWS\white_dwfogm.dws time 0 ms
[01/11/2024 17:31:28 00001064] Url filter ignored (file name = white_dwfogm.dws, type=whitelist_online_games, timestamp=2019-03-22 18:15:06)
[01/11/2024 17:31:28 00001064] <DEBUG:1> trying url filter base file: C:\ProgramData\Doctor Web\DWS\white_dwfprc.dws
[01/11/2024 17:31:28 00001064] <DEBUG:1> TIMER: file C:\ProgramData\Doctor Web\DWS\white_dwfprc.dws time 0 ms
[01/11/2024 17:31:28 00001064] Url exclude filter loaded (file name = white_dwfprc.dws, type=whitelist_piracy, timestamp=2020-09-29 07:45:21)
[01/11/2024 17:31:28 00001064] <DEBUG:1> trying url filter base file: C:\ProgramData\Doctor Web\DWS\white_dwfprn.dws
[01/11/2024 17:31:28 00001064] <DEBUG:1> TIMER: file C:\ProgramData\Doctor Web\DWS\white_dwfprn.dws time 0 ms
[01/11/2024 17:31:28 00001064] Url filter ignored (file name = white_dwfprn.dws, type=whitelist_porno, timestamp=2020-11-29 07:00:03)
[01/11/2024 17:31:28 00001064] <DEBUG:1> trying url filter base file: C:\ProgramData\Doctor Web\DWS\white_dwfscl.dws
[01/11/2024 17:31:28 00001064] <DEBUG:1> TIMER: file C:\ProgramData\Doctor Web\DWS\white_dwfscl.dws time 0 ms
[01/11/2024 17:31:28 00001064] Url filter ignored (file name = white_dwfscl.dws, type=whitelist_socialnetwork, timestamp=2020-09-25 08:00:04)
[01/11/2024 17:31:28 00001064] <DEBUG:1> trying url filter base file: C:\ProgramData\Doctor Web\DWS\white_dwfter.dws
[01/11/2024 17:31:28 00001064] <DEBUG:1> TIMER: file C:\ProgramData\Doctor Web\DWS\white_dwfter.dws time 0 ms
[01/11/2024 17:31:28 00001064] Url filter ignored (file name = white_dwfter.dws, type=whitelist_terrorism, timestamp=2019-03-22 18:15:06)
[01/11/2024 17:31:28 00001064] <DEBUG:1> trying url filter base file: C:\ProgramData\Doctor Web\DWS\white_dwfvln.dws
[01/11/2024 17:31:28 00001064] <DEBUG:1> TIMER: file C:\ProgramData\Doctor Web\DWS\white_dwfvln.dws time 0 ms
[01/11/2024 17:31:28 00001064] Url filter ignored (file name = white_dwfvln.dws, type=whitelist_violence, timestamp=2019-03-22 18:15:06)
[01/11/2024 17:31:28 00001064] <DEBUG:1> trying url filter base file: C:\ProgramData\Doctor Web\DWS\white_dwfwpn.dws
[01/11/2024 17:31:28 00001064] <DEBUG:1> TIMER: file C:\ProgramData\Doctor Web\DWS\white_dwfwpn.dws time 0 ms
[01/11/2024 17:31:28 00001064] Url filter ignored (file name = white_dwfwpn.dws, type=whitelist_weapon, timestamp=2020-04-29 07:15:04)
[01/11/2024 17:31:28 00001064] <DEBUG:1> TIMER: total 97 ms loading 87 ms
[01/03/2023 17:36:00 00001078] <DEBUG:1> Config update 00000019 00000002
[01/03/2023 17:36:00 00001078] LogLevelMail = 1
[01/03/2023 17:36:00 00001078] LogLevelHttp = 1
[01/03/2023 17:36:00 00001078] CheckIncoming = Yes
[01/03/2023 17:36:00 00001078] CheckOutgoing = No
[01/03/2023 17:36:00 00001078] CheckArchives = No
[01/03/2023 17:36:00 00001078] CheckContainners = No
[01/03/2023 17:36:00 00001078] CheckIM = Yes
[01/03/2023 17:36:00 00001078] SpeedBalance = 125
[01/03/2023 17:36:00 00001078] BlockMalwareUrls = Yes
[01/03/2023 17:36:00 00001078] BlockScamAndFraud = Yes
[01/03/2023 17:36:00 00001078] BlockPiracy = Yes
[01/03/2023 17:36:00 00001078] BlockAdware = Yes
[01/03/2023 17:36:00 00001078] BlockDialers = Yes
[01/03/2023 17:36:00 00001078] BlockRiskware = No
[01/03/2023 17:36:00 00001078] BlockHacktools = No
[01/03/2023 17:36:00 00001078] BlockJokes = No
[01/03/2023 17:36:00 00001078] BlockSuspicious = Yes
[01/03/2023 17:36:00 00001078] BlockNotChecked = No
[01/03/2023 17:36:00 00001078] BlockMalformed = No
[01/03/2023 17:36:00 00001078] ProxyPort = 0
[01/03/2023 17:36:00 00001078] ChainProxyAddr = ""
[01/03/2023 17:36:00 00001078] ChainProxyPort = 0
[01/03/2023 17:36:00 00001078] QueryDNSWhenProxy = Yes
[01/03/2023 17:36:00 00001078] UrlFilter = No
[01/03/2023 17:36:00 00001078] BlockSites = No
[01/03/2023 17:36:00 00001078] SafeSearch = Yes
[01/03/2023 17:36:00 00001078] ProfileEnabled = Yes
[01/03/2023 17:36:00 00001078] OfficeControl = No
[01/03/2023 17:36:00 00001078] LngFileName = "ru-drweb.dwl"
[01/03/2023 17:36:00 00001078] ParentalControlInstalled = Yes
[01/03/2023 17:36:00 00001078] ActionInfected = 1
[01/03/2023 17:36:00 00001078] ActionIncurable = 2
[01/03/2023 17:36:00 00001078] ActionSuspicious = 2
[01/03/2023 17:36:00 00001078] ActionNotChecked = 8
[01/03/2023 17:36:00 00001078] ActionMalformed = 8
[01/03/2023 17:36:00 00001078] ActionAdware = 2
[01/03/2023 17:36:00 00001078] ActionDialers = 2
[01/03/2023 17:36:00 00001078] ActionRiskware = 8
[01/03/2023 17:36:00 00001078] ActionHacktools = 8
[01/03/2023 17:36:00 00001078] ActionJokes = 8
[01/03/2023 17:36:00 00001078] HeuristicAnalysis = Yes
[01/03/2023 17:36:00 00001078] VirusActivityControl = Yes
[01/03/2023 17:36:00 00001078] CheckArchivesMail = No
[01/03/2023 17:36:00 00001078] CheckContainersMail = No
[01/03/2023 17:36:00 00001078] InsertXAntiVirus = Yes
[01/03/2023 17:36:00 00001078] DeleteMessagesOnServer = No
[01/03/2023 17:36:00 00001078] MessageScanTimeout = 250
[01/03/2023 17:36:00 00001078] MaxFileSizeToExtract = 30720
[01/03/2023 17:36:00 00001078] MaxCompressionRatio = 0
[01/03/2023 17:36:00 00001078] MaxArchiveLevel = 64
[01/03/2023 17:36:00 00001078] CheckSpam = Yes
[01/03/2023 17:36:00 00001078] SpamAllowCyrillic = Yes
[01/03/2023 17:36:00 00001078] SpamAllowCJK = Yes
[01/03/2023 17:36:00 00001078] AddSpamSubj = Yes
[01/03/2023 17:36:00 00001078] SpamSubj = "[SPAM]"
[01/03/2023 17:36:00 00001078] SSL = No
[01/03/2023 17:36:00 00001078] CertificateSubject = "0 Dr.Web for Windows"
[01/03/2023 17:36:00 00001078] CertificateHash = ""
[01/03/2023 17:36:00 00001078] UseProfiles = Yes
[01/03/2023 17:36:00 00001078] Parental Control profiles = 0
[01/03/2023 17:36:00 00001078]     SID = ""
[01/03/2023 17:36:00 00001078]         UrlFilter = No
[01/03/2023 17:36:00 00001078]         BlockSites = No
[01/03/2023 17:36:00 00001078]         SafeSearch = Yes
[01/03/2023 17:36:00 00001078]         ProfileEnabled = Yes
[01/03/2023 17:36:00 00001078]         \settings\ParentalControl\BlockPorno = Yes
[01/03/2023 17:36:00 00001078]         \settings\ParentalControl\BlockViolence = Yes
[01/03/2023 17:36:00 00001078]         \settings\ParentalControl\BlockWeapon = Yes
[01/03/2023 17:36:00 00001078]         \settings\ParentalControl\BlockGamble = Yes
[01/03/2023 17:36:00 00001078]         \settings\ParentalControl\BlockDrugs = Yes
[01/03/2023 17:36:00 00001078]         \settings\ParentalControl\BlockObscenity = Yes
[01/03/2023 17:36:00 00001078]         \settings\ParentalControl\BlockChats = No
[01/03/2023 17:36:00 00001078]         \settings\ParentalControl\BlockTerrorism = Yes
[01/03/2023 17:36:00 00001078]         \settings\ParentalControl\BlockE_Mail = No
[01/03/2023 17:36:00 00001078]         \settings\ParentalControl\BlockSocialNetwork = No
[01/03/2023 17:36:00 00001078]         \settings\ParentalControl\BlockOnlineGames = No
[01/03/2023 17:36:00 00001078]         \settings\ParentalControl\BlockAnonymizers = No
[01/03/2023 17:36:00 00001078]         \settings\ParentalControl\BlockMiners = No
[01/03/2023 17:36:00 00001078]         ProfileAccessMode = 0
[01/03/2023 17:36:00 00001078]         InternetAccess[sun] = "111111111111111111111111111111111111111111111111"
[01/03/2023 17:36:00 00001078]         InternetAccess[mon] = "111111111111111111111111111111111111111111111111"
[01/03/2023 17:36:00 00001078]         InternetAccess[tue] = "111111111111111111111111111111111111111111111111"
[01/03/2023 17:36:00 00001078]         InternetAccess[wed] = "111111111111111111111111111111111111111111111111"
[01/03/2023 17:36:00 00001078]         InternetAccess[thu] = "111111111111111111111111111111111111111111111111"
[01/03/2023 17:36:00 00001078]         InternetAccess[fri] = "111111111111111111111111111111111111111111111111"
[01/03/2023 17:36:00 00001078]         InternetAccess[sat] = "111111111111111111111111111111111111111111111111"
[01/03/2023 17:36:00 00001078]         LogonAccess[sun] = "111111111111111111111111111111111111111111111111"
[01/03/2023 17:36:00 00001078]         LogonAccess[mon] = "111111111111111111111111111111111111111111111111"
[01/03/2023 17:36:00 00001078]         LogonAccess[tue] = "111111111111111111111111111111111111111111111111"
[01/03/2023 17:36:00 00001078]         LogonAccess[wed] = "111111111111111111111111111111111111111111111111"
[01/03/2023 17:36:00 00001078]         LogonAccess[thu] = "111111111111111111111111111111111111111111111111"
[01/03/2023 17:36:00 00001078]         LogonAccess[fri] = "111111111111111111111111111111111111111111111111"
[01/03/2023 17:36:00 00001078]         LogonAccess[sat] = "111111111111111111111111111111111111111111111111"
[01/03/2023 17:36:00 00001078]         DayLimitWorkdays.enabled = No
[01/03/2023 17:36:00 00001078]         DayLimitWorkdays.limit = 10800
[01/03/2023 17:36:00 00001078]         DayLimitWeekend.enabled = No
[01/03/2023 17:36:00 00001078]         DayLimitWeekend.limit = 10800
[01/03/2023 17:36:00 00001078]         NightLimitWorkdays.enabled = No
[01/03/2023 17:36:00 00001078]         NightLimitWorkdays.start = 82800
[01/03/2023 17:36:00 00001078]         NightLimitWorkdays.end = 25200
[01/03/2023 17:36:00 00001078]         NightLimitWeekend.enabled = No
[01/03/2023 17:36:00 00001078]         NightLimitWeekend.start = 82800
[01/03/2023 17:36:00 00001078]         NightLimitWeekend.end = 25200
[01/03/2023 17:36:00 00001078] UseCloud = Yes
[01/03/2023 17:36:00 00001078] SpiderMail is enabled, license ok
[01/03/2023 17:36:00 00001078] SpiderGate is enabled, license ok
[01/03/2023 17:36:00 00001078] ParentalControl is enabled
[01/03/2023 17:36:00 00001078] Antispam license ok
[01/03/2023 17:36:00 00001078] <DEBUG:1> Config update 00000000 00000000
[01/03/2023 17:36:00 00001078] LogLevelMail = 1
[01/03/2023 17:36:00 00001078] LogLevelHttp = 1
[01/03/2023 17:36:00 00001078] CheckIncoming = Yes
[01/03/2023 17:36:00 00001078] CheckOutgoing = No
[01/03/2023 17:36:00 00001078] CheckArchives = No
[01/03/2023 17:36:00 00001078] CheckContainners = No
[01/03/2023 17:36:00 00001078] CheckIM = Yes
[01/03/2023 17:36:00 00001078] SpeedBalance = 125
[01/03/2023 17:36:00 00001078] BlockMalwareUrls = Yes
[01/03/2023 17:36:00 00001078] BlockScamAndFraud = Yes
[01/03/2023 17:36:00 00001078] BlockPiracy = Yes
[01/03/2023 17:36:00 00001078] BlockAdware = Yes
[01/03/2023 17:36:00 00001078] BlockDialers = Yes
[01/03/2023 17:36:00 00001078] BlockRiskware = No
[01/03/2023 17:36:00 00001078] BlockHacktools = No
[01/03/2023 17:36:00 00001078] BlockJokes = No
[01/03/2023 17:36:00 00001078] BlockSuspicious = Yes
[01/03/2023 17:36:00 00001078] BlockNotChecked = No
[01/03/2023 17:36:00 00001078] BlockMalformed = No
[01/03/2023 17:36:00 00001078] ProxyPort = 0
[01/03/2023 17:36:00 00001078] ChainProxyAddr = ""
[01/03/2023 17:36:00 00001078] ChainProxyPort = 0
[01/03/2023 17:36:00 00001078] QueryDNSWhenProxy = Yes
[01/03/2023 17:36:00 00001078] UrlFilter = No
[01/03/2023 17:36:00 00001078] BlockSites = No
[01/03/2023 17:36:00 00001078] SafeSearch = Yes
[01/03/2023 17:36:00 00001078] ProfileEnabled = Yes
[01/03/2023 17:36:00 00001078] OfficeControl = No
[01/03/2023 17:36:00 00001078] LngFileName = "ru-drweb.dwl"
[01/03/2023 17:36:00 00001078] ParentalControlInstalled = Yes
[01/03/2023 17:36:00 00001078] ActionInfected = 1
[01/03/2023 17:36:00 00001078] ActionIncurable = 2
[01/03/2023 17:36:00 00001078] ActionSuspicious = 2
[01/03/2023 17:36:00 00001078] ActionNotChecked = 8
[01/03/2023 17:36:00 00001078] ActionMalformed = 8
[01/03/2023 17:36:00 00001078] ActionAdware = 2
[01/03/2023 17:36:00 00001078] ActionDialers = 2
[01/03/2023 17:36:00 00001078] ActionRiskware = 8
[01/03/2023 17:36:00 00001078] ActionHacktools = 8
[01/03/2023 17:36:00 00001078] ActionJokes = 8
[01/03/2023 17:36:00 00001078] HeuristicAnalysis = Yes
[01/03/2023 17:36:00 00001078] VirusActivityControl = Yes
[01/03/2023 17:36:00 00001078] CheckArchivesMail = No
[01/03/2023 17:36:00 00001078] CheckContainersMail = No
[01/03/2023 17:36:00 00001078] InsertXAntiVirus = Yes
[01/03/2023 17:36:00 00001078] DeleteMessagesOnServer = No
[01/03/2023 17:36:00 00001078] MessageScanTimeout = 250
[01/03/2023 17:36:00 00001078] MaxFileSizeToExtract = 30720
[01/03/2023 17:36:00 00001078] MaxCompressionRatio = 0
[01/03/2023 17:36:00 00001078] MaxArchiveLevel = 64
[01/03/2023 17:36:00 00001078] CheckSpam = Yes
[01/03/2023 17:36:00 00001078] SpamAllowCyrillic = Yes
[01/03/2023 17:36:00 00001078] SpamAllowCJK = Yes
[01/03/2023 17:36:00 00001078] AddSpamSubj = Yes
[01/03/2023 17:36:00 00001078] SpamSubj = "[SPAM]"
[01/03/2023 17:36:00 00001078] SSL = No
[01/03/2023 17:36:00 00001078] CertificateSubject = "0 Dr.Web for Windows"
[01/03/2023 17:36:00 00001078] CertificateHash = ""
[01/03/2023 17:36:00 00001078] UseProfiles = Yes
[01/03/2023 17:36:00 00001078] Parental Control profiles = 0
[01/03/2023 17:36:00 00001078]     SID = ""
[01/03/2023 17:36:00 00001078]         UrlFilter = No
[01/03/2023 17:36:00 00001078]         BlockSites = No
[01/03/2023 17:36:00 00001078]         SafeSearch = Yes
[01/03/2023 17:36:00 00001078]         ProfileEnabled = Yes
[01/03/2023 17:36:00 00001078]         \settings\ParentalControl\BlockPorno = Yes
[01/03/2023 17:36:00 00001078]         \settings\ParentalControl\BlockViolence = Yes
[01/03/2023 17:36:00 00001078]         \settings\ParentalControl\BlockWeapon = Yes
[01/03/2023 17:36:00 00001078]         \settings\ParentalControl\BlockGamble = Yes
[01/03/2023 17:36:00 00001078]         \settings\ParentalControl\BlockDrugs = Yes
[01/03/2023 17:36:00 00001078]         \settings\ParentalControl\BlockObscenity = Yes
[01/03/2023 17:36:00 00001078]         \settings\ParentalControl\BlockChats = No
[01/03/2023 17:36:00 00001078]         \settings\ParentalControl\BlockTerrorism = Yes
[01/03/2023 17:36:00 00001078]         \settings\ParentalControl\BlockE_Mail = No
[01/03/2023 17:36:00 00001078]         \settings\ParentalControl\BlockSocialNetwork = No
[01/03/2023 17:36:00 00001078]         \settings\ParentalControl\BlockOnlineGames = No
[01/03/2023 17:36:00 00001078]         \settings\ParentalControl\BlockAnonymizers = No
[01/03/2023 17:36:00 00001078]         \settings\ParentalControl\BlockMiners = No
[01/03/2023 17:36:00 00001078]         ProfileAccessMode = 0
[01/03/2023 17:36:00 00001078]         InternetAccess[sun] = "111111111111111111111111111111111111111111111111"
[01/03/2023 17:36:00 00001078]         InternetAccess[mon] = "111111111111111111111111111111111111111111111111"
[01/03/2023 17:36:00 00001078]         InternetAccess[tue] = "111111111111111111111111111111111111111111111111"
[01/03/2023 17:36:00 00001078]         InternetAccess[wed] = "111111111111111111111111111111111111111111111111"
[01/03/2023 17:36:00 00001078]         InternetAccess[thu] = "111111111111111111111111111111111111111111111111"
[01/03/2023 17:36:00 00001078]         InternetAccess[fri] = "111111111111111111111111111111111111111111111111"
[01/03/2023 17:36:00 00001078]         InternetAccess[sat] = "111111111111111111111111111111111111111111111111"
[01/03/2023 17:36:00 00001078]         LogonAccess[sun] = "111111111111111111111111111111111111111111111111"
[01/03/2023 17:36:00 00001078]         LogonAccess[mon] = "111111111111111111111111111111111111111111111111"
[01/03/2023 17:36:00 00001078]         LogonAccess[tue] = "111111111111111111111111111111111111111111111111"
[01/03/2023 17:36:00 00001078]         LogonAccess[wed] = "111111111111111111111111111111111111111111111111"
[01/03/2023 17:36:00 00001078]         LogonAccess[thu] = "111111111111111111111111111111111111111111111111"
[01/03/2023 17:36:00 00001078]         LogonAccess[fri] = "111111111111111111111111111111111111111111111111"
[01/03/2023 17:36:00 00001078]         LogonAccess[sat] = "111111111111111111111111111111111111111111111111"
[01/03/2023 17:36:00 00001078]         DayLimitWorkdays.enabled = No
[01/03/2023 17:36:00 00001078]         DayLimitWorkdays.limit = 10800
[01/03/2023 17:36:00 00001078]         DayLimitWeekend.enabled = No
[01/03/2023 17:36:00 00001078]         DayLimitWeekend.limit = 10800
[01/03/2023 17:36:00 00001078]         NightLimitWorkdays.enabled = No
[01/03/2023 17:36:00 00001078]         NightLimitWorkdays.start = 82800
[01/03/2023 17:36:00 00001078]         NightLimitWorkdays.end = 25200
[01/03/2023 17:36:00 00001078]         NightLimitWeekend.enabled = No
[01/03/2023 17:36:00 00001078]         NightLimitWeekend.start = 82800
[01/03/2023 17:36:00 00001078]         NightLimitWeekend.end = 25200
[01/03/2023 17:36:00 00001078] UseCloud = Yes
[01/03/2023 17:36:00 00001078] SpiderMail is enabled, license ok
[01/03/2023 17:36:00 00001078] SpiderGate is enabled, license ok
[01/03/2023 17:36:00 00001078] ParentalControl is enabled
[01/03/2023 17:36:00 00001078] Antispam license ok
[01/03/2023 17:36:12 00001060] Service shutdown received
[01/03/2023 17:36:12 00001070] <DEBUG:1> Managed shutdown started.
[01/03/2023 17:36:12 00001070] <DEBUG:1> Closing driver accept threads...
[01/03/2023 17:36:12 00001070] <DEBUG:1> Closing connections...
[01/03/2023 17:36:12 00001070] <DEBUG:1> Detaching config...
[01/03/2023 17:36:12 00001070] <DEBUG:1> Reporting service as stopped...
[01/03/2023 17:36:12 00001070] <DEBUG:1> Managed shutdown completed. Global objects are to be destroyed.

=============================================================================
DrWeb Net Filtering Service for Windows Workstations v11.5.4.02210
Copyright (c) Doctor Web, Ltd., 1992-2020
Operating System: Windows 10 Starter x64/native (Build 19045)
Command line: "C:\Program Files\DrWeb\dwnetfilter.exe" --ats
=============================================================================
[01/11/2024 17:36:57 00001958] WFP driver i0.0 v11.1.10.09130
[01/11/2024 17:36:57 00001958] WFP server created
[01/11/2024 17:36:57 00001960] Service: new standalone
[01/11/2024 17:36:57 00001958] <DEBUG:1> Config update 00000019 00000045
[01/11/2024 17:36:57 00001958] LogLevelMail = 1
[01/11/2024 17:36:57 00001958] LogLevelHttp = 1
[01/11/2024 17:36:57 00001958] CheckIncoming = Yes
[01/11/2024 17:36:57 00001958] CheckOutgoing = No
[01/11/2024 17:36:57 00001958] CheckArchives = No
[01/11/2024 17:36:57 00001958] CheckContainners = No
[01/11/2024 17:36:57 00001958] CheckIM = Yes
[01/11/2024 17:36:57 00001958] SpeedBalance = 125
[01/11/2024 17:36:57 00001958] BlockMalwareUrls = Yes
[01/11/2024 17:36:57 00001958] BlockScamAndFraud = Yes
[01/11/2024 17:36:57 00001958] BlockPiracy = Yes
[01/11/2024 17:36:57 00001958] BlockAdware = Yes
[01/11/2024 17:36:57 00001958] BlockDialers = Yes
[01/11/2024 17:36:57 00001958] BlockRiskware = No
[01/11/2024 17:36:57 00001958] BlockHacktools = No
[01/11/2024 17:36:57 00001958] BlockJokes = No
[01/11/2024 17:36:57 00001958] BlockSuspicious = Yes
[01/11/2024 17:36:57 00001958] BlockNotChecked = No
[01/11/2024 17:36:57 00001958] BlockMalformed = No
[01/11/2024 17:36:57 00001958] ProxyPort = 0
[01/11/2024 17:36:57 00001958] ChainProxyAddr = ""
[01/11/2024 17:36:57 00001958] ChainProxyPort = 0
[01/11/2024 17:36:57 00001958] QueryDNSWhenProxy = Yes
[01/11/2024 17:36:57 00001958] UrlFilter = No
[01/11/2024 17:36:57 00001958] BlockSites = No
[01/11/2024 17:36:57 00001958] SafeSearch = Yes
[01/11/2024 17:36:57 00001958] ProfileEnabled = Yes
[01/11/2024 17:36:57 00001958] OfficeControl = No
[01/11/2024 17:36:57 00001958] LngFileName = "ru-drweb.dwl"
[01/11/2024 17:36:57 00001958] ParentalControlInstalled = Yes
[01/11/2024 17:36:57 00001958] ActionInfected = 1
[01/11/2024 17:36:57 00001958] ActionIncurable = 2
[01/11/2024 17:36:57 00001958] ActionSuspicious = 2
[01/11/2024 17:36:57 00001958] ActionNotChecked = 8
[01/11/2024 17:36:57 00001958] ActionMalformed = 8
[01/11/2024 17:36:57 00001958] ActionAdware = 2
[01/11/2024 17:36:57 00001958] ActionDialers = 2
[01/11/2024 17:36:57 00001958] ActionRiskware = 8
[01/11/2024 17:36:57 00001958] ActionHacktools = 8
[01/11/2024 17:36:57 00001958] ActionJokes = 8
[01/11/2024 17:36:57 00001958] HeuristicAnalysis = Yes
[01/11/2024 17:36:57 00001958] VirusActivityControl = Yes
[01/11/2024 17:36:57 00001958] CheckArchivesMail = No
[01/11/2024 17:36:57 00001958] CheckContainersMail = No
[01/11/2024 17:36:57 00001958] InsertXAntiVirus = Yes
[01/11/2024 17:36:57 00001958] DeleteMessagesOnServer = No
[01/11/2024 17:36:57 00001958] MessageScanTimeout = 250
[01/11/2024 17:36:57 00001958] MaxFileSizeToExtract = 30720
[01/11/2024 17:36:57 00001958] MaxCompressionRatio = 0
[01/11/2024 17:36:57 00001958] MaxArchiveLevel = 64
[01/11/2024 17:36:57 00001958] CheckSpam = Yes
[01/11/2024 17:36:57 00001958] SpamAllowCyrillic = Yes
[01/11/2024 17:36:57 00001958] SpamAllowCJK = Yes
[01/11/2024 17:36:57 00001958] AddSpamSubj = Yes
[01/11/2024 17:36:57 00001958] SpamSubj = "[SPAM]"
[01/11/2024 17:36:57 00001958] SSL = No
[01/11/2024 17:36:57 00001958] CertificateSubject = "0 Dr.Web for Windows"
[01/11/2024 17:36:57 00001958] CertificateHash = ""
[01/11/2024 17:36:57 00001958] UseProfiles = Yes
[01/11/2024 17:36:57 00001958] Parental Control profiles = 0
[01/11/2024 17:36:57 00001958]     SID = ""
[01/11/2024 17:36:57 00001958]         UrlFilter = No
[01/11/2024 17:36:57 00001958]         BlockSites = No
[01/11/2024 17:36:57 00001958]         SafeSearch = Yes
[01/11/2024 17:36:57 00001958]         ProfileEnabled = Yes
[01/11/2024 17:36:57 00001958]         \settings\ParentalControl\BlockPorno = Yes
[01/11/2024 17:36:57 00001958]         \settings\ParentalControl\BlockViolence = Yes
[01/11/2024 17:36:57 00001958]         \settings\ParentalControl\BlockWeapon = Yes
[01/11/2024 17:36:57 00001958]         \settings\ParentalControl\BlockGamble = Yes
[01/11/2024 17:36:57 00001958]         \settings\ParentalControl\BlockDrugs = Yes
[01/11/2024 17:36:57 00001958]         \settings\ParentalControl\BlockObscenity = Yes
[01/11/2024 17:36:57 00001958]         \settings\ParentalControl\BlockChats = No
[01/11/2024 17:36:57 00001958]         \settings\ParentalControl\BlockTerrorism = Yes
[01/11/2024 17:36:57 00001958]         \settings\ParentalControl\BlockE_Mail = No
[01/11/2024 17:36:57 00001958]         \settings\ParentalControl\BlockSocialNetwork = No
[01/11/2024 17:36:57 00001958]         \settings\ParentalControl\BlockOnlineGames = No
[01/11/2024 17:36:57 00001958]         \settings\ParentalControl\BlockAnonymizers = No
[01/11/2024 17:36:57 00001958]         \settings\ParentalControl\BlockMiners = No
[01/11/2024 17:36:57 00001958]         ProfileAccessMode = 0
[01/11/2024 17:36:57 00001958]         InternetAccess[sun] = "111111111111111111111111111111111111111111111111"
[01/11/2024 17:36:57 00001958]         InternetAccess[mon] = "111111111111111111111111111111111111111111111111"
[01/11/2024 17:36:57 00001958]         InternetAccess[tue] = "111111111111111111111111111111111111111111111111"
[01/11/2024 17:36:57 00001958]         InternetAccess[wed] = "111111111111111111111111111111111111111111111111"
[01/11/2024 17:36:57 00001958]         InternetAccess[thu] = "111111111111111111111111111111111111111111111111"
[01/11/2024 17:36:57 00001958]         InternetAccess[fri] = "111111111111111111111111111111111111111111111111"
[01/11/2024 17:36:57 00001958]         InternetAccess[sat] = "111111111111111111111111111111111111111111111111"
[01/11/2024 17:36:57 00001958]         LogonAccess[sun] = "111111111111111111111111111111111111111111111111"
[01/11/2024 17:36:57 00001958]         LogonAccess[mon] = "111111111111111111111111111111111111111111111111"
[01/11/2024 17:36:57 00001958]         LogonAccess[tue] = "111111111111111111111111111111111111111111111111"
[01/11/2024 17:36:57 00001958]         LogonAccess[wed] = "111111111111111111111111111111111111111111111111"
[01/11/2024 17:36:57 00001958]         LogonAccess[thu] = "111111111111111111111111111111111111111111111111"
[01/11/2024 17:36:57 00001958]         LogonAccess[fri] = "111111111111111111111111111111111111111111111111"
[01/11/2024 17:36:57 00001958]         LogonAccess[sat] = "111111111111111111111111111111111111111111111111"
[01/11/2024 17:36:57 00001958]         DayLimitWorkdays.enabled = No
[01/11/2024 17:36:57 00001958]         DayLimitWorkdays.limit = 10800
[01/11/2024 17:36:57 00001958]         DayLimitWeekend.enabled = No
[01/11/2024 17:36:57 00001958]         DayLimitWeekend.limit = 10800
[01/11/2024 17:36:57 00001958]         NightLimitWorkdays.enabled = No
[01/11/2024 17:36:57 00001958]         NightLimitWorkdays.start = 82800
[01/11/2024 17:36:57 00001958]         NightLimitWorkdays.end = 25200
[01/11/2024 17:36:57 00001958]         NightLimitWeekend.enabled = No
[01/11/2024 17:36:57 00001958]         NightLimitWeekend.start = 82800
[01/11/2024 17:36:57 00001958]         NightLimitWeekend.end = 25200
[01/11/2024 17:36:57 00001958] UseCloud = Yes
[01/11/2024 17:36:57 00001958] SpiderMail is enabled, license not found
[01/11/2024 17:36:57 00001958] SpiderGate is enabled, license not found
[01/11/2024 17:36:57 00001958] ParentalControl is enabled
[01/11/2024 17:36:57 00001958] Antispam license not found
[01/11/2024 17:36:57 0000194c] Loading the predefined URL-filter lists from C:\ProgramData\Doctor Web\DWS\
[01/11/2024 17:36:57 0000194c] <DEBUG:1> trying url filter base file: C:\ProgramData\Doctor Web\DWS\dwfanonym00.dws
[01/11/2024 17:36:57 0000194c] <DEBUG:1> TIMER: file C:\ProgramData\Doctor Web\DWS\dwfanonym00.dws time 1 ms
[01/11/2024 17:36:57 0000194c] Url filter ignored (file name = dwfanonym00.dws, type=anonymizer, timestamp=2020-07-07 15:45:23)
[01/11/2024 17:36:57 0000194c] <DEBUG:1> trying url filter base file: C:\ProgramData\Doctor Web\DWS\dwfcht00.dws
[01/11/2024 17:36:57 0000194c] <DEBUG:1> TIMER: file C:\ProgramData\Doctor Web\DWS\dwfcht00.dws time 0 ms
[01/11/2024 17:36:57 0000194c] Url filter ignored (file name = dwfcht00.dws, type=chats, timestamp=2020-11-23 13:00:08)
[01/11/2024 17:36:57 0000194c] <DEBUG:1> trying url filter base file: C:\ProgramData\Doctor Web\DWS\dwfdrg00.dws
[01/11/2024 17:36:57 0000194c] <DEBUG:1> TIMER: file C:\ProgramData\Doctor Web\DWS\dwfdrg00.dws time 1 ms
[01/11/2024 17:36:57 0000194c] Url filter ignored (file name = dwfdrg00.dws, type=drugs, timestamp=2020-11-29 10:30:30)
[01/11/2024 17:36:57 0000194c] <DEBUG:1> trying url filter base file: C:\ProgramData\Doctor Web\DWS\dwfeml00.dws
[01/11/2024 17:36:57 0000194c] <DEBUG:1> TIMER: file C:\ProgramData\Doctor Web\DWS\dwfeml00.dws time 0 ms
[01/11/2024 17:36:57 0000194c] Url filter ignored (file name = dwfeml00.dws, type=e-mail, timestamp=2018-11-29 07:02:12)
[01/11/2024 17:36:57 0000194c] <DEBUG:1> trying url filter base file: C:\ProgramData\Doctor Web\DWS\dwffse00.dws
[01/11/2024 17:36:57 0000194c] <DEBUG:1> TIMER: file C:\ProgramData\Doctor Web\DWS\dwffse00.dws time 10 ms
[01/11/2024 17:36:57 0000194c] Url filter loaded (file name = dwffse00.dws, type=social_engineering, timestamp=2019-11-24 19:30:31)
[01/11/2024 17:36:57 0000194c] <DEBUG:1> trying url filter base file: C:\ProgramData\Doctor Web\DWS\dwffse01.dws
[01/11/2024 17:36:57 0000194c] <DEBUG:1> TIMER: file C:\ProgramData\Doctor Web\DWS\dwffse01.dws time 0 ms
[01/11/2024 17:36:57 0000194c] Url filter loaded (file name = dwffse01.dws, type=social_engineering, timestamp=2020-10-18 14:49:43)
[01/11/2024 17:36:57 0000194c] <DEBUG:1> trying url filter base file: C:\ProgramData\Doctor Web\DWS\dwffse02.dws
[01/11/2024 17:36:57 0000194c] <DEBUG:1> TIMER: file C:\ProgramData\Doctor Web\DWS\dwffse02.dws time 0 ms
[01/11/2024 17:36:57 0000194c] Url filter loaded (file name = dwffse02.dws, type=social_engineering, timestamp=2019-11-19 17:45:10)
[01/11/2024 17:36:57 0000194c] <DEBUG:1> trying url filter base file: C:\ProgramData\Doctor Web\DWS\dwffse03.dws
[01/11/2024 17:36:57 0000194c] <DEBUG:1> TIMER: file C:\ProgramData\Doctor Web\DWS\dwffse03.dws time 0 ms
[01/11/2024 17:36:57 0000194c] Url filter loaded (file name = dwffse03.dws, type=social_engineering, timestamp=2019-11-19 17:45:20)
[01/11/2024 17:36:57 0000194c] <DEBUG:1> trying url filter base file: C:\ProgramData\Doctor Web\DWS\dwffse04.dws
[01/11/2024 17:36:57 0000194c] <DEBUG:1> TIMER: file C:\ProgramData\Doctor Web\DWS\dwffse04.dws time 0 ms
[01/11/2024 17:36:57 0000194c] Url filter loaded (file name = dwffse04.dws, type=social_engineering, timestamp=2019-11-19 15:15:52)
[01/11/2024 17:36:57 0000194c] <DEBUG:1> trying url filter base file: C:\ProgramData\Doctor Web\DWS\dwffse05.dws
[01/11/2024 17:36:57 0000194c] <DEBUG:1> TIMER: file C:\ProgramData\Doctor Web\DWS\dwffse05.dws time 0 ms
[01/11/2024 17:36:57 0000194c] Url filter loaded (file name = dwffse05.dws, type=social_engineering, timestamp=2020-09-12 17:00:31)
[01/11/2024 17:36:57 0000194c] <DEBUG:1> trying url filter base file: C:\ProgramData\Doctor Web\DWS\dwffse06.dws
[01/11/2024 17:36:57 0000194c] <DEBUG:1> TIMER: file C:\ProgramData\Doctor Web\DWS\dwffse06.dws time 0 ms
[01/11/2024 17:36:57 0000194c] Url filter loaded (file name = dwffse06.dws, type=social_engineering, timestamp=2020-09-21 15:15:35)
[01/11/2024 17:36:57 0000194c] <DEBUG:1> trying url filter base file: C:\ProgramData\Doctor Web\DWS\dwffse07.dws
[01/11/2024 17:36:57 0000194c] <DEBUG:1> TIMER: file C:\ProgramData\Doctor Web\DWS\dwffse07.dws time 0 ms
[01/11/2024 17:36:57 0000194c] Url filter loaded (file name = dwffse07.dws, type=social_engineering, timestamp=2020-07-07 10:00:35)
[01/11/2024 17:36:57 0000194c] <DEBUG:1> trying url filter base file: C:\ProgramData\Doctor Web\DWS\dwffse08.dws
[01/11/2024 17:36:57 0000194c] <DEBUG:1> TIMER: file C:\ProgramData\Doctor Web\DWS\dwffse08.dws time 0 ms
[01/11/2024 17:36:57 0000194c] Url filter loaded (file name = dwffse08.dws, type=social_engineering, timestamp=2020-09-19 10:15:37)
[01/11/2024 17:36:57 0000194c] <DEBUG:1> trying url filter base file: C:\ProgramData\Doctor Web\DWS\dwffse09.dws
[01/11/2024 17:36:57 0000194c] <DEBUG:1> TIMER: file C:\ProgramData\Doctor Web\DWS\dwffse09.dws time 0 ms
[01/11/2024 17:36:57 0000194c] Url filter loaded (file name = dwffse09.dws, type=social_engineering, timestamp=2020-11-25 13:00:23)
[01/11/2024 17:36:57 0000194c] <DEBUG:1> trying url filter base file: C:\ProgramData\Doctor Web\DWS\dwffse_addon.dws
[01/11/2024 17:36:57 0000194c] <DEBUG:1> TIMER: file C:\ProgramData\Doctor Web\DWS\dwffse_addon.dws time 0 ms
[01/11/2024 17:36:57 0000194c] Url filter loaded (file name = dwffse_addon.dws, type=social_engineering, timestamp=2021-00-04 09:15:04)
[01/11/2024 17:36:57 0000194c] <DEBUG:1> trying url filter base file: C:\ProgramData\Doctor Web\DWS\dwfgml00.dws
[01/11/2024 17:36:57 0000194c] <DEBUG:1> TIMER: file C:\ProgramData\Doctor Web\DWS\dwfgml00.dws time 0 ms
[01/11/2024 17:36:57 0000194c] Url filter ignored (file name = dwfgml00.dws, type=gamble, timestamp=2019-11-22 03:45:37)
[01/11/2024 17:36:57 0000194c] <DEBUG:1> trying url filter base file: C:\ProgramData\Doctor Web\DWS\dwfgml01.dws
[01/11/2024 17:36:57 0000194c] <DEBUG:1> TIMER: file C:\ProgramData\Doctor Web\DWS\dwfgml01.dws time 0 ms
[01/11/2024 17:36:57 0000194c] Url filter ignored (file name = dwfgml01.dws, type=gamble, timestamp=2019-11-21 15:00:08)
[01/11/2024 17:36:57 0000194c] <DEBUG:1> trying url filter base file: C:\ProgramData\Doctor Web\DWS\dwfgml02.dws
[01/11/2024 17:36:57 0000194c] <DEBUG:1> TIMER: file C:\ProgramData\Doctor Web\DWS\dwfgml02.dws time 0 ms
[01/11/2024 17:36:57 0000194c] Url filter ignored (file name = dwfgml02.dws, type=gamble, timestamp=2019-11-20 17:45:14)
[01/11/2024 17:36:57 0000194c] <DEBUG:1> trying url filter base file: C:\ProgramData\Doctor Web\DWS\dwfgml03.dws
[01/11/2024 17:36:57 0000194c] <DEBUG:1> TIMER: file C:\ProgramData\Doctor Web\DWS\dwfgml03.dws time 0 ms
[01/11/2024 17:36:57 0000194c] Url filter ignored (file name = dwfgml03.dws, type=gamble, timestamp=2019-11-21 09:01:41)
[01/11/2024 17:36:57 0000194c] <DEBUG:1> trying url filter base file: C:\ProgramData\Doctor Web\DWS\dwfgml04.dws
[01/11/2024 17:36:57 0000194c] <DEBUG:1> TIMER: file C:\ProgramData\Doctor Web\DWS\dwfgml04.dws time 0 ms
[01/11/2024 17:36:57 0000194c] Url filter ignored (file name = dwfgml04.dws, type=gamble, timestamp=2019-11-21 09:00:36)
[01/11/2024 17:36:57 0000194c] <DEBUG:1> trying url filter base file: C:\ProgramData\Doctor Web\DWS\dwfgml05.dws
[01/11/2024 17:36:57 0000194c] <DEBUG:1> TIMER: file C:\ProgramData\Doctor Web\DWS\dwfgml05.dws time 0 ms
[01/11/2024 17:36:57 0000194c] Url filter ignored (file name = dwfgml05.dws, type=gamble, timestamp=2019-11-21 09:01:26)
[01/11/2024 17:36:57 0000194c] <DEBUG:1> trying url filter base file: C:\ProgramData\Doctor Web\DWS\dwfgml06.dws
[01/11/2024 17:36:57 0000194c] <DEBUG:1> TIMER: file C:\ProgramData\Doctor Web\DWS\dwfgml06.dws time 0 ms
[01/11/2024 17:36:57 0000194c] Url filter ignored (file name = dwfgml06.dws, type=gamble, timestamp=2019-11-21 09:01:11)
[01/11/2024 17:36:57 0000194c] <DEBUG:1> trying url filter base file: C:\ProgramData\Doctor Web\DWS\dwfgml07.dws
[01/11/2024 17:36:57 0000194c] <DEBUG:1> TIMER: file C:\ProgramData\Doctor Web\DWS\dwfgml07.dws time 0 ms
[01/11/2024 17:36:57 0000194c] Url filter ignored (file name = dwfgml07.dws, type=gamble, timestamp=2019-11-21 14:45:40)
[01/11/2024 17:36:57 0000194c] <DEBUG:1> trying url filter base file: C:\ProgramData\Doctor Web\DWS\dwfgml08.dws
[01/11/2024 17:36:57 0000194c] <DEBUG:1> TIMER: file C:\ProgramData\Doctor Web\DWS\dwfgml08.dws time 0 ms
[01/11/2024 17:36:57 0000194c] Url filter ignored (file name = dwfgml08.dws, type=gamble, timestamp=2019-11-21 14:45:58)
[01/11/2024 17:36:57 0000194c] <DEBUG:1> trying url filter base file: C:\ProgramData\Doctor Web\DWS\dwfgml09.dws
[01/11/2024 17:36:57 0000194c] <DEBUG:1> TIMER: file C:\ProgramData\Doctor Web\DWS\dwfgml09.dws time 0 ms
[01/11/2024 17:36:57 0000194c] Url filter ignored (file name = dwfgml09.dws, type=gamble, timestamp=2019-11-21 14:45:51)
[01/11/2024 17:36:57 0000194c] <DEBUG:1> trying url filter base file: C:\ProgramData\Doctor Web\DWS\dwfgml10.dws
[01/11/2024 17:36:57 0000194c] <DEBUG:1> TIMER: file C:\ProgramData\Doctor Web\DWS\dwfgml10.dws time 0 ms
[01/11/2024 17:36:57 0000194c] Url filter ignored (file name = dwfgml10.dws, type=gamble, timestamp=2019-11-21 14:45:28)
[01/11/2024 17:36:57 0000194c] <DEBUG:1> trying url filter base file: C:\ProgramData\Doctor Web\DWS\dwfgml11.dws
[01/11/2024 17:36:57 0000194c] <DEBUG:1> TIMER: file C:\ProgramData\Doctor Web\DWS\dwfgml11.dws time 0 ms
[01/11/2024 17:36:57 0000194c] Url filter ignored (file name = dwfgml11.dws, type=gamble, timestamp=2019-11-21 20:30:30)
[01/11/2024 17:36:57 0000194c] <DEBUG:1> trying url filter base file: C:\ProgramData\Doctor Web\DWS\dwfgml12.dws
[01/11/2024 17:36:57 0000194c] <DEBUG:1> TIMER: file C:\ProgramData\Doctor Web\DWS\dwfgml12.dws time 0 ms
[01/11/2024 17:36:57 0000194c] Url filter ignored (file name = dwfgml12.dws, type=gamble, timestamp=2019-11-21 20:30:34)
[01/11/2024 17:36:57 0000194c] <DEBUG:1> trying url filter base file: C:\ProgramData\Doctor Web\DWS\dwfgml13.dws
[01/11/2024 17:36:57 0000194c] <DEBUG:1> TIMER: file C:\ProgramData\Doctor Web\DWS\dwfgml13.dws time 0 ms
[01/11/2024 17:36:57 0000194c] Url filter ignored (file name = dwfgml13.dws, type=gamble, timestamp=2019-11-21 20:30:19)
[01/11/2024 17:36:57 0000194c] <DEBUG:1> trying url filter base file: C:\ProgramData\Doctor Web\DWS\dwfgml14.dws
[01/11/2024 17:36:57 0000194c] <DEBUG:1> TIMER: file C:\ProgramData\Doctor Web\DWS\dwfgml14.dws time 0 ms
[01/11/2024 17:36:57 0000194c] Url filter ignored (file name = dwfgml14.dws, type=gamble, timestamp=2019-11-22 03:45:20)
[01/11/2024 17:36:57 0000194c] <DEBUG:1> trying url filter base file: C:\ProgramData\Doctor Web\DWS\dwfgml15.dws
[01/11/2024 17:36:57 0000194c] <DEBUG:1> TIMER: file C:\ProgramData\Doctor Web\DWS\dwfgml15.dws time 0 ms
[01/11/2024 17:36:57 0000194c] Url filter ignored (file name = dwfgml15.dws, type=gamble, timestamp=2019-11-22 03:45:13)
[01/11/2024 17:36:57 0000194c] <DEBUG:1> trying url filter base file: C:\ProgramData\Doctor Web\DWS\dwfgml16.dws
[01/11/2024 17:36:57 0000194c] <DEBUG:1> TIMER: file C:\ProgramData\Doctor Web\DWS\dwfgml16.dws time 0 ms
[01/11/2024 17:36:57 0000194c] Url filter ignored (file name = dwfgml16.dws, type=gamble, timestamp=2019-11-22 14:31:54)
[01/11/2024 17:36:57 0000194c] <DEBUG:1> trying url filter base file: C:\ProgramData\Doctor Web\DWS\dwfgml17.dws
[01/11/2024 17:36:57 0000194c] <DEBUG:1> TIMER: file C:\ProgramData\Doctor Web\DWS\dwfgml17.dws time 0 ms
[01/11/2024 17:36:57 0000194c] Url filter ignored (file name = dwfgml17.dws, type=gamble, timestamp=2019-11-22 14:31:13)
[01/11/2024 17:36:57 0000194c] <DEBUG:1> trying url filter base file: C:\ProgramData\Doctor Web\DWS\dwfgml18.dws
[01/11/2024 17:36:57 0000194c] <DEBUG:1> TIMER: file C:\ProgramData\Doctor Web\DWS\dwfgml18.dws time 0 ms
[01/11/2024 17:36:57 0000194c] Url filter ignored (file name = dwfgml18.dws, type=gamble, timestamp=2019-11-23 12:15:38)
[01/11/2024 17:36:57 0000194c] <DEBUG:1> trying url filter base file: C:\ProgramData\Doctor Web\DWS\dwfgml19.dws
[01/11/2024 17:36:57 0000194c] <DEBUG:1> TIMER: file C:\ProgramData\Doctor Web\DWS\dwfgml19.dws time 0 ms
[01/11/2024 17:36:57 0000194c] Url filter ignored (file name = dwfgml19.dws, type=gamble, timestamp=2020-11-30 14:45:25)
[01/11/2024 17:36:57 0000194c] <DEBUG:1> trying url filter base file: C:\ProgramData\Doctor Web\DWS\dwfminers00.dws
[01/11/2024 17:36:57 0000194c] <DEBUG:1> TIMER: file C:\ProgramData\Doctor Web\DWS\dwfminers00.dws time 0 ms
[01/11/2024 17:36:57 0000194c] Url filter ignored (file name = dwfminers00.dws, type=miners, timestamp=2020-11-07 11:15:03)
[01/11/2024 17:36:57 0000194c] <DEBUG:1> trying url filter base file: C:\ProgramData\Doctor Web\DWS\dwfmlw00.dws
[01/11/2024 17:36:57 0000194c] <DEBUG:1> TIMER: file C:\ProgramData\Doctor Web\DWS\dwfmlw00.dws time 0 ms
[01/11/2024 17:36:57 0000194c] Url filter loaded (file name = dwfmlw00.dws, type=malware, timestamp=2019-10-07 19:56:25)
[01/11/2024 17:36:57 0000194c] <DEBUG:1> trying url filter base file: C:\ProgramData\Doctor Web\DWS\dwfmlw01.dws
[01/11/2024 17:36:57 0000194c] <DEBUG:1> TIMER: file C:\ProgramData\Doctor Web\DWS\dwfmlw01.dws time 0 ms
[01/11/2024 17:36:57 0000194c] Url filter loaded (file name = dwfmlw01.dws, type=malware, timestamp=2019-11-16 16:46:19)
[01/11/2024 17:36:57 0000194c] <DEBUG:1> trying url filter base file: C:\ProgramData\Doctor Web\DWS\dwfmlw02.dws
[01/11/2024 17:36:57 0000194c] <DEBUG:1> TIMER: file C:\ProgramData\Doctor Web\DWS\dwfmlw02.dws time 0 ms
[01/11/2024 17:36:57 0000194c] Url filter loaded (file name = dwfmlw02.dws, type=malware, timestamp=2019-11-17 12:31:13)
[01/11/2024 17:36:57 0000194c] <DEBUG:1> trying url filter base file: C:\ProgramData\Doctor Web\DWS\dwfmlw03.dws
[01/11/2024 17:36:57 0000194c] <DEBUG:1> TIMER: file C:\ProgramData\Doctor Web\DWS\dwfmlw03.dws time 0 ms
[01/11/2024 17:36:57 0000194c] Url filter loaded (file name = dwfmlw03.dws, type=malware, timestamp=2019-11-18 13:01:39)
[01/11/2024 17:36:57 0000194c] <DEBUG:1> trying url filter base file: C:\ProgramData\Doctor Web\DWS\dwfmlw04.dws
[01/11/2024 17:36:57 0000194c] <DEBUG:1> TIMER: file C:\ProgramData\Doctor Web\DWS\dwfmlw04.dws time 0 ms
[01/11/2024 17:36:57 0000194c] Url filter loaded (file name = dwfmlw04.dws, type=malware, timestamp=2019-11-18 18:30:20)
[01/11/2024 17:36:57 0000194c] <DEBUG:1> trying url filter base file: C:\ProgramData\Doctor Web\DWS\dwfmlw05.dws
[01/11/2024 17:36:57 0000194c] <DEBUG:1> TIMER: file C:\ProgramData\Doctor Web\DWS\dwfmlw05.dws time 0 ms
[01/11/2024 17:36:57 0000194c] Url filter loaded (file name = dwfmlw05.dws, type=malware, timestamp=2020-11-12 00:45:16)
[01/11/2024 17:36:57 0000194c] <DEBUG:1> trying url filter base file: C:\ProgramData\Doctor Web\DWS\dwfmlw06.dws
[01/11/2024 17:36:57 0000194c] <DEBUG:1> TIMER: file C:\ProgramData\Doctor Web\DWS\dwfmlw06.dws time 0 ms
[01/11/2024 17:36:57 0000194c] Url filter loaded (file name = dwfmlw06.dws, type=malware, timestamp=2019-11-13 15:45:59)
[01/11/2024 17:36:57 0000194c] <DEBUG:1> trying url filter base file: C:\ProgramData\Doctor Web\DWS\dwfmlw07.dws
[01/11/2024 17:36:57 0000194c] <DEBUG:1> TIMER: file C:\ProgramData\Doctor Web\DWS\dwfmlw07.dws time 0 ms
[01/11/2024 17:36:57 0000194c] Url filter loaded (file name = dwfmlw07.dws, type=malware, timestamp=2019-11-16 12:45:36)
[01/11/2024 17:36:57 0000194c] <DEBUG:1> trying url filter base file: C:\ProgramData\Doctor Web\DWS\dwfmlw08.dws
[01/11/2024 17:36:57 0000194c] <DEBUG:1> TIMER: file C:\ProgramData\Doctor Web\DWS\dwfmlw08.dws time 0 ms
[01/11/2024 17:36:57 0000194c] Url filter loaded (file name = dwfmlw08.dws, type=malware, timestamp=2019-11-18 01:15:36)
[01/11/2024 17:36:57 0000194c] <DEBUG:1> trying url filter base file: C:\ProgramData\Doctor Web\DWS\dwfmlw09.dws
[01/11/2024 17:36:57 0000194c] <DEBUG:1> TIMER: file C:\ProgramData\Doctor Web\DWS\dwfmlw09.dws time 0 ms
[01/11/2024 17:36:57 0000194c] Url filter loaded (file name = dwfmlw09.dws, type=malware, timestamp=2019-11-19 00:30:54)
[01/11/2024 17:36:57 0000194c] <DEBUG:1> trying url filter base file: C:\ProgramData\Doctor Web\DWS\dwfmlw10.dws
[01/11/2024 17:36:57 0000194c] <DEBUG:1> TIMER: file C:\ProgramData\Doctor Web\DWS\dwfmlw10.dws time 0 ms
[01/11/2024 17:36:57 0000194c] Url filter loaded (file name = dwfmlw10.dws, type=malware, timestamp=2020-05-26 09:15:33)
[01/11/2024 17:36:57 0000194c] <DEBUG:1> trying url filter base file: C:\ProgramData\Doctor Web\DWS\dwfmlw11.dws
[01/11/2024 17:36:57 0000194c] <DEBUG:1> TIMER: file C:\ProgramData\Doctor Web\DWS\dwfmlw11.dws time 0 ms
[01/11/2024 17:36:57 0000194c] Url filter loaded (file name = dwfmlw11.dws, type=malware, timestamp=2020-10-10 16:15:21)
[01/11/2024 17:36:57 0000194c] <DEBUG:1> trying url filter base file: C:\ProgramData\Doctor Web\DWS\dwfmlw_addon.dws
[01/11/2024 17:36:57 0000194c] <DEBUG:1> TIMER: file C:\ProgramData\Doctor Web\DWS\dwfmlw_addon.dws time 0 ms
[01/11/2024 17:36:57 0000194c] Url filter loaded (file name = dwfmlw_addon.dws, type=malware, timestamp=2021-00-06 06:30:18)
[01/11/2024 17:36:57 0000194c] <DEBUG:1> trying url filter base file: C:\ProgramData\Doctor Web\DWS\dwfobs00.dws
[01/11/2024 17:36:57 0000194c] <DEBUG:1> TIMER: file C:\ProgramData\Doctor Web\DWS\dwfobs00.dws time 0 ms
[01/11/2024 17:36:57 0000194c] Url filter ignored (file name = dwfobs00.dws, type=obscenity, timestamp=2018-09-02 13:30:06)
[01/11/2024 17:36:57 0000194c] <DEBUG:1> trying url filter base file: C:\ProgramData\Doctor Web\DWS\dwfogm00.dws
[01/11/2024 17:36:57 0000194c] <DEBUG:1> TIMER: file C:\ProgramData\Doctor Web\DWS\dwfogm00.dws time 0 ms
[01/11/2024 17:36:57 0000194c] Url filter ignored (file name = dwfogm00.dws, type=online_games, timestamp=2020-10-27 19:30:06)
[01/11/2024 17:36:57 0000194c] <DEBUG:1> trying url filter base file: C:\ProgramData\Doctor Web\DWS\dwfprc00.dws
[01/11/2024 17:36:57 0000194c] <DEBUG:1> TIMER: file C:\ProgramData\Doctor Web\DWS\dwfprc00.dws time 0 ms
[01/11/2024 17:36:57 0000194c] Url filter loaded (file name = dwfprc00.dws, type=piracy, timestamp=2020-09-28 11:00:05)
[01/11/2024 17:36:57 0000194c] <DEBUG:1> trying url filter base file: C:\ProgramData\Doctor Web\DWS\dwfprn00.dws
[01/11/2024 17:36:57 0000194c] <DEBUG:1> TIMER: file C:\ProgramData\Doctor Web\DWS\dwfprn00.dws time 0 ms
[01/11/2024 17:36:57 0000194c] Url filter ignored (file name = dwfprn00.dws, type=porno, timestamp=2019-10-12 19:05:37)
[01/11/2024 17:36:57 0000194c] <DEBUG:1> trying url filter base file: C:\ProgramData\Doctor Web\DWS\dwfprn01.dws
[01/11/2024 17:36:57 0000194c] <DEBUG:1> TIMER: file C:\ProgramData\Doctor Web\DWS\dwfprn01.dws time 0 ms
[01/11/2024 17:36:57 0000194c] Url filter ignored (file name = dwfprn01.dws, type=porno, timestamp=2019-10-12 13:16:54)
[01/11/2024 17:36:57 0000194c] <DEBUG:1> trying url filter base file: C:\ProgramData\Doctor Web\DWS\dwfprn02.dws
[01/11/2024 17:36:57 0000194c] <DEBUG:1> TIMER: file C:\ProgramData\Doctor Web\DWS\dwfprn02.dws time 0 ms
[01/11/2024 17:36:57 0000194c] Url filter ignored (file name = dwfprn02.dws, type=porno, timestamp=2019-10-10 00:02:26)
[01/11/2024 17:36:57 0000194c] <DEBUG:1> trying url filter base file: C:\ProgramData\Doctor Web\DWS\dwfprn03.dws
[01/11/2024 17:36:57 0000194c] <DEBUG:1> TIMER: file C:\ProgramData\Doctor Web\DWS\dwfprn03.dws time 0 ms
[01/11/2024 17:36:57 0000194c] Url filter ignored (file name = dwfprn03.dws, type=porno, timestamp=2019-10-10 03:47:29)
[01/11/2024 17:36:57 0000194c] <DEBUG:1> trying url filter base file: C:\ProgramData\Doctor Web\DWS\dwfprn04.dws
[01/11/2024 17:36:57 0000194c] <DEBUG:1> TIMER: file C:\ProgramData\Doctor Web\DWS\dwfprn04.dws time 0 ms
[01/11/2024 17:36:57 0000194c] Url filter ignored (file name = dwfprn04.dws, type=porno, timestamp=2019-10-08 01:30:56)
[01/11/2024 17:36:57 0000194c] <DEBUG:1> trying url filter base file: C:\ProgramData\Doctor Web\DWS\dwfprn05.dws
[01/11/2024 17:36:57 0000194c] <DEBUG:1> TIMER: file C:\ProgramData\Doctor Web\DWS\dwfprn05.dws time 0 ms
[01/11/2024 17:36:57 0000194c] Url filter ignored (file name = dwfprn05.dws, type=porno, timestamp=2019-10-08 01:15:19)
[01/11/2024 17:36:57 0000194c] <DEBUG:1> trying url filter base file: C:\ProgramData\Doctor Web\DWS\dwfprn06.dws
[01/11/2024 17:36:57 0000194c] <DEBUG:1> TIMER: file C:\ProgramData\Doctor Web\DWS\dwfprn06.dws time 0 ms
[01/11/2024 17:36:57 0000194c] Url filter ignored (file name = dwfprn06.dws, type=porno, timestamp=2019-10-10 03:46:57)
[01/11/2024 17:36:57 0000194c] <DEBUG:1> trying url filter base file: C:\ProgramData\Doctor Web\DWS\dwfprn07.dws
[01/11/2024 17:36:57 0000194c] <DEBUG:1> TIMER: file C:\ProgramData\Doctor Web\DWS\dwfprn07.dws time 0 ms
[01/11/2024 17:36:57 0000194c] Url filter ignored (file name = dwfprn07.dws, type=porno, timestamp=2019-10-27 12:48:17)
[01/11/2024 17:36:57 0000194c] <DEBUG:1> trying url filter base file: C:\ProgramData\Doctor Web\DWS\dwfprn08.dws
[01/11/2024 17:36:57 0000194c] <DEBUG:1> TIMER: file C:\ProgramData\Doctor Web\DWS\dwfprn08.dws time 0 ms
[01/11/2024 17:36:57 0000194c] Url filter ignored (file name = dwfprn08.dws, type=porno, timestamp=2019-10-27 12:47:03)
[01/11/2024 17:36:57 0000194c] <DEBUG:1> trying url filter base file: C:\ProgramData\Doctor Web\DWS\dwfprn09.dws
[01/11/2024 17:36:57 0000194c] <DEBUG:1> TIMER: file C:\ProgramData\Doctor Web\DWS\dwfprn09.dws time 0 ms
[01/11/2024 17:36:57 0000194c] Url filter ignored (file name = dwfprn09.dws, type=porno, timestamp=2019-10-27 12:46:01)
[01/11/2024 17:36:57 0000194c] <DEBUG:1> trying url filter base file: C:\ProgramData\Doctor Web\DWS\dwfprn10.dws
[01/11/2024 17:36:57 0000194c] <DEBUG:1> TIMER: file C:\ProgramData\Doctor Web\DWS\dwfprn10.dws time 0 ms
[01/11/2024 17:36:57 0000194c] Url filter ignored (file name = dwfprn10.dws, type=porno, timestamp=2019-10-11 03:00:50)
[01/11/2024 17:36:57 0000194c] <DEBUG:1> trying url filter base file: C:\ProgramData\Doctor Web\DWS\dwfprn11.dws
[01/11/2024 17:36:57 0000194c] <DEBUG:1> TIMER: file C:\ProgramData\Doctor Web\DWS\dwfprn11.dws time 0 ms
[01/11/2024 17:36:57 0000194c] Url filter ignored (file name = dwfprn11.dws, type=porno, timestamp=2019-10-10 00:00:51)
[01/11/2024 17:36:57 0000194c] <DEBUG:1> trying url filter base file: C:\ProgramData\Doctor Web\DWS\dwfprn12.dws
[01/11/2024 17:36:57 0000194c] <DEBUG:1> TIMER: file C:\ProgramData\Doctor Web\DWS\dwfprn12.dws time 0 ms
[01/11/2024 17:36:57 0000194c] Url filter ignored (file name = dwfprn12.dws, type=porno, timestamp=2019-10-08 17:00:32)
[01/11/2024 17:36:57 0000194c] <DEBUG:1> trying url filter base file: C:\ProgramData\Doctor Web\DWS\dwfprn13.dws
[01/11/2024 17:36:57 0000194c] <DEBUG:1> TIMER: file C:\ProgramData\Doctor Web\DWS\dwfprn13.dws time 0 ms
[01/11/2024 17:36:57 0000194c] Url filter ignored (file name = dwfprn13.dws, type=porno, timestamp=2019-10-10 03:45:11)
[01/11/2024 17:36:57 0000194c] <DEBUG:1> trying url filter base file: C:\ProgramData\Doctor Web\DWS\dwfprn14.dws
[01/11/2024 17:36:57 0000194c] <DEBUG:1> TIMER: file C:\ProgramData\Doctor Web\DWS\dwfprn14.dws time 0 ms
[01/11/2024 17:36:57 0000194c] Url filter ignored (file name = dwfprn14.dws, type=porno, timestamp=2019-10-09 01:00:37)
[01/11/2024 17:36:57 0000194c] <DEBUG:1> trying url filter base file: C:\ProgramData\Doctor Web\DWS\dwfprn15.dws
[01/11/2024 17:36:57 0000194c] <DEBUG:1> TIMER: file C:\ProgramData\Doctor Web\DWS\dwfprn15.dws time 0 ms
[01/11/2024 17:36:57 0000194c] Url filter ignored (file name = dwfprn15.dws, type=porno, timestamp=2019-10-10 03:46:16)
[01/11/2024 17:36:57 0000194c] <DEBUG:1> trying url filter base file: C:\ProgramData\Doctor Web\DWS\dwfprn16.dws
[01/11/2024 17:36:57 0000194c] <DEBUG:1> TIMER: file C:\ProgramData\Doctor Web\DWS\dwfprn16.dws time 0 ms
[01/11/2024 17:36:57 0000194c] Url filter ignored (file name = dwfprn16.dws, type=porno, timestamp=2019-10-11 03:01:27)
[01/11/2024 17:36:57 0000194c] <DEBUG:1> trying url filter base file: C:\ProgramData\Doctor Web\DWS\dwfprn17.dws
[01/11/2024 17:36:57 0000194c] <DEBUG:1> TIMER: file C:\ProgramData\Doctor Web\DWS\dwfprn17.dws time 1 ms
[01/11/2024 17:36:57 0000194c] Url filter ignored (file name = dwfprn17.dws, type=porno, timestamp=2019-10-11 03:01:53)
[01/11/2024 17:36:57 0000194c] <DEBUG:1> trying url filter base file: C:\ProgramData\Doctor Web\DWS\dwfprn18.dws
[01/11/2024 17:36:57 0000194c] <DEBUG:1> TIMER: file C:\ProgramData\Doctor Web\DWS\dwfprn18.dws time 0 ms
[01/11/2024 17:36:57 0000194c] Url filter ignored (file name = dwfprn18.dws, type=porno, timestamp=2019-10-10 03:45:53)
[01/11/2024 17:36:57 0000194c] <DEBUG:1> trying url filter base file: C:\ProgramData\Doctor Web\DWS\dwfprn19.dws
[01/11/2024 17:36:57 0000194c] <DEBUG:1> TIMER: file C:\ProgramData\Doctor Web\DWS\dwfprn19.dws time 0 ms
[01/11/2024 17:36:57 0000194c] Url filter ignored (file name = dwfprn19.dws, type=porno, timestamp=2019-11-04 09:46:16)
[01/11/2024 17:36:57 0000194c] <DEBUG:1> trying url filter base file: C:\ProgramData\Doctor Web\DWS\dwfprn20.dws
[01/11/2024 17:36:57 0000194c] <DEBUG:1> TIMER: file C:\ProgramData\Doctor Web\DWS\dwfprn20.dws time 0 ms
[01/11/2024 17:36:57 0000194c] Url filter ignored (file name = dwfprn20.dws, type=porno, timestamp=2020-03-22 13:30:29)
[01/11/2024 17:36:57 0000194c] <DEBUG:1> trying url filter base file: C:\ProgramData\Doctor Web\DWS\dwfprn21.dws
[01/11/2024 17:36:57 0000194c] <DEBUG:1> TIMER: file C:\ProgramData\Doctor Web\DWS\dwfprn21.dws time 0 ms
[01/11/2024 17:36:57 0000194c] Url filter ignored (file name = dwfprn21.dws, type=porno, timestamp=2020-08-09 13:15:52)
[01/11/2024 17:36:57 0000194c] <DEBUG:1> trying url filter base file: C:\ProgramData\Doctor Web\DWS\dwfprn22.dws
[01/11/2024 17:36:57 0000194c] <DEBUG:1> TIMER: file C:\ProgramData\Doctor Web\DWS\dwfprn22.dws time 0 ms
[01/11/2024 17:36:57 0000194c] Url filter ignored (file name = dwfprn22.dws, type=porno, timestamp=2020-11-28 12:15:25)
[01/11/2024 17:36:57 0000194c] <DEBUG:1> trying url filter base file: C:\ProgramData\Doctor Web\DWS\dwfprn_addon.dws
[01/11/2024 17:36:57 0000194c] <DEBUG:1> TIMER: file C:\ProgramData\Doctor Web\DWS\dwfprn_addon.dws time 0 ms
[01/11/2024 17:36:57 0000194c] Url filter ignored (file name = dwfprn_addon.dws, type=porno, timestamp=2021-00-05 09:45:03)
[01/11/2024 17:36:57 0000194c] <DEBUG:1> trying url filter base file: C:\ProgramData\Doctor Web\DWS\dwfscl00.dws
[01/11/2024 17:36:57 0000194c] <DEBUG:1> TIMER: file C:\ProgramData\Doctor Web\DWS\dwfscl00.dws time 0 ms
[01/11/2024 17:36:57 0000194c] Url filter ignored (file name = dwfscl00.dws, type=socialnetwork, timestamp=2019-11-23 16:30:23)
[01/11/2024 17:36:57 0000194c] <DEBUG:1> trying url filter base file: C:\ProgramData\Doctor Web\DWS\dwfscl01.dws
[01/11/2024 17:36:57 0000194c] <DEBUG:1> TIMER: file C:\ProgramData\Doctor Web\DWS\dwfscl01.dws time 1 ms
[01/11/2024 17:36:57 0000194c] Url filter ignored (file name = dwfscl01.dws, type=socialnetwork, timestamp=2019-11-23 17:45:23)
[01/11/2024 17:36:57 0000194c] <DEBUG:1> trying url filter base file: C:\ProgramData\Doctor Web\DWS\dwfscl02.dws
[01/11/2024 17:36:57 0000194c] <DEBUG:1> TIMER: file C:\ProgramData\Doctor Web\DWS\dwfscl02.dws time 0 ms
[01/11/2024 17:36:57 0000194c] Url filter ignored (file name = dwfscl02.dws, type=socialnetwork, timestamp=2019-11-23 17:45:28)
[01/11/2024 17:36:57 0000194c] <DEBUG:1> trying url filter base file: C:\ProgramData\Doctor Web\DWS\dwfscl03.dws
[01/11/2024 17:36:57 0000194c] <DEBUG:1> TIMER: file C:\ProgramData\Doctor Web\DWS\dwfscl03.dws time 0 ms
[01/11/2024 17:36:57 0000194c] Url filter ignored (file name = dwfscl03.dws, type=socialnetwork, timestamp=2019-11-23 17:45:33)
[01/11/2024 17:36:57 0000194c] <DEBUG:1> trying url filter base file: C:\ProgramData\Doctor Web\DWS\dwfscl04.dws
[01/11/2024 17:36:57 0000194c] <DEBUG:1> TIMER: file C:\ProgramData\Doctor Web\DWS\dwfscl04.dws time 0 ms
[01/11/2024 17:36:57 0000194c] Url filter ignored (file name = dwfscl04.dws, type=socialnetwork, timestamp=2019-11-23 17:45:16)
[01/11/2024 17:36:57 0000194c] <DEBUG:1> trying url filter base file: C:\ProgramData\Doctor Web\DWS\dwfscl05.dws
[01/11/2024 17:36:57 0000194c] <DEBUG:1> TIMER: file C:\ProgramData\Doctor Web\DWS\dwfscl05.dws time 0 ms
[01/11/2024 17:36:57 0000194c] Url filter ignored (file name = dwfscl05.dws, type=socialnetwork, timestamp=2019-11-24 01:45:24)
[01/11/2024 17:36:57 0000194c] <DEBUG:1> trying url filter base file: C:\ProgramData\Doctor Web\DWS\dwfscl06.dws
[01/11/2024 17:36:57 0000194c] <DEBUG:1> TIMER: file C:\ProgramData\Doctor Web\DWS\dwfscl06.dws time 0 ms
[01/11/2024 17:36:57 0000194c] Url filter ignored (file name = dwfscl06.dws, type=socialnetwork, timestamp=2019-11-24 01:45:33)
[01/11/2024 17:36:57 0000194c] <DEBUG:1> trying url filter base file: C:\ProgramData\Doctor Web\DWS\dwfscl07.dws
[01/11/2024 17:36:57 0000194c] <DEBUG:1> TIMER: file C:\ProgramData\Doctor Web\DWS\dwfscl07.dws time 0 ms
[01/11/2024 17:36:57 0000194c] Url filter ignored (file name = dwfscl07.dws, type=socialnetwork, timestamp=2019-11-24 01:45:18)
[01/11/2024 17:36:57 0000194c] <DEBUG:1> trying url filter base file: C:\ProgramData\Doctor Web\DWS\dwfscl08.dws
[01/11/2024 17:36:57 0000194c] <DEBUG:1> TIMER: file C:\ProgramData\Doctor Web\DWS\dwfscl08.dws time 0 ms
[01/11/2024 17:36:57 0000194c] Url filter ignored (file name = dwfscl08.dws, type=socialnetwork, timestamp=2019-11-24 01:45:41)
[01/11/2024 17:36:57 0000194c] <DEBUG:1> trying url filter base file: C:\ProgramData\Doctor Web\DWS\dwfscl09.dws
[01/11/2024 17:36:57 0000194c] <DEBUG:1> TIMER: file C:\ProgramData\Doctor Web\DWS\dwfscl09.dws time 0 ms
[01/11/2024 17:36:57 0000194c] Url filter ignored (file name = dwfscl09.dws, type=socialnetwork, timestamp=2019-11-24 01:45:27)
[01/11/2024 17:36:57 0000194c] <DEBUG:1> trying url filter base file: C:\ProgramData\Doctor Web\DWS\dwfscl10.dws
[01/11/2024 17:36:57 0000194c] <DEBUG:1> TIMER: file C:\ProgramData\Doctor Web\DWS\dwfscl10.dws time 0 ms
[01/11/2024 17:36:57 0000194c] Url filter ignored (file name = dwfscl10.dws, type=socialnetwork, timestamp=2019-11-24 01:45:51)
[01/11/2024 17:36:57 0000194c] <DEBUG:1> trying url filter base file: C:\ProgramData\Doctor Web\DWS\dwfscl11.dws
[01/11/2024 17:36:57 0000194c] <DEBUG:1> TIMER: file C:\ProgramData\Doctor Web\DWS\dwfscl11.dws time 0 ms
[01/11/2024 17:36:57 0000194c] Url filter ignored (file name = dwfscl11.dws, type=socialnetwork, timestamp=2019-11-24 12:15:16)
[01/11/2024 17:36:57 0000194c] <DEBUG:1> trying url filter base file: C:\ProgramData\Doctor Web\DWS\dwfscl12.dws
[01/11/2024 17:36:57 0000194c] <DEBUG:1> TIMER: file C:\ProgramData\Doctor Web\DWS\dwfscl12.dws time 0 ms
[01/11/2024 17:36:57 0000194c] Url filter ignored (file name = dwfscl12.dws, type=socialnetwork, timestamp=2019-11-24 12:15:23)
[01/11/2024 17:36:57 0000194c] <DEBUG:1> trying url filter base file: C:\ProgramData\Doctor Web\DWS\dwfscl13.dws
[01/11/2024 17:36:57 0000194c] <DEBUG:1> TIMER: file C:\ProgramData\Doctor Web\DWS\dwfscl13.dws time 0 ms
[01/11/2024 17:36:57 0000194c] Url filter ignored (file name = dwfscl13.dws, type=socialnetwork, timestamp=2019-11-24 18:15:39)
[01/11/2024 17:36:57 0000194c] <DEBUG:1> trying url filter base file: C:\ProgramData\Doctor Web\DWS\dwfscl14.dws
[01/11/2024 17:36:57 0000194c] <DEBUG:1> TIMER: file C:\ProgramData\Doctor Web\DWS\dwfscl14.dws time 0 ms
[01/11/2024 17:36:57 0000194c] Url filter ignored (file name = dwfscl14.dws, type=socialnetwork, timestamp=2019-11-24 19:15:36)
[01/11/2024 17:36:57 0000194c] <DEBUG:1> trying url filter base file: C:\ProgramData\Doctor Web\DWS\dwfscl15.dws
[01/11/2024 17:36:57 0000194c] <DEBUG:1> TIMER: file C:\ProgramData\Doctor Web\DWS\dwfscl15.dws time 0 ms
[01/11/2024 17:36:57 0000194c] Url filter ignored (file name = dwfscl15.dws, type=socialnetwork, timestamp=2021-00-05 09:15:05)
[01/11/2024 17:36:57 0000194c] <DEBUG:1> trying url filter base file: C:\ProgramData\Doctor Web\DWS\dwfter00.dws
[01/11/2024 17:36:57 0000194c] <DEBUG:1> TIMER: file C:\ProgramData\Doctor Web\DWS\dwfter00.dws time 0 ms
[01/11/2024 17:36:57 0000194c] Url filter ignored (file name = dwfter00.dws, type=terrorism, timestamp=2019-04-20 17:15:14)
[01/11/2024 17:36:57 0000194c] <DEBUG:1> trying url filter base file: C:\ProgramData\Doctor Web\DWS\dwfvln00.dws
[01/11/2024 17:36:57 0000194c] <DEBUG:1> TIMER: file C:\ProgramData\Doctor Web\DWS\dwfvln00.dws time 0 ms
[01/11/2024 17:36:57 0000194c] Url filter ignored (file name = dwfvln00.dws, type=violence, timestamp=2011-11-01 09:31:02)
[01/11/2024 17:36:57 0000194c] <DEBUG:1> trying url filter base file: C:\ProgramData\Doctor Web\DWS\dwfvln01.dws
[01/11/2024 17:36:57 0000194c] <DEBUG:1> TIMER: file C:\ProgramData\Doctor Web\DWS\dwfvln01.dws time 0 ms
[01/11/2024 17:36:57 0000194c] Url filter ignored (file name = dwfvln01.dws, type=violence, timestamp=2020-09-26 16:15:04)
[01/11/2024 17:36:57 0000194c] <DEBUG:1> trying url filter base file: C:\ProgramData\Doctor Web\DWS\dwfwpn00.dws
[01/11/2024 17:36:57 0000194c] <DEBUG:1> TIMER: file C:\ProgramData\Doctor Web\DWS\dwfwpn00.dws time 0 ms
[01/11/2024 17:36:57 0000194c] Url filter ignored (file name = dwfwpn00.dws, type=weapon, timestamp=2020-09-26 16:15:05)
[01/11/2024 17:36:57 0000194c] <DEBUG:1> trying url filter base file: C:\ProgramData\Doctor Web\DWS\white_dwfanonym.dws
[01/11/2024 17:36:57 0000194c] <DEBUG:1> TIMER: file C:\ProgramData\Doctor Web\DWS\white_dwfanonym.dws time 0 ms
[01/11/2024 17:36:57 0000194c] Url filter ignored (file name = white_dwfanonym.dws, type=whitelist_anonymizer, timestamp=2019-03-22 18:15:06)
[01/11/2024 17:36:57 0000194c] <DEBUG:1> trying url filter base file: C:\ProgramData\Doctor Web\DWS\white_dwfcht.dws
[01/11/2024 17:36:57 0000194c] <DEBUG:1> TIMER: file C:\ProgramData\Doctor Web\DWS\white_dwfcht.dws time 0 ms
[01/11/2024 17:36:57 0000194c] Url filter ignored (file name = white_dwfcht.dws, type=whitelist_chats, timestamp=2019-03-22 18:15:06)
[01/11/2024 17:36:57 0000194c] <DEBUG:1> trying url filter base file: C:\ProgramData\Doctor Web\DWS\white_dwfdrg.dws
[01/11/2024 17:36:57 0000194c] <DEBUG:1> TIMER: file C:\ProgramData\Doctor Web\DWS\white_dwfdrg.dws time 0 ms
[01/11/2024 17:36:57 0000194c] Url filter ignored (file name = white_dwfdrg.dws, type=whitelist_drugs, timestamp=2020-07-04 07:15:14)
[01/11/2024 17:36:57 0000194c] <DEBUG:1> trying url filter base file: C:\ProgramData\Doctor Web\DWS\white_dwfeml.dws
[01/11/2024 17:36:57 0000194c] <DEBUG:1> TIMER: file C:\ProgramData\Doctor Web\DWS\white_dwfeml.dws time 0 ms
[01/11/2024 17:36:57 0000194c] Url filter ignored (file name = white_dwfeml.dws, type=whitelist_e-mail, timestamp=2019-03-22 18:15:06)
[01/11/2024 17:36:57 0000194c] <DEBUG:1> trying url filter base file: C:\ProgramData\Doctor Web\DWS\white_dwffse.dws
[01/11/2024 17:36:57 0000194c] <DEBUG:1> TIMER: file C:\ProgramData\Doctor Web\DWS\white_dwffse.dws time 0 ms
[01/11/2024 17:36:57 0000194c] Url exclude filter loaded (file name = white_dwffse.dws, type=whitelist_social_engineering, timestamp=2021-00-06 07:00:59)
[01/11/2024 17:36:57 0000194c] <DEBUG:1> trying url filter base file: C:\ProgramData\Doctor Web\DWS\white_dwfgml.dws
[01/11/2024 17:36:57 0000194c] <DEBUG:1> TIMER: file C:\ProgramData\Doctor Web\DWS\white_dwfgml.dws time 0 ms
[01/11/2024 17:36:57 0000194c] Url filter ignored (file name = white_dwfgml.dws, type=whitelist_gamble, timestamp=2020-11-22 10:00:14)
[01/11/2024 17:36:57 0000194c] <DEBUG:1> trying url filter base file: C:\ProgramData\Doctor Web\DWS\white_dwfminers.dws
[01/11/2024 17:36:57 0000194c] <DEBUG:1> TIMER: file C:\ProgramData\Doctor Web\DWS\white_dwfminers.dws time 0 ms
[01/11/2024 17:36:57 0000194c] Url filter ignored (file name = white_dwfminers.dws, type=whitelist_miners, timestamp=2018-04-31 07:00:08)
[01/11/2024 17:36:57 0000194c] <DEBUG:1> trying url filter base file: C:\ProgramData\Doctor Web\DWS\white_dwfmlw.dws
[01/11/2024 17:36:57 0000194c] <DEBUG:1> TIMER: file C:\ProgramData\Doctor Web\DWS\white_dwfmlw.dws time 0 ms
[01/11/2024 17:36:57 0000194c] Url exclude filter loaded (file name = white_dwfmlw.dws, type=whitelist_malware, timestamp=2021-00-05 07:30:52)
[01/11/2024 17:36:57 0000194c] <DEBUG:1> trying url filter base file: C:\ProgramData\Doctor Web\DWS\white_dwfobs.dws
[01/11/2024 17:36:57 0000194c] <DEBUG:1> TIMER: file C:\ProgramData\Doctor Web\DWS\white_dwfobs.dws time 0 ms
[01/11/2024 17:36:57 0000194c] Url filter ignored (file name = white_dwfobs.dws, type=whitelist_obscenity, timestamp=2019-03-22 18:15:06)
[01/11/2024 17:36:57 0000194c] <DEBUG:1> trying url filter base file: C:\ProgramData\Doctor Web\DWS\white_dwfogm.dws
[01/11/2024 17:36:57 0000194c] <DEBUG:1> TIMER: file C:\ProgramData\Doctor Web\DWS\white_dwfogm.dws time 0 ms
[01/11/2024 17:36:57 0000194c] Url filter ignored (file name = white_dwfogm.dws, type=whitelist_online_games, timestamp=2019-03-22 18:15:06)
[01/11/2024 17:36:57 0000194c] <DEBUG:1> trying url filter base file: C:\ProgramData\Doctor Web\DWS\white_dwfprc.dws
[01/11/2024 17:36:57 0000194c] <DEBUG:1> TIMER: file C:\ProgramData\Doctor Web\DWS\white_dwfprc.dws time 0 ms
[01/11/2024 17:36:57 0000194c] Url exclude filter loaded (file name = white_dwfprc.dws, type=whitelist_piracy, timestamp=2020-09-29 07:45:21)
[01/11/2024 17:36:57 0000194c] <DEBUG:1> trying url filter base file: C:\ProgramData\Doctor Web\DWS\white_dwfprn.dws
[01/11/2024 17:36:57 0000194c] <DEBUG:1> TIMER: file C:\ProgramData\Doctor Web\DWS\white_dwfprn.dws time 0 ms
[01/11/2024 17:36:57 0000194c] Url filter ignored (file name = white_dwfprn.dws, type=whitelist_porno, timestamp=2020-11-29 07:00:03)
[01/11/2024 17:36:57 0000194c] <DEBUG:1> trying url filter base file: C:\ProgramData\Doctor Web\DWS\white_dwfscl.dws
[01/11/2024 17:36:57 0000194c] <DEBUG:1> TIMER: file C:\ProgramData\Doctor Web\DWS\white_dwfscl.dws time 0 ms
[01/11/2024 17:36:57 0000194c] Url filter ignored (file name = white_dwfscl.dws, type=whitelist_socialnetwork, timestamp=2020-09-25 08:00:04)
[01/11/2024 17:36:57 0000194c] <DEBUG:1> trying url filter base file: C:\ProgramData\Doctor Web\DWS\white_dwfter.dws
[01/11/2024 17:36:57 0000194c] <DEBUG:1> TIMER: file C:\ProgramData\Doctor Web\DWS\white_dwfter.dws time 0 ms
[01/11/2024 17:36:57 0000194c] Url filter ignored (file name = white_dwfter.dws, type=whitelist_terrorism, timestamp=2019-03-22 18:15:06)
[01/11/2024 17:36:57 0000194c] <DEBUG:1> trying url filter base file: C:\ProgramData\Doctor Web\DWS\white_dwfvln.dws
[01/11/2024 17:36:57 0000194c] <DEBUG:1> TIMER: file C:\ProgramData\Doctor Web\DWS\white_dwfvln.dws time 0 ms
[01/11/2024 17:36:57 0000194c] Url filter ignored (file name = white_dwfvln.dws, type=whitelist_violence, timestamp=2019-03-22 18:15:06)
[01/11/2024 17:36:57 0000194c] <DEBUG:1> trying url filter base file: C:\ProgramData\Doctor Web\DWS\white_dwfwpn.dws
[01/11/2024 17:36:57 0000194c] <DEBUG:1> TIMER: file C:\ProgramData\Doctor Web\DWS\white_dwfwpn.dws time 0 ms
[01/11/2024 17:36:57 0000194c] Url filter ignored (file name = white_dwfwpn.dws, type=whitelist_weapon, timestamp=2020-04-29 07:15:04)
[01/11/2024 17:36:57 0000194c] <DEBUG:1> TIMER: total 85 ms loading 75 ms
[01/06/2023 17:40:29 00001960] <DEBUG:1> Config update 00000019 00000002
[01/06/2023 17:40:29 00001960] LogLevelMail = 1
[01/06/2023 17:40:29 00001960] LogLevelHttp = 1
[01/06/2023 17:40:29 00001960] CheckIncoming = Yes
[01/06/2023 17:40:29 00001960] CheckOutgoing = No
[01/06/2023 17:40:29 00001960] CheckArchives = No
[01/06/2023 17:40:29 00001960] CheckContainners = No
[01/06/2023 17:40:29 00001960] CheckIM = Yes
[01/06/2023 17:40:29 00001960] SpeedBalance = 125
[01/06/2023 17:40:29 00001960] BlockMalwareUrls = Yes
[01/06/2023 17:40:29 00001960] BlockScamAndFraud = Yes
[01/06/2023 17:40:29 00001960] BlockPiracy = Yes
[01/06/2023 17:40:29 00001960] BlockAdware = Yes
[01/06/2023 17:40:29 00001960] BlockDialers = Yes
[01/06/2023 17:40:29 00001960] BlockRiskware = No
[01/06/2023 17:40:29 00001960] BlockHacktools = No
[01/06/2023 17:40:29 00001960] BlockJokes = No
[01/06/2023 17:40:29 00001960] BlockSuspicious = Yes
[01/06/2023 17:40:29 00001960] BlockNotChecked = No
[01/06/2023 17:40:29 00001960] BlockMalformed = No
[01/06/2023 17:40:29 00001960] ProxyPort = 0
[01/06/2023 17:40:29 00001960] ChainProxyAddr = ""
[01/06/2023 17:40:29 00001960] ChainProxyPort = 0
[01/06/2023 17:40:29 00001960] QueryDNSWhenProxy = Yes
[01/06/2023 17:40:29 00001960] UrlFilter = No
[01/06/2023 17:40:29 00001960] BlockSites = No
[01/06/2023 17:40:29 00001960] SafeSearch = Yes
[01/06/2023 17:40:29 00001960] ProfileEnabled = Yes
[01/06/2023 17:40:29 00001960] OfficeControl = No
[01/06/2023 17:40:29 00001960] LngFileName = "ru-drweb.dwl"
[01/06/2023 17:40:29 00001960] ParentalControlInstalled = Yes
[01/06/2023 17:40:29 00001960] ActionInfected = 1
[01/06/2023 17:40:29 00001960] ActionIncurable = 2
[01/06/2023 17:40:29 00001960] ActionSuspicious = 2
[01/06/2023 17:40:29 00001960] ActionNotChecked = 8
[01/06/2023 17:40:29 00001960] ActionMalformed = 8
[01/06/2023 17:40:29 00001960] ActionAdware = 2
[01/06/2023 17:40:29 00001960] ActionDialers = 2
[01/06/2023 17:40:29 00001960] ActionRiskware = 8
[01/06/2023 17:40:29 00001960] ActionHacktools = 8
[01/06/2023 17:40:29 00001960] ActionJokes = 8
[01/06/2023 17:40:29 00001960] HeuristicAnalysis = Yes
[01/06/2023 17:40:29 00001960] VirusActivityControl = Yes
[01/06/2023 17:40:29 00001960] CheckArchivesMail = No
[01/06/2023 17:40:29 00001960] CheckContainersMail = No
[01/06/2023 17:40:29 00001960] InsertXAntiVirus = Yes
[01/06/2023 17:40:29 00001960] DeleteMessagesOnServer = No
[01/06/2023 17:40:29 00001960] MessageScanTimeout = 250
[01/06/2023 17:40:29 00001960] MaxFileSizeToExtract = 30720
[01/06/2023 17:40:29 00001960] MaxCompressionRatio = 0
[01/06/2023 17:40:29 00001960] MaxArchiveLevel = 64
[01/06/2023 17:40:29 00001960] CheckSpam = Yes
[01/06/2023 17:40:29 00001960] SpamAllowCyrillic = Yes
[01/06/2023 17:40:29 00001960] SpamAllowCJK = Yes
[01/06/2023 17:40:29 00001960] AddSpamSubj = Yes
[01/06/2023 17:40:29 00001960] SpamSubj = "[SPAM]"
[01/06/2023 17:40:29 00001960] SSL = No
[01/06/2023 17:40:29 00001960] CertificateSubject = "0 Dr.Web for Windows"
[01/06/2023 17:40:29 00001960] CertificateHash = ""
[01/06/2023 17:40:29 00001960] UseProfiles = Yes
[01/06/2023 17:40:29 00001960] Parental Control profiles = 0
[01/06/2023 17:40:29 00001960]     SID = ""
[01/06/2023 17:40:29 00001960]         UrlFilter = No
[01/06/2023 17:40:29 00001960]         BlockSites = No
[01/06/2023 17:40:29 00001960]         SafeSearch = Yes
[01/06/2023 17:40:29 00001960]         ProfileEnabled = Yes
[01/06/2023 17:40:29 00001960]         \settings\ParentalControl\BlockPorno = Yes
[01/06/2023 17:40:29 00001960]         \settings\ParentalControl\BlockViolence = Yes
[01/06/2023 17:40:29 00001960]         \settings\ParentalControl\BlockWeapon = Yes
[01/06/2023 17:40:29 00001960]         \settings\ParentalControl\BlockGamble = Yes
[01/06/2023 17:40:29 00001960]         \settings\ParentalControl\BlockDrugs = Yes
[01/06/2023 17:40:29 00001960]         \settings\ParentalControl\BlockObscenity = Yes
[01/06/2023 17:40:29 00001960]         \settings\ParentalControl\BlockChats = No
[01/06/2023 17:40:29 00001960]         \settings\ParentalControl\BlockTerrorism = Yes
[01/06/2023 17:40:29 00001960]         \settings\ParentalControl\BlockE_Mail = No
[01/06/2023 17:40:29 00001960]         \settings\ParentalControl\BlockSocialNetwork = No
[01/06/2023 17:40:29 00001960]         \settings\ParentalControl\BlockOnlineGames = No
[01/06/2023 17:40:29 00001960]         \settings\ParentalControl\BlockAnonymizers = No
[01/06/2023 17:40:29 00001960]         \settings\ParentalControl\BlockMiners = No
[01/06/2023 17:40:29 00001960]         ProfileAccessMode = 0
[01/06/2023 17:40:29 00001960]         InternetAccess[sun] = "111111111111111111111111111111111111111111111111"
[01/06/2023 17:40:29 00001960]         InternetAccess[mon] = "111111111111111111111111111111111111111111111111"
[01/06/2023 17:40:29 00001960]         InternetAccess[tue] = "111111111111111111111111111111111111111111111111"
[01/06/2023 17:40:29 00001960]         InternetAccess[wed] = "111111111111111111111111111111111111111111111111"
[01/06/2023 17:40:29 00001960]         InternetAccess[thu] = "111111111111111111111111111111111111111111111111"
[01/06/2023 17:40:29 00001960]         InternetAccess[fri] = "111111111111111111111111111111111111111111111111"
[01/06/2023 17:40:29 00001960]         InternetAccess[sat] = "111111111111111111111111111111111111111111111111"
[01/06/2023 17:40:29 00001960]         LogonAccess[sun] = "111111111111111111111111111111111111111111111111"
[01/06/2023 17:40:29 00001960]         LogonAccess[mon] = "111111111111111111111111111111111111111111111111"
[01/06/2023 17:40:29 00001960]         LogonAccess[tue] = "111111111111111111111111111111111111111111111111"
[01/06/2023 17:40:29 00001960]         LogonAccess[wed] = "111111111111111111111111111111111111111111111111"
[01/06/2023 17:40:29 00001960]         LogonAccess[thu] = "111111111111111111111111111111111111111111111111"
[01/06/2023 17:40:29 00001960]         LogonAccess[fri] = "111111111111111111111111111111111111111111111111"
[01/06/2023 17:40:29 00001960]         LogonAccess[sat] = "111111111111111111111111111111111111111111111111"
[01/06/2023 17:40:29 00001960]         DayLimitWorkdays.enabled = No
[01/06/2023 17:40:29 00001960]         DayLimitWorkdays.limit = 10800
[01/06/2023 17:40:29 00001960]         DayLimitWeekend.enabled = No
[01/06/2023 17:40:29 00001960]         DayLimitWeekend.limit = 10800
[01/06/2023 17:40:29 00001960]         NightLimitWorkdays.enabled = No
[01/06/2023 17:40:29 00001960]         NightLimitWorkdays.start = 82800
[01/06/2023 17:40:29 00001960]         NightLimitWorkdays.end = 25200
[01/06/2023 17:40:29 00001960]         NightLimitWeekend.enabled = No
[01/06/2023 17:40:29 00001960]         NightLimitWeekend.start = 82800
[01/06/2023 17:40:29 00001960]         NightLimitWeekend.end = 25200
[01/06/2023 17:40:29 00001960] UseCloud = Yes
[01/06/2023 17:40:29 00001960] SpiderMail is enabled, license ok
[01/06/2023 17:40:29 00001960] SpiderGate is enabled, license ok
[01/06/2023 17:40:29 00001960] ParentalControl is enabled
[01/06/2023 17:40:29 00001960] Antispam license ok
[01/06/2023 17:40:34 00001948] Service shutdown received
[01/06/2023 17:40:34 00001958] <DEBUG:1> Managed shutdown started.
[01/06/2023 17:40:34 00001958] <DEBUG:1> Closing driver accept threads...
[01/06/2023 17:40:34 00001958] <DEBUG:1> Closing connections...
[01/06/2023 17:40:34 00001958] <DEBUG:1> Detaching config...
[01/06/2023 17:40:34 00001958] <DEBUG:1> Reporting service as stopped...
[01/06/2023 17:40:34 00001958] <DEBUG:1> Managed shutdown completed. Global objects are to be destroyed.

=============================================================================
DrWeb Net Filtering Service for Windows Workstations v11.5.4.02210
Copyright (c) Doctor Web, Ltd., 1992-2020
Operating System: Windows 10 Starter x64/native (Build 19045)
Command line: "C:\Program Files\DrWeb\dwnetfilter.exe" --ats
=============================================================================
[01/11/2024 17:41:20 000019bc] Service: new standalone
[01/11/2024 17:41:20 000019b4] WFP driver i0.0 v11.1.10.09130
[01/11/2024 17:41:20 000019b4] WFP server created
[01/11/2024 17:41:20 000019b4] <DEBUG:1> Config update 00000019 00000045
[01/11/2024 17:41:20 000019b4] LogLevelMail = 1
[01/11/2024 17:41:20 000019b4] LogLevelHttp = 1
[01/11/2024 17:41:20 000019b4] CheckIncoming = Yes
[01/11/2024 17:41:20 000019b4] CheckOutgoing = No
[01/11/2024 17:41:20 000019b4] CheckArchives = No
[01/11/2024 17:41:20 000019b4] CheckContainners = No
[01/11/2024 17:41:20 000019b4] CheckIM = Yes
[01/11/2024 17:41:20 000019b4] SpeedBalance = 125
[01/11/2024 17:41:20 000019b4] BlockMalwareUrls = Yes
[01/11/2024 17:41:20 000019b4] BlockScamAndFraud = Yes
[01/11/2024 17:41:20 000019b4] BlockPiracy = Yes
[01/11/2024 17:41:20 000019b4] BlockAdware = Yes
[01/11/2024 17:41:20 000019b4] BlockDialers = Yes
[01/11/2024 17:41:20 000019b4] BlockRiskware = No
[01/11/2024 17:41:20 000019b4] BlockHacktools = No
[01/11/2024 17:41:20 000019b4] BlockJokes = No
[01/11/2024 17:41:20 000019b4] BlockSuspicious = Yes
[01/11/2024 17:41:20 000019b4] BlockNotChecked = No
[01/11/2024 17:41:20 000019b4] BlockMalformed = No
[01/11/2024 17:41:20 000019b4] ProxyPort = 0
[01/11/2024 17:41:20 000019b4] ChainProxyAddr = ""
[01/11/2024 17:41:20 000019b4] ChainProxyPort = 0
[01/11/2024 17:41:20 000019b4] QueryDNSWhenProxy = Yes
[01/11/2024 17:41:20 000019b4] UrlFilter = No
[01/11/2024 17:41:20 000019b4] BlockSites = No
[01/11/2024 17:41:20 000019b4] SafeSearch = Yes
[01/11/2024 17:41:20 000019b4] ProfileEnabled = Yes
[01/11/2024 17:41:20 000019b4] OfficeControl = No
[01/11/2024 17:41:20 000019b4] LngFileName = "ru-drweb.dwl"
[01/11/2024 17:41:20 000019b4] ParentalControlInstalled = Yes
[01/11/2024 17:41:20 000019b4] ActionInfected = 1
[01/11/2024 17:41:20 000019b4] ActionIncurable = 2
[01/11/2024 17:41:20 000019b4] ActionSuspicious = 2
[01/11/2024 17:41:20 000019b4] ActionNotChecked = 8
[01/11/2024 17:41:20 000019b4] ActionMalformed = 8
[01/11/2024 17:41:20 000019b4] ActionAdware = 2
[01/11/2024 17:41:20 000019b4] ActionDialers = 2
[01/11/2024 17:41:20 000019b4] ActionRiskware = 8
[01/11/2024 17:41:20 000019b4] ActionHacktools = 8
[01/11/2024 17:41:20 000019b4] ActionJokes = 8
[01/11/2024 17:41:20 000019b4] HeuristicAnalysis = Yes
[01/11/2024 17:41:20 000019b4] VirusActivityControl = Yes
[01/11/2024 17:41:20 000019b4] CheckArchivesMail = No
[01/11/2024 17:41:20 000019b4] CheckContainersMail = No
[01/11/2024 17:41:20 000019b4] InsertXAntiVirus = Yes
[01/11/2024 17:41:20 000019b4] DeleteMessagesOnServer = No
[01/11/2024 17:41:20 000019b4] MessageScanTimeout = 250
[01/11/2024 17:41:20 000019b4] MaxFileSizeToExtract = 30720
[01/11/2024 17:41:20 000019b4] MaxCompressionRatio = 0
[01/11/2024 17:41:20 000019b4] MaxArchiveLevel = 64
[01/11/2024 17:41:20 000019b4] CheckSpam = Yes
[01/11/2024 17:41:20 000019b4] SpamAllowCyrillic = Yes
[01/11/2024 17:41:20 000019b4] SpamAllowCJK = Yes
[01/11/2024 17:41:20 000019b4] AddSpamSubj = Yes
[01/11/2024 17:41:20 000019b4] SpamSubj = "[SPAM]"
[01/11/2024 17:41:20 000019b4] SSL = No
[01/11/2024 17:41:20 000019b4] CertificateSubject = "0 Dr.Web for Windows"
[01/11/2024 17:41:20 000019b4] CertificateHash = ""
[01/11/2024 17:41:20 000019b4] UseProfiles = Yes
[01/11/2024 17:41:20 000019b4] Parental Control profiles = 0
[01/11/2024 17:41:20 000019b4]     SID = ""
[01/11/2024 17:41:20 000019b4]         UrlFilter = No
[01/11/2024 17:41:20 000019b4]         BlockSites = No
[01/11/2024 17:41:20 000019b4]         SafeSearch = Yes
[01/11/2024 17:41:20 000019b4]         ProfileEnabled = Yes
[01/11/2024 17:41:20 000019b4]         \settings\ParentalControl\BlockPorno = Yes
[01/11/2024 17:41:20 000019b4]         \settings\ParentalControl\BlockViolence = Yes
[01/11/2024 17:41:20 000019b4]         \settings\ParentalControl\BlockWeapon = Yes
[01/11/2024 17:41:20 000019b4]         \settings\ParentalControl\BlockGamble = Yes
[01/11/2024 17:41:20 000019b4]         \settings\ParentalControl\BlockDrugs = Yes
[01/11/2024 17:41:20 000019b4]         \settings\ParentalControl\BlockObscenity = Yes
[01/11/2024 17:41:20 000019b4]         \settings\ParentalControl\BlockChats = No
[01/11/2024 17:41:20 000019b4]         \settings\ParentalControl\BlockTerrorism = Yes
[01/11/2024 17:41:20 000019b4]         \settings\ParentalControl\BlockE_Mail = No
[01/11/2024 17:41:20 000019b4]         \settings\ParentalControl\BlockSocialNetwork = No
[01/11/2024 17:41:20 000019b4]         \settings\ParentalControl\BlockOnlineGames = No
[01/11/2024 17:41:20 000019b4]         \settings\ParentalControl\BlockAnonymizers = No
[01/11/2024 17:41:20 000019b4]         \settings\ParentalControl\BlockMiners = No
[01/11/2024 17:41:20 000019b4]         ProfileAccessMode = 0
[01/11/2024 17:41:20 000019b4]         InternetAccess[sun] = "111111111111111111111111111111111111111111111111"
[01/11/2024 17:41:20 000019b4]         InternetAccess[mon] = "111111111111111111111111111111111111111111111111"
[01/11/2024 17:41:20 000019b4]         InternetAccess[tue] = "111111111111111111111111111111111111111111111111"
[01/11/2024 17:41:20 000019b4]         InternetAccess[wed] = "111111111111111111111111111111111111111111111111"
[01/11/2024 17:41:20 000019b4]         InternetAccess[thu] = "111111111111111111111111111111111111111111111111"
[01/11/2024 17:41:20 000019b4]         InternetAccess[fri] = "111111111111111111111111111111111111111111111111"
[01/11/2024 17:41:20 000019b4]         InternetAccess[sat] = "111111111111111111111111111111111111111111111111"
[01/11/2024 17:41:20 000019b4]         LogonAccess[sun] = "111111111111111111111111111111111111111111111111"
[01/11/2024 17:41:20 000019b4]         LogonAccess[mon] = "111111111111111111111111111111111111111111111111"
[01/11/2024 17:41:20 000019b4]         LogonAccess[tue] = "111111111111111111111111111111111111111111111111"
[01/11/2024 17:41:20 000019b4]         LogonAccess[wed] = "111111111111111111111111111111111111111111111111"
[01/11/2024 17:41:20 000019b4]         LogonAccess[thu] = "111111111111111111111111111111111111111111111111"
[01/11/2024 17:41:20 000019b4]         LogonAccess[fri] = "111111111111111111111111111111111111111111111111"
[01/11/2024 17:41:20 000019b4]         LogonAccess[sat] = "111111111111111111111111111111111111111111111111"
[01/11/2024 17:41:20 000019b4]         DayLimitWorkdays.enabled = No
[01/11/2024 17:41:20 000019b4]         DayLimitWorkdays.limit = 10800
[01/11/2024 17:41:20 000019b4]         DayLimitWeekend.enabled = No
[01/11/2024 17:41:20 000019b4]         DayLimitWeekend.limit = 10800
[01/11/2024 17:41:20 000019b4]         NightLimitWorkdays.enabled = No
[01/11/2024 17:41:20 000019b4]         NightLimitWorkdays.start = 82800
[01/11/2024 17:41:20 000019b4]         NightLimitWorkdays.end = 25200
[01/11/2024 17:41:20 000019b4]         NightLimitWeekend.enabled = No
[01/11/2024 17:41:20 000019b4]         NightLimitWeekend.start = 82800
[01/11/2024 17:41:20 000019b4]         NightLimitWeekend.end = 25200
[01/11/2024 17:41:20 000019b4] UseCloud = Yes
[01/11/2024 17:41:20 000019b4] SpiderMail is enabled, license not found
[01/11/2024 17:41:20 000019b4] SpiderGate is enabled, license not found
[01/11/2024 17:41:20 000019b4] ParentalControl is enabled
[01/11/2024 17:41:20 000019b4] Antispam license not found
[01/11/2024 17:41:20 000019a8] Loading the predefined URL-filter lists from C:\ProgramData\Doctor Web\DWS\
[01/11/2024 17:41:20 000019a8] <DEBUG:1> trying url filter base file: C:\ProgramData\Doctor Web\DWS\dwfanonym00.dws
[01/11/2024 17:41:20 000019a8] <DEBUG:1> TIMER: file C:\ProgramData\Doctor Web\DWS\dwfanonym00.dws time 1 ms
[01/11/2024 17:41:20 000019a8] Url filter ignored (file name = dwfanonym00.dws, type=anonymizer, timestamp=2020-07-07 15:45:23)
[01/11/2024 17:41:20 000019a8] <DEBUG:1> trying url filter base file: C:\ProgramData\Doctor Web\DWS\dwfcht00.dws
[01/11/2024 17:41:20 000019a8] <DEBUG:1> TIMER: file C:\ProgramData\Doctor Web\DWS\dwfcht00.dws time 1 ms
[01/11/2024 17:41:20 000019a8] Url filter ignored (file name = dwfcht00.dws, type=chats, timestamp=2020-11-23 13:00:08)
[01/11/2024 17:41:20 000019a8] <DEBUG:1> trying url filter base file: C:\ProgramData\Doctor Web\DWS\dwfdrg00.dws
[01/11/2024 17:41:20 000019a8] <DEBUG:1> TIMER: file C:\ProgramData\Doctor Web\DWS\dwfdrg00.dws time 11 ms
[01/11/2024 17:41:20 000019a8] Url filter ignored (file name = dwfdrg00.dws, type=drugs, timestamp=2020-11-29 10:30:30)
[01/11/2024 17:41:20 000019a8] <DEBUG:1> trying url filter base file: C:\ProgramData\Doctor Web\DWS\dwfeml00.dws
[01/11/2024 17:41:20 000019a8] <DEBUG:1> TIMER: file C:\ProgramData\Doctor Web\DWS\dwfeml00.dws time 0 ms
[01/11/2024 17:41:20 000019a8] Url filter ignored (file name = dwfeml00.dws, type=e-mail, timestamp=2018-11-29 07:02:12)
[01/11/2024 17:41:20 000019a8] <DEBUG:1> trying url filter base file: C:\ProgramData\Doctor Web\DWS\dwffse00.dws
[01/11/2024 17:41:20 000019a8] <DEBUG:1> TIMER: file C:\ProgramData\Doctor Web\DWS\dwffse00.dws time 0 ms
[01/11/2024 17:41:20 000019a8] Url filter loaded (file name = dwffse00.dws, type=social_engineering, timestamp=2019-11-24 19:30:31)
[01/11/2024 17:41:20 000019a8] <DEBUG:1> trying url filter base file: C:\ProgramData\Doctor Web\DWS\dwffse01.dws
[01/11/2024 17:41:20 000019a8] <DEBUG:1> TIMER: file C:\ProgramData\Doctor Web\DWS\dwffse01.dws time 0 ms
[01/11/2024 17:41:20 000019a8] Url filter loaded (file name = dwffse01.dws, type=social_engineering, timestamp=2020-10-18 14:49:43)
[01/11/2024 17:41:20 000019a8] <DEBUG:1> trying url filter base file: C:\ProgramData\Doctor Web\DWS\dwffse02.dws
[01/11/2024 17:41:20 000019a8] <DEBUG:1> TIMER: file C:\ProgramData\Doctor Web\DWS\dwffse02.dws time 0 ms
[01/11/2024 17:41:20 000019a8] Url filter loaded (file name = dwffse02.dws, type=social_engineering, timestamp=2019-11-19 17:45:10)
[01/11/2024 17:41:20 000019a8] <DEBUG:1> trying url filter base file: C:\ProgramData\Doctor Web\DWS\dwffse03.dws
[01/11/2024 17:41:20 000019a8] <DEBUG:1> TIMER: file C:\ProgramData\Doctor Web\DWS\dwffse03.dws time 0 ms
[01/11/2024 17:41:20 000019a8] Url filter loaded (file name = dwffse03.dws, type=social_engineering, timestamp=2019-11-19 17:45:20)
[01/11/2024 17:41:20 000019a8] <DEBUG:1> trying url filter base file: C:\ProgramData\Doctor Web\DWS\dwffse04.dws
[01/11/2024 17:41:20 000019a8] <DEBUG:1> TIMER: file C:\ProgramData\Doctor Web\DWS\dwffse04.dws time 0 ms
[01/11/2024 17:41:20 000019a8] Url filter loaded (file name = dwffse04.dws, type=social_engineering, timestamp=2019-11-19 15:15:52)
[01/11/2024 17:41:20 000019a8] <DEBUG:1> trying url filter base file: C:\ProgramData\Doctor Web\DWS\dwffse05.dws
[01/11/2024 17:41:20 000019a8] <DEBUG:1> TIMER: file C:\ProgramData\Doctor Web\DWS\dwffse05.dws time 0 ms
[01/11/2024 17:41:20 000019a8] Url filter loaded (file name = dwffse05.dws, type=social_engineering, timestamp=2020-09-12 17:00:31)
[01/11/2024 17:41:20 000019a8] <DEBUG:1> trying url filter base file: C:\ProgramData\Doctor Web\DWS\dwffse06.dws
[01/11/2024 17:41:20 000019a8] <DEBUG:1> TIMER: file C:\ProgramData\Doctor Web\DWS\dwffse06.dws time 0 ms
[01/11/2024 17:41:20 000019a8] Url filter loaded (file name = dwffse06.dws, type=social_engineering, timestamp=2020-09-21 15:15:35)
[01/11/2024 17:41:20 000019a8] <DEBUG:1> trying url filter base file: C:\ProgramData\Doctor Web\DWS\dwffse07.dws
[01/11/2024 17:41:20 000019a8] <DEBUG:1> TIMER: file C:\ProgramData\Doctor Web\DWS\dwffse07.dws time 0 ms
[01/11/2024 17:41:20 000019a8] Url filter loaded (file name = dwffse07.dws, type=social_engineering, timestamp=2020-07-07 10:00:35)
[01/11/2024 17:41:20 000019a8] <DEBUG:1> trying url filter base file: C:\ProgramData\Doctor Web\DWS\dwffse08.dws
[01/11/2024 17:41:20 000019a8] <DEBUG:1> TIMER: file C:\ProgramData\Doctor Web\DWS\dwffse08.dws time 0 ms
[01/11/2024 17:41:20 000019a8] Url filter loaded (file name = dwffse08.dws, type=social_engineering, timestamp=2020-09-19 10:15:37)
[01/11/2024 17:41:20 000019a8] <DEBUG:1> trying url filter base file: C:\ProgramData\Doctor Web\DWS\dwffse09.dws
[01/11/2024 17:41:20 000019a8] <DEBUG:1> TIMER: file C:\ProgramData\Doctor Web\DWS\dwffse09.dws time 1 ms
[01/11/2024 17:41:20 000019a8] Url filter loaded (file name = dwffse09.dws, type=social_engineering, timestamp=2020-11-25 13:00:23)
[01/11/2024 17:41:20 000019a8] <DEBUG:1> trying url filter base file: C:\ProgramData\Doctor Web\DWS\dwffse_addon.dws
[01/11/2024 17:41:20 000019a8] <DEBUG:1> TIMER: file C:\ProgramData\Doctor Web\DWS\dwffse_addon.dws time 1 ms
[01/11/2024 17:41:20 000019a8] Url filter loaded (file name = dwffse_addon.dws, type=social_engineering, timestamp=2021-00-04 09:15:04)
[01/11/2024 17:41:20 000019a8] <DEBUG:1> trying url filter base file: C:\ProgramData\Doctor Web\DWS\dwfgml00.dws
[01/11/2024 17:41:20 000019a8] <DEBUG:1> TIMER: file C:\ProgramData\Doctor Web\DWS\dwfgml00.dws time 1 ms
[01/11/2024 17:41:20 000019a8] Url filter ignored (file name = dwfgml00.dws, type=gamble, timestamp=2019-11-22 03:45:37)
[01/11/2024 17:41:20 000019a8] <DEBUG:1> trying url filter base file: C:\ProgramData\Doctor Web\DWS\dwfgml01.dws
[01/11/2024 17:41:20 000019a8] <DEBUG:1> TIMER: file C:\ProgramData\Doctor Web\DWS\dwfgml01.dws time 0 ms
[01/11/2024 17:41:20 000019a8] Url filter ignored (file name = dwfgml01.dws, type=gamble, timestamp=2019-11-21 15:00:08)
[01/11/2024 17:41:20 000019a8] <DEBUG:1> trying url filter base file: C:\ProgramData\Doctor Web\DWS\dwfgml02.dws
[01/11/2024 17:41:20 000019a8] <DEBUG:1> TIMER: file C:\ProgramData\Doctor Web\DWS\dwfgml02.dws time 1 ms
[01/11/2024 17:41:20 000019a8] Url filter ignored (file name = dwfgml02.dws, type=gamble, timestamp=2019-11-20 17:45:14)
[01/11/2024 17:41:20 000019a8] <DEBUG:1> trying url filter base file: C:\ProgramData\Doctor Web\DWS\dwfgml03.dws
[01/11/2024 17:41:20 000019a8] <DEBUG:1> TIMER: file C:\ProgramData\Doctor Web\DWS\dwfgml03.dws time 0 ms
[01/11/2024 17:41:20 000019a8] Url filter ignored (file name = dwfgml03.dws, type=gamble, timestamp=2019-11-21 09:01:41)
[01/11/2024 17:41:20 000019a8] <DEBUG:1> trying url filter base file: C:\ProgramData\Doctor Web\DWS\dwfgml04.dws
[01/11/2024 17:41:20 000019a8] <DEBUG:1> TIMER: file C:\ProgramData\Doctor Web\DWS\dwfgml04.dws time 0 ms
[01/11/2024 17:41:20 000019a8] Url filter ignored (file name = dwfgml04.dws, type=gamble, timestamp=2019-11-21 09:00:36)
[01/11/2024 17:41:20 000019a8] <DEBUG:1> trying url filter base file: C:\ProgramData\Doctor Web\DWS\dwfgml05.dws
[01/11/2024 17:41:20 000019a8] <DEBUG:1> TIMER: file C:\ProgramData\Doctor Web\DWS\dwfgml05.dws time 1 ms
[01/11/2024 17:41:20 000019a8] Url filter ignored (file name = dwfgml05.dws, type=gamble, timestamp=2019-11-21 09:01:26)
[01/11/2024 17:41:20 000019a8] <DEBUG:1> trying url filter base file: C:\ProgramData\Doctor Web\DWS\dwfgml06.dws
[01/11/2024 17:41:20 000019a8] <DEBUG:1> TIMER: file C:\ProgramData\Doctor Web\DWS\dwfgml06.dws time 1 ms
[01/11/2024 17:41:20 000019a8] Url filter ignored (file name = dwfgml06.dws, type=gamble, timestamp=2019-11-21 09:01:11)
[01/11/2024 17:41:20 000019a8] <DEBUG:1> trying url filter base file: C:\ProgramData\Doctor Web\DWS\dwfgml07.dws
[01/11/2024 17:41:20 000019a8] <DEBUG:1> TIMER: file C:\ProgramData\Doctor Web\DWS\dwfgml07.dws time 0 ms
[01/11/2024 17:41:20 000019a8] Url filter ignored (file name = dwfgml07.dws, type=gamble, timestamp=2019-11-21 14:45:40)
[01/11/2024 17:41:20 000019a8] <DEBUG:1> trying url filter base file: C:\ProgramData\Doctor Web\DWS\dwfgml08.dws
[01/11/2024 17:41:20 000019a8] <DEBUG:1> TIMER: file C:\ProgramData\Doctor Web\DWS\dwfgml08.dws time 0 ms
[01/11/2024 17:41:20 000019a8] Url filter ignored (file name = dwfgml08.dws, type=gamble, timestamp=2019-11-21 14:45:58)
[01/11/2024 17:41:20 000019a8] <DEBUG:1> trying url filter base file: C:\ProgramData\Doctor Web\DWS\dwfgml09.dws
[01/11/2024 17:41:20 000019a8] <DEBUG:1> TIMER: file C:\ProgramData\Doctor Web\DWS\dwfgml09.dws time 0 ms
[01/11/2024 17:41:20 000019a8] Url filter ignored (file name = dwfgml09.dws, type=gamble, timestamp=2019-11-21 14:45:51)
[01/11/2024 17:41:20 000019a8] <DEBUG:1> trying url filter base file: C:\ProgramData\Doctor Web\DWS\dwfgml10.dws
[01/11/2024 17:41:20 000019a8] <DEBUG:1> TIMER: file C:\ProgramData\Doctor Web\DWS\dwfgml10.dws time 0 ms
[01/11/2024 17:41:20 000019a8] Url filter ignored (file name = dwfgml10.dws, type=gamble, timestamp=2019-11-21 14:45:28)
[01/11/2024 17:41:20 000019a8] <DEBUG:1> trying url filter base file: C:\ProgramData\Doctor Web\DWS\dwfgml11.dws
[01/11/2024 17:41:20 000019a8] <DEBUG:1> TIMER: file C:\ProgramData\Doctor Web\DWS\dwfgml11.dws time 0 ms
[01/11/2024 17:41:20 000019a8] Url filter ignored (file name = dwfgml11.dws, type=gamble, timestamp=2019-11-21 20:30:30)
[01/11/2024 17:41:20 000019a8] <DEBUG:1> trying url filter base file: C:\ProgramData\Doctor Web\DWS\dwfgml12.dws
[01/11/2024 17:41:20 000019a8] <DEBUG:1> TIMER: file C:\ProgramData\Doctor Web\DWS\dwfgml12.dws time 0 ms
[01/11/2024 17:41:20 000019a8] Url filter ignored (file name = dwfgml12.dws, type=gamble, timestamp=2019-11-21 20:30:34)
[01/11/2024 17:41:20 000019a8] <DEBUG:1> trying url filter base file: C:\ProgramData\Doctor Web\DWS\dwfgml13.dws
[01/11/2024 17:41:20 000019a8] <DEBUG:1> TIMER: file C:\ProgramData\Doctor Web\DWS\dwfgml13.dws time 0 ms
[01/11/2024 17:41:20 000019a8] Url filter ignored (file name = dwfgml13.dws, type=gamble, timestamp=2019-11-21 20:30:19)
[01/11/2024 17:41:20 000019a8] <DEBUG:1> trying url filter base file: C:\ProgramData\Doctor Web\DWS\dwfgml14.dws
[01/11/2024 17:41:20 000019a8] <DEBUG:1> TIMER: file C:\ProgramData\Doctor Web\DWS\dwfgml14.dws time 0 ms
[01/11/2024 17:41:20 000019a8] Url filter ignored (file name = dwfgml14.dws, type=gamble, timestamp=2019-11-22 03:45:20)
[01/11/2024 17:41:20 000019a8] <DEBUG:1> trying url filter base file: C:\ProgramData\Doctor Web\DWS\dwfgml15.dws
[01/11/2024 17:41:20 000019a8] <DEBUG:1> TIMER: file C:\ProgramData\Doctor Web\DWS\dwfgml15.dws time 0 ms
[01/11/2024 17:41:20 000019a8] Url filter ignored (file name = dwfgml15.dws, type=gamble, timestamp=2019-11-22 03:45:13)
[01/11/2024 17:41:20 000019a8] <DEBUG:1> trying url filter base file: C:\ProgramData\Doctor Web\DWS\dwfgml16.dws
[01/11/2024 17:41:20 000019a8] <DEBUG:1> TIMER: file C:\ProgramData\Doctor Web\DWS\dwfgml16.dws time 0 ms
[01/11/2024 17:41:20 000019a8] Url filter ignored (file name = dwfgml16.dws, type=gamble, timestamp=2019-11-22 14:31:54)
[01/11/2024 17:41:20 000019a8] <DEBUG:1> trying url filter base file: C:\ProgramData\Doctor Web\DWS\dwfgml17.dws
[01/11/2024 17:41:20 000019a8] <DEBUG:1> TIMER: file C:\ProgramData\Doctor Web\DWS\dwfgml17.dws time 0 ms
[01/11/2024 17:41:20 000019a8] Url filter ignored (file name = dwfgml17.dws, type=gamble, timestamp=2019-11-22 14:31:13)
[01/11/2024 17:41:20 000019a8] <DEBUG:1> trying url filter base file: C:\ProgramData\Doctor Web\DWS\dwfgml18.dws
[01/11/2024 17:41:20 000019a8] <DEBUG:1> TIMER: file C:\ProgramData\Doctor Web\DWS\dwfgml18.dws time 0 ms
[01/11/2024 17:41:20 000019a8] Url filter ignored (file name = dwfgml18.dws, type=gamble, timestamp=2019-11-23 12:15:38)
[01/11/2024 17:41:20 000019a8] <DEBUG:1> trying url filter base file: C:\ProgramData\Doctor Web\DWS\dwfgml19.dws
[01/11/2024 17:41:20 000019a8] <DEBUG:1> TIMER: file C:\ProgramData\Doctor Web\DWS\dwfgml19.dws time 0 ms
[01/11/2024 17:41:20 000019a8] Url filter ignored (file name = dwfgml19.dws, type=gamble, timestamp=2020-11-30 14:45:25)
[01/11/2024 17:41:20 000019a8] <DEBUG:1> trying url filter base file: C:\ProgramData\Doctor Web\DWS\dwfminers00.dws
[01/11/2024 17:41:20 000019a8] <DEBUG:1> TIMER: file C:\ProgramData\Doctor Web\DWS\dwfminers00.dws time 0 ms
[01/11/2024 17:41:20 000019a8] Url filter ignored (file name = dwfminers00.dws, type=miners, timestamp=2020-11-07 11:15:03)
[01/11/2024 17:41:20 000019a8] <DEBUG:1> trying url filter base file: C:\ProgramData\Doctor Web\DWS\dwfmlw00.dws
[01/11/2024 17:41:20 000019a8] <DEBUG:1> TIMER: file C:\ProgramData\Doctor Web\DWS\dwfmlw00.dws time 0 ms
[01/11/2024 17:41:20 000019a8] Url filter loaded (file name = dwfmlw00.dws, type=malware, timestamp=2019-10-07 19:56:25)
[01/11/2024 17:41:20 000019a8] <DEBUG:1> trying url filter base file: C:\ProgramData\Doctor Web\DWS\dwfmlw01.dws
[01/11/2024 17:41:20 000019a8] <DEBUG:1> TIMER: file C:\ProgramData\Doctor Web\DWS\dwfmlw01.dws time 0 ms
[01/11/2024 17:41:20 000019a8] Url filter loaded (file name = dwfmlw01.dws, type=malware, timestamp=2019-11-16 16:46:19)
[01/11/2024 17:41:20 000019a8] <DEBUG:1> trying url filter base file: C:\ProgramData\Doctor Web\DWS\dwfmlw02.dws
[01/11/2024 17:41:20 000019a8] <DEBUG:1> TIMER: file C:\ProgramData\Doctor Web\DWS\dwfmlw02.dws time 0 ms
[01/11/2024 17:41:20 000019a8] Url filter loaded (file name = dwfmlw02.dws, type=malware, timestamp=2019-11-17 12:31:13)
[01/11/2024 17:41:20 000019a8] <DEBUG:1> trying url filter base file: C:\ProgramData\Doctor Web\DWS\dwfmlw03.dws
[01/11/2024 17:41:20 000019a8] <DEBUG:1> TIMER: file C:\ProgramData\Doctor Web\DWS\dwfmlw03.dws time 0 ms
[01/11/2024 17:41:20 000019a8] Url filter loaded (file name = dwfmlw03.dws, type=malware, timestamp=2019-11-18 13:01:39)
[01/11/2024 17:41:20 000019a8] <DEBUG:1> trying url filter base file: C:\ProgramData\Doctor Web\DWS\dwfmlw04.dws
[01/11/2024 17:41:20 000019a8] <DEBUG:1> TIMER: file C:\ProgramData\Doctor Web\DWS\dwfmlw04.dws time 0 ms
[01/11/2024 17:41:20 000019a8] Url filter loaded (file name = dwfmlw04.dws, type=malware, timestamp=2019-11-18 18:30:20)
[01/11/2024 17:41:20 000019a8] <DEBUG:1> trying url filter base file: C:\ProgramData\Doctor Web\DWS\dwfmlw05.dws
[01/11/2024 17:41:20 000019a8] <DEBUG:1> TIMER: file C:\ProgramData\Doctor Web\DWS\dwfmlw05.dws time 0 ms
[01/11/2024 17:41:20 000019a8] Url filter loaded (file name = dwfmlw05.dws, type=malware, timestamp=2020-11-12 00:45:16)
[01/11/2024 17:41:20 000019a8] <DEBUG:1> trying url filter base file: C:\ProgramData\Doctor Web\DWS\dwfmlw06.dws
[01/11/2024 17:41:20 000019a8] <DEBUG:1> TIMER: file C:\ProgramData\Doctor Web\DWS\dwfmlw06.dws time 0 ms
[01/11/2024 17:41:20 000019a8] Url filter loaded (file name = dwfmlw06.dws, type=malware, timestamp=2019-11-13 15:45:59)
[01/11/2024 17:41:20 000019a8] <DEBUG:1> trying url filter base file: C:\ProgramData\Doctor Web\DWS\dwfmlw07.dws
[01/11/2024 17:41:20 000019a8] <DEBUG:1> TIMER: file C:\ProgramData\Doctor Web\DWS\dwfmlw07.dws time 0 ms
[01/11/2024 17:41:20 000019a8] Url filter loaded (file name = dwfmlw07.dws, type=malware, timestamp=2019-11-16 12:45:36)
[01/11/2024 17:41:20 000019a8] <DEBUG:1> trying url filter base file: C:\ProgramData\Doctor Web\DWS\dwfmlw08.dws
[01/11/2024 17:41:20 000019a8] <DEBUG:1> TIMER: file C:\ProgramData\Doctor Web\DWS\dwfmlw08.dws time 0 ms
[01/11/2024 17:41:20 000019a8] Url filter loaded (file name = dwfmlw08.dws, type=malware, timestamp=2019-11-18 01:15:36)
[01/11/2024 17:41:20 000019a8] <DEBUG:1> trying url filter base file: C:\ProgramData\Doctor Web\DWS\dwfmlw09.dws
[01/11/2024 17:41:20 000019a8] <DEBUG:1> TIMER: file C:\ProgramData\Doctor Web\DWS\dwfmlw09.dws time 0 ms
[01/11/2024 17:41:20 000019a8] Url filter loaded (file name = dwfmlw09.dws, type=malware, timestamp=2019-11-19 00:30:54)
[01/11/2024 17:41:20 000019a8] <DEBUG:1> trying url filter base file: C:\ProgramData\Doctor Web\DWS\dwfmlw10.dws
[01/11/2024 17:41:20 000019a8] <DEBUG:1> TIMER: file C:\ProgramData\Doctor Web\DWS\dwfmlw10.dws time 0 ms
[01/11/2024 17:41:20 000019a8] Url filter loaded (file name = dwfmlw10.dws, type=malware, timestamp=2020-05-26 09:15:33)
[01/11/2024 17:41:20 000019a8] <DEBUG:1> trying url filter base file: C:\ProgramData\Doctor Web\DWS\dwfmlw11.dws
[01/11/2024 17:41:20 000019a8] <DEBUG:1> TIMER: file C:\ProgramData\Doctor Web\DWS\dwfmlw11.dws time 0 ms
[01/11/2024 17:41:20 000019a8] Url filter loaded (file name = dwfmlw11.dws, type=malware, timestamp=2020-10-10 16:15:21)
[01/11/2024 17:41:20 000019a8] <DEBUG:1> trying url filter base file: C:\ProgramData\Doctor Web\DWS\dwfmlw_addon.dws
[01/11/2024 17:41:20 000019a8] <DEBUG:1> TIMER: file C:\ProgramData\Doctor Web\DWS\dwfmlw_addon.dws time 0 ms
[01/11/2024 17:41:20 000019a8] Url filter loaded (file name = dwfmlw_addon.dws, type=malware, timestamp=2021-00-06 06:30:18)
[01/11/2024 17:41:20 000019a8] <DEBUG:1> trying url filter base file: C:\ProgramData\Doctor Web\DWS\dwfobs00.dws
[01/11/2024 17:41:20 000019a8] <DEBUG:1> TIMER: file C:\ProgramData\Doctor Web\DWS\dwfobs00.dws time 0 ms
[01/11/2024 17:41:20 000019a8] Url filter ignored (file name = dwfobs00.dws, type=obscenity, timestamp=2018-09-02 13:30:06)
[01/11/2024 17:41:20 000019a8] <DEBUG:1> trying url filter base file: C:\ProgramData\Doctor Web\DWS\dwfogm00.dws
[01/11/2024 17:41:20 000019a8] <DEBUG:1> TIMER: file C:\ProgramData\Doctor Web\DWS\dwfogm00.dws time 0 ms
[01/11/2024 17:41:20 000019a8] Url filter ignored (file name = dwfogm00.dws, type=online_games, timestamp=2020-10-27 19:30:06)
[01/11/2024 17:41:20 000019a8] <DEBUG:1> trying url filter base file: C:\ProgramData\Doctor Web\DWS\dwfprc00.dws
[01/11/2024 17:41:20 000019a8] <DEBUG:1> TIMER: file C:\ProgramData\Doctor Web\DWS\dwfprc00.dws time 0 ms
[01/11/2024 17:41:20 000019a8] Url filter loaded (file name = dwfprc00.dws, type=piracy, timestamp=2020-09-28 11:00:05)
[01/11/2024 17:41:20 000019a8] <DEBUG:1> trying url filter base file: C:\ProgramData\Doctor Web\DWS\dwfprn00.dws
[01/11/2024 17:41:20 000019a8] <DEBUG:1> TIMER: file C:\ProgramData\Doctor Web\DWS\dwfprn00.dws time 0 ms
[01/11/2024 17:41:20 000019a8] Url filter ignored (file name = dwfprn00.dws, type=porno, timestamp=2019-10-12 19:05:37)
[01/11/2024 17:41:20 000019a8] <DEBUG:1> trying url filter base file: C:\ProgramData\Doctor Web\DWS\dwfprn01.dws
[01/11/2024 17:41:20 000019a8] <DEBUG:1> TIMER: file C:\ProgramData\Doctor Web\DWS\dwfprn01.dws time 0 ms
[01/11/2024 17:41:20 000019a8] Url filter ignored (file name = dwfprn01.dws, type=porno, timestamp=2019-10-12 13:16:54)
[01/11/2024 17:41:20 000019a8] <DEBUG:1> trying url filter base file: C:\ProgramData\Doctor Web\DWS\dwfprn02.dws
[01/11/2024 17:41:20 000019a8] <DEBUG:1> TIMER: file C:\ProgramData\Doctor Web\DWS\dwfprn02.dws time 0 ms
[01/11/2024 17:41:20 000019a8] Url filter ignored (file name = dwfprn02.dws, type=porno, timestamp=2019-10-10 00:02:26)
[01/11/2024 17:41:20 000019a8] <DEBUG:1> trying url filter base file: C:\ProgramData\Doctor Web\DWS\dwfprn03.dws
[01/11/2024 17:41:20 000019a8] <DEBUG:1> TIMER: file C:\ProgramData\Doctor Web\DWS\dwfprn03.dws time 0 ms
[01/11/2024 17:41:20 000019a8] Url filter ignored (file name = dwfprn03.dws, type=porno, timestamp=2019-10-10 03:47:29)
[01/11/2024 17:41:20 000019a8] <DEBUG:1> trying url filter base file: C:\ProgramData\Doctor Web\DWS\dwfprn04.dws
[01/11/2024 17:41:20 000019a8] <DEBUG:1> TIMER: file C:\ProgramData\Doctor Web\DWS\dwfprn04.dws time 0 ms
[01/11/2024 17:41:20 000019a8] Url filter ignored (file name = dwfprn04.dws, type=porno, timestamp=2019-10-08 01:30:56)
[01/11/2024 17:41:20 000019a8] <DEBUG:1> trying url filter base file: C:\ProgramData\Doctor Web\DWS\dwfprn05.dws
[01/11/2024 17:41:20 000019a8] <DEBUG:1> TIMER: file C:\ProgramData\Doctor Web\DWS\dwfprn05.dws time 0 ms
[01/11/2024 17:41:20 000019a8] Url filter ignored (file name = dwfprn05.dws, type=porno, timestamp=2019-10-08 01:15:19)
[01/11/2024 17:41:20 000019a8] <DEBUG:1> trying url filter base file: C:\ProgramData\Doctor Web\DWS\dwfprn06.dws
[01/11/2024 17:41:20 000019a8] <DEBUG:1> TIMER: file C:\ProgramData\Doctor Web\DWS\dwfprn06.dws time 0 ms
[01/11/2024 17:41:20 000019a8] Url filter ignored (file name = dwfprn06.dws, type=porno, timestamp=2019-10-10 03:46:57)
[01/11/2024 17:41:20 000019a8] <DEBUG:1> trying url filter base file: C:\ProgramData\Doctor Web\DWS\dwfprn07.dws
[01/11/2024 17:41:20 000019a8] <DEBUG:1> TIMER: file C:\ProgramData\Doctor Web\DWS\dwfprn07.dws time 0 ms
[01/11/2024 17:41:20 000019a8] Url filter ignored (file name = dwfprn07.dws, type=porno, timestamp=2019-10-27 12:48:17)
[01/11/2024 17:41:20 000019a8] <DEBUG:1> trying url filter base file: C:\ProgramData\Doctor Web\DWS\dwfprn08.dws
[01/11/2024 17:41:20 000019a8] <DEBUG:1> TIMER: file C:\ProgramData\Doctor Web\DWS\dwfprn08.dws time 0 ms
[01/11/2024 17:41:20 000019a8] Url filter ignored (file name = dwfprn08.dws, type=porno, timestamp=2019-10-27 12:47:03)
[01/11/2024 17:41:20 000019a8] <DEBUG:1> trying url filter base file: C:\ProgramData\Doctor Web\DWS\dwfprn09.dws
[01/11/2024 17:41:20 000019a8] <DEBUG:1> TIMER: file C:\ProgramData\Doctor Web\DWS\dwfprn09.dws time 0 ms
[01/11/2024 17:41:20 000019a8] Url filter ignored (file name = dwfprn09.dws, type=porno, timestamp=2019-10-27 12:46:01)
[01/11/2024 17:41:20 000019a8] <DEBUG:1> trying url filter base file: C:\ProgramData\Doctor Web\DWS\dwfprn10.dws
[01/11/2024 17:41:20 000019a8] <DEBUG:1> TIMER: file C:\ProgramData\Doctor Web\DWS\dwfprn10.dws time 0 ms
[01/11/2024 17:41:20 000019a8] Url filter ignored (file name = dwfprn10.dws, type=porno, timestamp=2019-10-11 03:00:50)
[01/11/2024 17:41:20 000019a8] <DEBUG:1> trying url filter base file: C:\ProgramData\Doctor Web\DWS\dwfprn11.dws
[01/11/2024 17:41:20 000019a8] <DEBUG:1> TIMER: file C:\ProgramData\Doctor Web\DWS\dwfprn11.dws time 0 ms
[01/11/2024 17:41:20 000019a8] Url filter ignored (file name = dwfprn11.dws, type=porno, timestamp=2019-10-10 00:00:51)
[01/11/2024 17:41:20 000019a8] <DEBUG:1> trying url filter base file: C:\ProgramData\Doctor Web\DWS\dwfprn12.dws
[01/11/2024 17:41:20 000019a8] <DEBUG:1> TIMER: file C:\ProgramData\Doctor Web\DWS\dwfprn12.dws time 0 ms
[01/11/2024 17:41:20 000019a8] Url filter ignored (file name = dwfprn12.dws, type=porno, timestamp=2019-10-08 17:00:32)
[01/11/2024 17:41:20 000019a8] <DEBUG:1> trying url filter base file: C:\ProgramData\Doctor Web\DWS\dwfprn13.dws
[01/11/2024 17:41:20 000019a8] <DEBUG:1> TIMER: file C:\ProgramData\Doctor Web\DWS\dwfprn13.dws time 0 ms
[01/11/2024 17:41:20 000019a8] Url filter ignored (file name = dwfprn13.dws, type=porno, timestamp=2019-10-10 03:45:11)
[01/11/2024 17:41:20 000019a8] <DEBUG:1> trying url filter base file: C:\ProgramData\Doctor Web\DWS\dwfprn14.dws
[01/11/2024 17:41:20 000019a8] <DEBUG:1> TIMER: file C:\ProgramData\Doctor Web\DWS\dwfprn14.dws time 0 ms
[01/11/2024 17:41:20 000019a8] Url filter ignored (file name = dwfprn14.dws, type=porno, timestamp=2019-10-09 01:00:37)
[01/11/2024 17:41:20 000019a8] <DEBUG:1> trying url filter base file: C:\ProgramData\Doctor Web\DWS\dwfprn15.dws
[01/11/2024 17:41:20 000019a8] <DEBUG:1> TIMER: file C:\ProgramData\Doctor Web\DWS\dwfprn15.dws time 0 ms
[01/11/2024 17:41:20 000019a8] Url filter ignored (file name = dwfprn15.dws, type=porno, timestamp=2019-10-10 03:46:16)
[01/11/2024 17:41:20 000019a8] <DEBUG:1> trying url filter base file: C:\ProgramData\Doctor Web\DWS\dwfprn16.dws
[01/11/2024 17:41:20 000019a8] <DEBUG:1> TIMER: file C:\ProgramData\Doctor Web\DWS\dwfprn16.dws time 0 ms
[01/11/2024 17:41:20 000019a8] Url filter ignored (file name = dwfprn16.dws, type=porno, timestamp=2019-10-11 03:01:27)
[01/11/2024 17:41:20 000019a8] <DEBUG:1> trying url filter base file: C:\ProgramData\Doctor Web\DWS\dwfprn17.dws
[01/11/2024 17:41:20 000019a8] <DEBUG:1> TIMER: file C:\ProgramData\Doctor Web\DWS\dwfprn17.dws time 1 ms
[01/11/2024 17:41:20 000019a8] Url filter ignored (file name = dwfprn17.dws, type=porno, timestamp=2019-10-11 03:01:53)
[01/11/2024 17:41:20 000019a8] <DEBUG:1> trying url filter base file: C:\ProgramData\Doctor Web\DWS\dwfprn18.dws
[01/11/2024 17:41:20 000019a8] <DEBUG:1> TIMER: file C:\ProgramData\Doctor Web\DWS\dwfprn18.dws time 0 ms
[01/11/2024 17:41:20 000019a8] Url filter ignored (file name = dwfprn18.dws, type=porno, timestamp=2019-10-10 03:45:53)
[01/11/2024 17:41:20 000019a8] <DEBUG:1> trying url filter base file: C:\ProgramData\Doctor Web\DWS\dwfprn19.dws
[01/11/2024 17:41:20 000019a8] <DEBUG:1> TIMER: file C:\ProgramData\Doctor Web\DWS\dwfprn19.dws time 1 ms
[01/11/2024 17:41:20 000019a8] Url filter ignored (file name = dwfprn19.dws, type=porno, timestamp=2019-11-04 09:46:16)
[01/11/2024 17:41:20 000019a8] <DEBUG:1> trying url filter base file: C:\ProgramData\Doctor Web\DWS\dwfprn20.dws
[01/11/2024 17:41:20 000019a8] <DEBUG:1> TIMER: file C:\ProgramData\Doctor Web\DWS\dwfprn20.dws time 0 ms
[01/11/2024 17:41:20 000019a8] Url filter ignored (file name = dwfprn20.dws, type=porno, timestamp=2020-03-22 13:30:29)
[01/11/2024 17:41:20 000019a8] <DEBUG:1> trying url filter base file: C:\ProgramData\Doctor Web\DWS\dwfprn21.dws
[01/11/2024 17:41:20 000019a8] <DEBUG:1> TIMER: file C:\ProgramData\Doctor Web\DWS\dwfprn21.dws time 1 ms
[01/11/2024 17:41:20 000019a8] Url filter ignored (file name = dwfprn21.dws, type=porno, timestamp=2020-08-09 13:15:52)
[01/11/2024 17:41:20 000019a8] <DEBUG:1> trying url filter base file: C:\ProgramData\Doctor Web\DWS\dwfprn22.dws
[01/11/2024 17:41:20 000019a8] <DEBUG:1> TIMER: file C:\ProgramData\Doctor Web\DWS\dwfprn22.dws time 1 ms
[01/11/2024 17:41:20 000019a8] Url filter ignored (file name = dwfprn22.dws, type=porno, timestamp=2020-11-28 12:15:25)
[01/11/2024 17:41:20 000019a8] <DEBUG:1> trying url filter base file: C:\ProgramData\Doctor Web\DWS\dwfprn_addon.dws
[01/11/2024 17:41:20 000019a8] <DEBUG:1> TIMER: file C:\ProgramData\Doctor Web\DWS\dwfprn_addon.dws time 0 ms
[01/11/2024 17:41:20 000019a8] Url filter ignored (file name = dwfprn_addon.dws, type=porno, timestamp=2021-00-05 09:45:03)
[01/11/2024 17:41:20 000019a8] <DEBUG:1> trying url filter base file: C:\ProgramData\Doctor Web\DWS\dwfscl00.dws
[01/11/2024 17:41:20 000019a8] <DEBUG:1> TIMER: file C:\ProgramData\Doctor Web\DWS\dwfscl00.dws time 1 ms
[01/11/2024 17:41:20 000019a8] Url filter ignored (file name = dwfscl00.dws, type=socialnetwork, timestamp=2019-11-23 16:30:23)
[01/11/2024 17:41:20 000019a8] <DEBUG:1> trying url filter base file: C:\ProgramData\Doctor Web\DWS\dwfscl01.dws
[01/11/2024 17:41:20 000019a8] <DEBUG:1> TIMER: file C:\ProgramData\Doctor Web\DWS\dwfscl01.dws time 0 ms
[01/11/2024 17:41:20 000019a8] Url filter ignored (file name = dwfscl01.dws, type=socialnetwork, timestamp=2019-11-23 17:45:23)
[01/11/2024 17:41:20 000019a8] <DEBUG:1> trying url filter base file: C:\ProgramData\Doctor Web\DWS\dwfscl02.dws
[01/11/2024 17:41:20 000019a8] <DEBUG:1> TIMER: file C:\ProgramData\Doctor Web\DWS\dwfscl02.dws time 0 ms
[01/11/2024 17:41:20 000019a8] Url filter ignored (file name = dwfscl02.dws, type=socialnetwork, timestamp=2019-11-23 17:45:28)
[01/11/2024 17:41:20 000019a8] <DEBUG:1> trying url filter base file: C:\ProgramData\Doctor Web\DWS\dwfscl03.dws
[01/11/2024 17:41:20 000019a8] <DEBUG:1> TIMER: file C:\ProgramData\Doctor Web\DWS\dwfscl03.dws time 0 ms
[01/11/2024 17:41:20 000019a8] Url filter ignored (file name = dwfscl03.dws, type=socialnetwork, timestamp=2019-11-23 17:45:33)
[01/11/2024 17:41:20 000019a8] <DEBUG:1> trying url filter base file: C:\ProgramData\Doctor Web\DWS\dwfscl04.dws
[01/11/2024 17:41:20 000019a8] <DEBUG:1> TIMER: file C:\ProgramData\Doctor Web\DWS\dwfscl04.dws time 0 ms
[01/11/2024 17:41:20 000019a8] Url filter ignored (file name = dwfscl04.dws, type=socialnetwork, timestamp=2019-11-23 17:45:16)
[01/11/2024 17:41:20 000019a8] <DEBUG:1> trying url filter base file: C:\ProgramData\Doctor Web\DWS\dwfscl05.dws
[01/11/2024 17:41:20 000019a8] <DEBUG:1> TIMER: file C:\ProgramData\Doctor Web\DWS\dwfscl05.dws time 1 ms
[01/11/2024 17:41:20 000019a8] Url filter ignored (file name = dwfscl05.dws, type=socialnetwork, timestamp=2019-11-24 01:45:24)
[01/11/2024 17:41:20 000019a8] <DEBUG:1> trying url filter base file: C:\ProgramData\Doctor Web\DWS\dwfscl06.dws
[01/11/2024 17:41:20 000019a8] <DEBUG:1> TIMER: file C:\ProgramData\Doctor Web\DWS\dwfscl06.dws time 0 ms
[01/11/2024 17:41:20 000019a8] Url filter ignored (file name = dwfscl06.dws, type=socialnetwork, timestamp=2019-11-24 01:45:33)
[01/11/2024 17:41:20 000019a8] <DEBUG:1> trying url filter base file: C:\ProgramData\Doctor Web\DWS\dwfscl07.dws
[01/11/2024 17:41:20 000019a8] <DEBUG:1> TIMER: file C:\ProgramData\Doctor Web\DWS\dwfscl07.dws time 0 ms
[01/11/2024 17:41:20 000019a8] Url filter ignored (file name = dwfscl07.dws, type=socialnetwork, timestamp=2019-11-24 01:45:18)
[01/11/2024 17:41:20 000019a8] <DEBUG:1> trying url filter base file: C:\ProgramData\Doctor Web\DWS\dwfscl08.dws
[01/11/2024 17:41:20 000019a8] <DEBUG:1> TIMER: file C:\ProgramData\Doctor Web\DWS\dwfscl08.dws time 0 ms
[01/11/2024 17:41:20 000019a8] Url filter ignored (file name = dwfscl08.dws, type=socialnetwork, timestamp=2019-11-24 01:45:41)
[01/11/2024 17:41:20 000019a8] <DEBUG:1> trying url filter base file: C:\ProgramData\Doctor Web\DWS\dwfscl09.dws
[01/11/2024 17:41:20 000019a8] <DEBUG:1> TIMER: file C:\ProgramData\Doctor Web\DWS\dwfscl09.dws time 0 ms
[01/11/2024 17:41:20 000019a8] Url filter ignored (file name = dwfscl09.dws, type=socialnetwork, timestamp=2019-11-24 01:45:27)
[01/11/2024 17:41:20 000019a8] <DEBUG:1> trying url filter base file: C:\ProgramData\Doctor Web\DWS\dwfscl10.dws
[01/11/2024 17:41:20 000019a8] <DEBUG:1> TIMER: file C:\ProgramData\Doctor Web\DWS\dwfscl10.dws time 0 ms
[01/11/2024 17:41:20 000019a8] Url filter ignored (file name = dwfscl10.dws, type=socialnetwork, timestamp=2019-11-24 01:45:51)
[01/11/2024 17:41:20 000019a8] <DEBUG:1> trying url filter base file: C:\ProgramData\Doctor Web\DWS\dwfscl11.dws
[01/11/2024 17:41:20 000019a8] <DEBUG:1> TIMER: file C:\ProgramData\Doctor Web\DWS\dwfscl11.dws time 0 ms
[01/11/2024 17:41:20 000019a8] Url filter ignored (file name = dwfscl11.dws, type=socialnetwork, timestamp=2019-11-24 12:15:16)
[01/11/2024 17:41:20 000019a8] <DEBUG:1> trying url filter base file: C:\ProgramData\Doctor Web\DWS\dwfscl12.dws
[01/11/2024 17:41:20 000019a8] <DEBUG:1> TIMER: file C:\ProgramData\Doctor Web\DWS\dwfscl12.dws time 0 ms
[01/11/2024 17:41:20 000019a8] Url filter ignored (file name = dwfscl12.dws, type=socialnetwork, timestamp=2019-11-24 12:15:23)
[01/11/2024 17:41:20 000019a8] <DEBUG:1> trying url filter base file: C:\ProgramData\Doctor Web\DWS\dwfscl13.dws
[01/11/2024 17:41:20 000019a8] <DEBUG:1> TIMER: file C:\ProgramData\Doctor Web\DWS\dwfscl13.dws time 0 ms
[01/11/2024 17:41:20 000019a8] Url filter ignored (file name = dwfscl13.dws, type=socialnetwork, timestamp=2019-11-24 18:15:39)
[01/11/2024 17:41:20 000019a8] <DEBUG:1> trying url filter base file: C:\ProgramData\Doctor Web\DWS\dwfscl14.dws
[01/11/2024 17:41:20 000019a8] <DEBUG:1> TIMER: file C:\ProgramData\Doctor Web\DWS\dwfscl14.dws time 0 ms
[01/11/2024 17:41:20 000019a8] Url filter ignored (file name = dwfscl14.dws, type=socialnetwork, timestamp=2019-11-24 19:15:36)
[01/11/2024 17:41:20 000019a8] <DEBUG:1> trying url filter base file: C:\ProgramData\Doctor Web\DWS\dwfscl15.dws
[01/11/2024 17:41:20 000019a8] <DEBUG:1> TIMER: file C:\ProgramData\Doctor Web\DWS\dwfscl15.dws time 0 ms
[01/11/2024 17:41:20 000019a8] Url filter ignored (file name = dwfscl15.dws, type=socialnetwork, timestamp=2021-00-05 09:15:05)
[01/11/2024 17:41:20 000019a8] <DEBUG:1> trying url filter base file: C:\ProgramData\Doctor Web\DWS\dwfter00.dws
[01/11/2024 17:41:20 000019a8] <DEBUG:1> TIMER: file C:\ProgramData\Doctor Web\DWS\dwfter00.dws time 0 ms
[01/11/2024 17:41:20 000019a8] Url filter ignored (file name = dwfter00.dws, type=terrorism, timestamp=2019-04-20 17:15:14)
[01/11/2024 17:41:20 000019a8] <DEBUG:1> trying url filter base file: C:\ProgramData\Doctor Web\DWS\dwfvln00.dws
[01/11/2024 17:41:20 000019a8] <DEBUG:1> TIMER: file C:\ProgramData\Doctor Web\DWS\dwfvln00.dws time 0 ms
[01/11/2024 17:41:20 000019a8] Url filter ignored (file name = dwfvln00.dws, type=violence, timestamp=2011-11-01 09:31:02)
[01/11/2024 17:41:20 000019a8] <DEBUG:1> trying url filter base file: C:\ProgramData\Doctor Web\DWS\dwfvln01.dws
[01/11/2024 17:41:20 000019a8] <DEBUG:1> TIMER: file C:\ProgramData\Doctor Web\DWS\dwfvln01.dws time 0 ms
[01/11/2024 17:41:20 000019a8] Url filter ignored (file name = dwfvln01.dws, type=violence, timestamp=2020-09-26 16:15:04)
[01/11/2024 17:41:20 000019a8] <DEBUG:1> trying url filter base file: C:\ProgramData\Doctor Web\DWS\dwfwpn00.dws
[01/11/2024 17:41:20 000019a8] <DEBUG:1> TIMER: file C:\ProgramData\Doctor Web\DWS\dwfwpn00.dws time 0 ms
[01/11/2024 17:41:20 000019a8] Url filter ignored (file name = dwfwpn00.dws, type=weapon, timestamp=2020-09-26 16:15:05)
[01/11/2024 17:41:20 000019a8] <DEBUG:1> trying url filter base file: C:\ProgramData\Doctor Web\DWS\white_dwfanonym.dws
[01/11/2024 17:41:20 000019a8] <DEBUG:1> TIMER: file C:\ProgramData\Doctor Web\DWS\white_dwfanonym.dws time 0 ms
[01/11/2024 17:41:20 000019a8] Url filter ignored (file name = white_dwfanonym.dws, type=whitelist_anonymizer, timestamp=2019-03-22 18:15:06)
[01/11/2024 17:41:20 000019a8] <DEBUG:1> trying url filter base file: C:\ProgramData\Doctor Web\DWS\white_dwfcht.dws
[01/11/2024 17:41:20 000019a8] <DEBUG:1> TIMER: file C:\ProgramData\Doctor Web\DWS\white_dwfcht.dws time 0 ms
[01/11/2024 17:41:20 000019a8] Url filter ignored (file name = white_dwfcht.dws, type=whitelist_chats, timestamp=2019-03-22 18:15:06)
[01/11/2024 17:41:20 000019a8] <DEBUG:1> trying url filter base file: C:\ProgramData\Doctor Web\DWS\white_dwfdrg.dws
[01/11/2024 17:41:20 000019a8] <DEBUG:1> TIMER: file C:\ProgramData\Doctor Web\DWS\white_dwfdrg.dws time 0 ms
[01/11/2024 17:41:20 000019a8] Url filter ignored (file name = white_dwfdrg.dws, type=whitelist_drugs, timestamp=2020-07-04 07:15:14)
[01/11/2024 17:41:20 000019a8] <DEBUG:1> trying url filter base file: C:\ProgramData\Doctor Web\DWS\white_dwfeml.dws
[01/11/2024 17:41:20 000019a8] <DEBUG:1> TIMER: file C:\ProgramData\Doctor Web\DWS\white_dwfeml.dws time 0 ms
[01/11/2024 17:41:20 000019a8] Url filter ignored (file name = white_dwfeml.dws, type=whitelist_e-mail, timestamp=2019-03-22 18:15:06)
[01/11/2024 17:41:20 000019a8] <DEBUG:1> trying url filter base file: C:\ProgramData\Doctor Web\DWS\white_dwffse.dws
[01/11/2024 17:41:20 000019a8] <DEBUG:1> TIMER: file C:\ProgramData\Doctor Web\DWS\white_dwffse.dws time 0 ms
[01/11/2024 17:41:20 000019a8] Url exclude filter loaded (file name = white_dwffse.dws, type=whitelist_social_engineering, timestamp=2021-00-06 07:00:59)
[01/11/2024 17:41:20 000019a8] <DEBUG:1> trying url filter base file: C:\ProgramData\Doctor Web\DWS\white_dwfgml.dws
[01/11/2024 17:41:20 000019a8] <DEBUG:1> TIMER: file C:\ProgramData\Doctor Web\DWS\white_dwfgml.dws time 0 ms
[01/11/2024 17:41:20 000019a8] Url filter ignored (file name = white_dwfgml.dws, type=whitelist_gamble, timestamp=2020-11-22 10:00:14)
[01/11/2024 17:41:20 000019a8] <DEBUG:1> trying url filter base file: C:\ProgramData\Doctor Web\DWS\white_dwfminers.dws
[01/11/2024 17:41:20 000019a8] <DEBUG:1> TIMER: file C:\ProgramData\Doctor Web\DWS\white_dwfminers.dws time 0 ms
[01/11/2024 17:41:20 000019a8] Url filter ignored (file name = white_dwfminers.dws, type=whitelist_miners, timestamp=2018-04-31 07:00:08)
[01/11/2024 17:41:20 000019a8] <DEBUG:1> trying url filter base file: C:\ProgramData\Doctor Web\DWS\white_dwfmlw.dws
[01/11/2024 17:41:20 000019a8] <DEBUG:1> TIMER: file C:\ProgramData\Doctor Web\DWS\white_dwfmlw.dws time 0 ms
[01/11/2024 17:41:20 000019a8] Url exclude filter loaded (file name = white_dwfmlw.dws, type=whitelist_malware, timestamp=2021-00-05 07:30:52)
[01/11/2024 17:41:20 000019a8] <DEBUG:1> trying url filter base file: C:\ProgramData\Doctor Web\DWS\white_dwfobs.dws
[01/11/2024 17:41:20 000019a8] <DEBUG:1> TIMER: file C:\ProgramData\Doctor Web\DWS\white_dwfobs.dws time 0 ms
[01/11/2024 17:41:20 000019a8] Url filter ignored (file name = white_dwfobs.dws, type=whitelist_obscenity, timestamp=2019-03-22 18:15:06)
[01/11/2024 17:41:20 000019a8] <DEBUG:1> trying url filter base file: C:\ProgramData\Doctor Web\DWS\white_dwfogm.dws
[01/11/2024 17:41:20 000019a8] <DEBUG:1> TIMER: file C:\ProgramData\Doctor Web\DWS\white_dwfogm.dws time 0 ms
[01/11/2024 17:41:20 000019a8] Url filter ignored (file name = white_dwfogm.dws, type=whitelist_online_games, timestamp=2019-03-22 18:15:06)
[01/11/2024 17:41:20 000019a8] <DEBUG:1> trying url filter base file: C:\ProgramData\Doctor Web\DWS\white_dwfprc.dws
[01/11/2024 17:41:20 000019a8] <DEBUG:1> TIMER: file C:\ProgramData\Doctor Web\DWS\white_dwfprc.dws time 0 ms
[01/11/2024 17:41:20 000019a8] Url exclude filter loaded (file name = white_dwfprc.dws, type=whitelist_piracy, timestamp=2020-09-29 07:45:21)
[01/11/2024 17:41:20 000019a8] <DEBUG:1> trying url filter base file: C:\ProgramData\Doctor Web\DWS\white_dwfprn.dws
[01/11/2024 17:41:20 000019a8] <DEBUG:1> TIMER: file C:\ProgramData\Doctor Web\DWS\white_dwfprn.dws time 0 ms
[01/11/2024 17:41:20 000019a8] Url filter ignored (file name = white_dwfprn.dws, type=whitelist_porno, timestamp=2020-11-29 07:00:03)
[01/11/2024 17:41:20 000019a8] <DEBUG:1> trying url filter base file: C:\ProgramData\Doctor Web\DWS\white_dwfscl.dws
[01/11/2024 17:41:20 000019a8] <DEBUG:1> TIMER: file C:\ProgramData\Doctor Web\DWS\white_dwfscl.dws time 0 ms
[01/11/2024 17:41:20 000019a8] Url filter ignored (file name = white_dwfscl.dws, type=whitelist_socialnetwork, timestamp=2020-09-25 08:00:04)
[01/11/2024 17:41:20 000019a8] <DEBUG:1> trying url filter base file: C:\ProgramData\Doctor Web\DWS\white_dwfter.dws
[01/11/2024 17:41:20 000019a8] <DEBUG:1> TIMER: file C:\ProgramData\Doctor Web\DWS\white_dwfter.dws time 0 ms
[01/11/2024 17:41:20 000019a8] Url filter ignored (file name = white_dwfter.dws, type=whitelist_terrorism, timestamp=2019-03-22 18:15:06)
[01/11/2024 17:41:20 000019a8] <DEBUG:1> trying url filter base file: C:\ProgramData\Doctor Web\DWS\white_dwfvln.dws
[01/11/2024 17:41:20 000019a8] <DEBUG:1> TIMER: file C:\ProgramData\Doctor Web\DWS\white_dwfvln.dws time 0 ms
[01/11/2024 17:41:20 000019a8] Url filter ignored (file name = white_dwfvln.dws, type=whitelist_violence, timestamp=2019-03-22 18:15:06)
[01/11/2024 17:41:20 000019a8] <DEBUG:1> trying url filter base file: C:\ProgramData\Doctor Web\DWS\white_dwfwpn.dws
[01/11/2024 17:41:20 000019a8] <DEBUG:1> TIMER: file C:\ProgramData\Doctor Web\DWS\white_dwfwpn.dws time 0 ms
[01/11/2024 17:41:20 000019a8] Url filter ignored (file name = white_dwfwpn.dws, type=whitelist_weapon, timestamp=2020-04-29 07:15:04)
[01/11/2024 17:41:20 000019a8] <DEBUG:1> TIMER: total 89 ms loading 78 ms
[01/11/2023 17:43:59 000019bc] <DEBUG:1> Config update 00000019 00000002
[01/11/2023 17:43:59 000019bc] LogLevelMail = 1
[01/11/2023 17:43:59 000019bc] LogLevelHttp = 1
[01/11/2023 17:43:59 000019bc] CheckIncoming = Yes
[01/11/2023 17:43:59 000019bc] CheckOutgoing = No
[01/11/2023 17:43:59 000019bc] CheckArchives = No
[01/11/2023 17:43:59 000019bc] CheckContainners = No
[01/11/2023 17:43:59 000019bc] CheckIM = Yes
[01/11/2023 17:43:59 000019bc] SpeedBalance = 125
[01/11/2023 17:43:59 000019bc] BlockMalwareUrls = Yes
[01/11/2023 17:43:59 000019bc] BlockScamAndFraud = Yes
[01/11/2023 17:43:59 000019bc] BlockPiracy = Yes
[01/11/2023 17:43:59 000019bc] BlockAdware = Yes
[01/11/2023 17:43:59 000019bc] BlockDialers = Yes
[01/11/2023 17:43:59 000019bc] BlockRiskware = No
[01/11/2023 17:43:59 000019bc] BlockHacktools = No
[01/11/2023 17:43:59 000019bc] BlockJokes = No
[01/11/2023 17:43:59 000019bc] BlockSuspicious = Yes
[01/11/2023 17:43:59 000019bc] BlockNotChecked = No
[01/11/2023 17:43:59 000019bc] BlockMalformed = No
[01/11/2023 17:43:59 000019bc] ProxyPort = 0
[01/11/2023 17:43:59 000019bc] ChainProxyAddr = ""
[01/11/2023 17:43:59 000019bc] ChainProxyPort = 0
[01/11/2023 17:43:59 000019bc] QueryDNSWhenProxy = Yes
[01/11/2023 17:43:59 000019bc] UrlFilter = No
[01/11/2023 17:43:59 000019bc] BlockSites = No
[01/11/2023 17:43:59 000019bc] SafeSearch = Yes
[01/11/2023 17:43:59 000019bc] ProfileEnabled = Yes
[01/11/2023 17:43:59 000019bc] OfficeControl = No
[01/11/2023 17:43:59 000019bc] LngFileName = "ru-drweb.dwl"
[01/11/2023 17:43:59 000019bc] ParentalControlInstalled = Yes
[01/11/2023 17:43:59 000019bc] ActionInfected = 1
[01/11/2023 17:43:59 000019bc] ActionIncurable = 2
[01/11/2023 17:43:59 000019bc] ActionSuspicious = 2
[01/11/2023 17:43:59 000019bc] ActionNotChecked = 8
[01/11/2023 17:43:59 000019bc] ActionMalformed = 8
[01/11/2023 17:43:59 000019bc] ActionAdware = 2
[01/11/2023 17:43:59 000019bc] ActionDialers = 2
[01/11/2023 17:43:59 000019bc] ActionRiskware = 8
[01/11/2023 17:43:59 000019bc] ActionHacktools = 8
[01/11/2023 17:43:59 000019bc] ActionJokes = 8
[01/11/2023 17:43:59 000019bc] HeuristicAnalysis = Yes
[01/11/2023 17:43:59 000019bc] VirusActivityControl = Yes
[01/11/2023 17:43:59 000019bc] CheckArchivesMail = No
[01/11/2023 17:43:59 000019bc] CheckContainersMail = No
[01/11/2023 17:43:59 000019bc] InsertXAntiVirus = Yes
[01/11/2023 17:43:59 000019bc] DeleteMessagesOnServer = No
[01/11/2023 17:43:59 000019bc] MessageScanTimeout = 250
[01/11/2023 17:43:59 000019bc] MaxFileSizeToExtract = 30720
[01/11/2023 17:43:59 000019bc] MaxCompressionRatio = 0
[01/11/2023 17:43:59 000019bc] MaxArchiveLevel = 64
[01/11/2023 17:43:59 000019bc] CheckSpam = Yes
[01/11/2023 17:43:59 000019bc] SpamAllowCyrillic = Yes
[01/11/2023 17:43:59 000019bc] SpamAllowCJK = Yes
[01/11/2023 17:43:59 000019bc] AddSpamSubj = Yes
[01/11/2023 17:43:59 000019bc] SpamSubj = "[SPAM]"
[01/11/2023 17:43:59 000019bc] SSL = No
[01/11/2023 17:43:59 000019bc] CertificateSubject = "0 Dr.Web for Windows"
[01/11/2023 17:43:59 000019bc] CertificateHash = ""
[01/11/2023 17:43:59 000019bc] UseProfiles = Yes
[01/11/2023 17:43:59 000019bc] Parental Control profiles = 0
[01/11/2023 17:43:59 000019bc]     SID = ""
[01/11/2023 17:43:59 000019bc]         UrlFilter = No
[01/11/2023 17:43:59 000019bc]         BlockSites = No
[01/11/2023 17:43:59 000019bc]         SafeSearch = Yes
[01/11/2023 17:43:59 000019bc]         ProfileEnabled = Yes
[01/11/2023 17:43:59 000019bc]         \settings\ParentalControl\BlockPorno = Yes
[01/11/2023 17:43:59 000019bc]         \settings\ParentalControl\BlockViolence = Yes
[01/11/2023 17:43:59 000019bc]         \settings\ParentalControl\BlockWeapon = Yes
[01/11/2023 17:43:59 000019bc]         \settings\ParentalControl\BlockGamble = Yes
[01/11/2023 17:43:59 000019bc]         \settings\ParentalControl\BlockDrugs = Yes
[01/11/2023 17:43:59 000019bc]         \settings\ParentalControl\BlockObscenity = Yes
[01/11/2023 17:43:59 000019bc]         \settings\ParentalControl\BlockChats = No
[01/11/2023 17:43:59 000019bc]         \settings\ParentalControl\BlockTerrorism = Yes
[01/11/2023 17:43:59 000019bc]         \settings\ParentalControl\BlockE_Mail = No
[01/11/2023 17:43:59 000019bc]         \settings\ParentalControl\BlockSocialNetwork = No
[01/11/2023 17:43:59 000019bc]         \settings\ParentalControl\BlockOnlineGames = No
[01/11/2023 17:43:59 000019bc]         \settings\ParentalControl\BlockAnonymizers = No
[01/11/2023 17:43:59 000019bc]         \settings\ParentalControl\BlockMiners = No
[01/11/2023 17:43:59 000019bc]         ProfileAccessMode = 0
[01/11/2023 17:43:59 000019bc]         InternetAccess[sun] = "111111111111111111111111111111111111111111111111"
[01/11/2023 17:43:59 000019bc]         InternetAccess[mon] = "111111111111111111111111111111111111111111111111"
[01/11/2023 17:43:59 000019bc]         InternetAccess[tue] = "111111111111111111111111111111111111111111111111"
[01/11/2023 17:43:59 000019bc]         InternetAccess[wed] = "111111111111111111111111111111111111111111111111"
[01/11/2023 17:43:59 000019bc]         InternetAccess[thu] = "111111111111111111111111111111111111111111111111"
[01/11/2023 17:43:59 000019bc]         InternetAccess[fri] = "111111111111111111111111111111111111111111111111"
[01/11/2023 17:43:59 000019bc]         InternetAccess[sat] = "111111111111111111111111111111111111111111111111"
[01/11/2023 17:43:59 000019bc]         LogonAccess[sun] = "111111111111111111111111111111111111111111111111"
[01/11/2023 17:43:59 000019bc]         LogonAccess[mon] = "111111111111111111111111111111111111111111111111"
[01/11/2023 17:43:59 000019bc]         LogonAccess[tue] = "111111111111111111111111111111111111111111111111"
[01/11/2023 17:43:59 000019bc]         LogonAccess[wed] = "111111111111111111111111111111111111111111111111"
[01/11/2023 17:43:59 000019bc]         LogonAccess[thu] = "111111111111111111111111111111111111111111111111"
[01/11/2023 17:43:59 000019bc]         LogonAccess[fri] = "111111111111111111111111111111111111111111111111"
[01/11/2023 17:43:59 000019bc]         LogonAccess[sat] = "111111111111111111111111111111111111111111111111"
[01/11/2023 17:43:59 000019bc]         DayLimitWorkdays.enabled = No
[01/11/2023 17:43:59 000019bc]         DayLimitWorkdays.limit = 10800
[01/11/2023 17:43:59 000019bc]         DayLimitWeekend.enabled = No
[01/11/2023 17:43:59 000019bc]         DayLimitWeekend.limit = 10800
[01/11/2023 17:43:59 000019bc]         NightLimitWorkdays.enabled = No
[01/11/2023 17:43:59 000019bc]         NightLimitWorkdays.start = 82800
[01/11/2023 17:43:59 000019bc]         NightLimitWorkdays.end = 25200
[01/11/2023 17:43:59 000019bc]         NightLimitWeekend.enabled = No
[01/11/2023 17:43:59 000019bc]         NightLimitWeekend.start = 82800
[01/11/2023 17:43:59 000019bc]         NightLimitWeekend.end = 25200
[01/11/2023 17:43:59 000019bc] UseCloud = Yes
[01/11/2023 17:43:59 000019bc] SpiderMail is enabled, license ok
[01/11/2023 17:43:59 000019bc] SpiderGate is enabled, license ok
[01/11/2023 17:43:59 000019bc] ParentalControl is enabled
[01/11/2023 17:43:59 000019bc] Antispam license ok
[01/11/2023 17:44:04 000019a4] Service shutdown received
[01/11/2023 17:44:04 000019b4] <DEBUG:1> Managed shutdown started.
[01/11/2023 17:44:04 000019b4] <DEBUG:1> Closing driver accept threads...
[01/11/2023 17:44:04 000019b4] <DEBUG:1> Closing connections...
[01/11/2023 17:44:04 000019b4] <DEBUG:1> Detaching config...
[01/11/2023 17:44:04 000019b4] <DEBUG:1> Reporting service as stopped...
[01/11/2023 17:44:04 000019b4] <DEBUG:1> Managed shutdown completed. Global objects are to be destroyed.

=============================================================================
DrWeb Net Filtering Service for Windows Workstations v11.5.4.02210
Copyright (c) Doctor Web, Ltd., 1992-2020
Operating System: Windows 10 Starter x64/native (Build 19045)
Command line: "C:\Program Files\DrWeb\dwnetfilter.exe" --ats
=============================================================================
[01/11/2024 17:44:45 00001a18] Service: new standalone
[01/11/2024 17:44:45 00001a10] WFP driver i0.0 v11.1.10.09130
[01/11/2024 17:44:45 00001a10] WFP server created
[01/11/2024 17:44:45 00001a10] <DEBUG:1> Config update 00000019 00000045
[01/11/2024 17:44:45 00001a10] LogLevelMail = 1
[01/11/2024 17:44:45 00001a10] LogLevelHttp = 1
[01/11/2024 17:44:45 00001a10] CheckIncoming = Yes
[01/11/2024 17:44:45 00001a10] CheckOutgoing = No
[01/11/2024 17:44:45 00001a10] CheckArchives = No
[01/11/2024 17:44:45 00001a10] CheckContainners = No
[01/11/2024 17:44:45 00001a10] CheckIM = Yes
[01/11/2024 17:44:45 00001a10] SpeedBalance = 125
[01/11/2024 17:44:45 00001a10] BlockMalwareUrls = Yes
[01/11/2024 17:44:45 00001a10] BlockScamAndFraud = Yes
[01/11/2024 17:44:45 00001a10] BlockPiracy = Yes
[01/11/2024 17:44:45 00001a10] BlockAdware = Yes
[01/11/2024 17:44:45 00001a10] BlockDialers = Yes
[01/11/2024 17:44:45 00001a10] BlockRiskware = No
[01/11/2024 17:44:45 00001a10] BlockHacktools = No
[01/11/2024 17:44:45 00001a10] BlockJokes = No
[01/11/2024 17:44:45 00001a10] BlockSuspicious = Yes
[01/11/2024 17:44:45 00001a10] BlockNotChecked = No
[01/11/2024 17:44:45 00001a10] BlockMalformed = No
[01/11/2024 17:44:45 00001a10] ProxyPort = 0
[01/11/2024 17:44:45 00001a10] ChainProxyAddr = ""
[01/11/2024 17:44:45 00001a10] ChainProxyPort = 0
[01/11/2024 17:44:45 00001a10] QueryDNSWhenProxy = Yes
[01/11/2024 17:44:45 00001a10] UrlFilter = No
[01/11/2024 17:44:45 00001a10] BlockSites = No
[01/11/2024 17:44:45 00001a10] SafeSearch = Yes
[01/11/2024 17:44:45 00001a10] ProfileEnabled = Yes
[01/11/2024 17:44:45 00001a10] OfficeControl = No
[01/11/2024 17:44:45 00001a10] LngFileName = "ru-drweb.dwl"
[01/11/2024 17:44:45 00001a10] ParentalControlInstalled = Yes
[01/11/2024 17:44:45 00001a10] ActionInfected = 1
[01/11/2024 17:44:45 00001a10] ActionIncurable = 2
[01/11/2024 17:44:45 00001a10] ActionSuspicious = 2
[01/11/2024 17:44:45 00001a10] ActionNotChecked = 8
[01/11/2024 17:44:45 00001a10] ActionMalformed = 8
[01/11/2024 17:44:45 00001a10] ActionAdware = 2
[01/11/2024 17:44:45 00001a10] ActionDialers = 2
[01/11/2024 17:44:45 00001a10] ActionRiskware = 8
[01/11/2024 17:44:45 00001a10] ActionHacktools = 8
[01/11/2024 17:44:45 00001a10] ActionJokes = 8
[01/11/2024 17:44:45 00001a10] HeuristicAnalysis = Yes
[01/11/2024 17:44:45 00001a10] VirusActivityControl = Yes
[01/11/2024 17:44:45 00001a10] CheckArchivesMail = No
[01/11/2024 17:44:45 00001a10] CheckContainersMail = No
[01/11/2024 17:44:45 00001a10] InsertXAntiVirus = Yes
[01/11/2024 17:44:45 00001a10] DeleteMessagesOnServer = No
[01/11/2024 17:44:45 00001a10] MessageScanTimeout = 250
[01/11/2024 17:44:45 00001a10] MaxFileSizeToExtract = 30720
[01/11/2024 17:44:45 00001a10] MaxCompressionRatio = 0
[01/11/2024 17:44:45 00001a10] MaxArchiveLevel = 64
[01/11/2024 17:44:45 00001a10] CheckSpam = Yes
[01/11/2024 17:44:45 00001a10] SpamAllowCyrillic = Yes
[01/11/2024 17:44:45 00001a10] SpamAllowCJK = Yes
[01/11/2024 17:44:45 00001a10] AddSpamSubj = Yes
[01/11/2024 17:44:45 00001a10] SpamSubj = "[SPAM]"
[01/11/2024 17:44:45 00001a10] SSL = No
[01/11/2024 17:44:45 00001a10] CertificateSubject = "0 Dr.Web for Windows"
[01/11/2024 17:44:45 00001a10] CertificateHash = ""
[01/11/2024 17:44:45 00001a10] UseProfiles = Yes
[01/11/2024 17:44:45 00001a10] Parental Control profiles = 0
[01/11/2024 17:44:45 00001a10]     SID = ""
[01/11/2024 17:44:45 00001a10]         UrlFilter = No
[01/11/2024 17:44:45 00001a10]         BlockSites = No
[01/11/2024 17:44:45 00001a10]         SafeSearch = Yes
[01/11/2024 17:44:45 00001a10]         ProfileEnabled = Yes
[01/11/2024 17:44:45 00001a10]         \settings\ParentalControl\BlockPorno = Yes
[01/11/2024 17:44:45 00001a10]         \settings\ParentalControl\BlockViolence = Yes
[01/11/2024 17:44:45 00001a10]         \settings\ParentalControl\BlockWeapon = Yes
[01/11/2024 17:44:45 00001a10]         \settings\ParentalControl\BlockGamble = Yes
[01/11/2024 17:44:45 00001a10]         \settings\ParentalControl\BlockDrugs = Yes
[01/11/2024 17:44:45 00001a10]         \settings\ParentalControl\BlockObscenity = Yes
[01/11/2024 17:44:45 00001a10]         \settings\ParentalControl\BlockChats = No
[01/11/2024 17:44:45 00001a10]         \settings\ParentalControl\BlockTerrorism = Yes
[01/11/2024 17:44:45 00001a10]         \settings\ParentalControl\BlockE_Mail = No
[01/11/2024 17:44:45 00001a10]         \settings\ParentalControl\BlockSocialNetwork = No
[01/11/2024 17:44:45 00001a10]         \settings\ParentalControl\BlockOnlineGames = No
[01/11/2024 17:44:45 00001a10]         \settings\ParentalControl\BlockAnonymizers = No
[01/11/2024 17:44:45 00001a10]         \settings\ParentalControl\BlockMiners = No
[01/11/2024 17:44:45 00001a10]         ProfileAccessMode = 0
[01/11/2024 17:44:45 00001a10]         InternetAccess[sun] = "111111111111111111111111111111111111111111111111"
[01/11/2024 17:44:45 00001a10]         InternetAccess[mon] = "111111111111111111111111111111111111111111111111"
[01/11/2024 17:44:45 00001a10]         InternetAccess[tue] = "111111111111111111111111111111111111111111111111"
[01/11/2024 17:44:45 00001a10]         InternetAccess[wed] = "111111111111111111111111111111111111111111111111"
[01/11/2024 17:44:45 00001a10]         InternetAccess[thu] = "111111111111111111111111111111111111111111111111"
[01/11/2024 17:44:45 00001a10]         InternetAccess[fri] = "111111111111111111111111111111111111111111111111"
[01/11/2024 17:44:45 00001a10]         InternetAccess[sat] = "111111111111111111111111111111111111111111111111"
[01/11/2024 17:44:45 00001a10]         LogonAccess[sun] = "111111111111111111111111111111111111111111111111"
[01/11/2024 17:44:45 00001a10]         LogonAccess[mon] = "111111111111111111111111111111111111111111111111"
[01/11/2024 17:44:45 00001a10]         LogonAccess[tue] = "111111111111111111111111111111111111111111111111"
[01/11/2024 17:44:45 00001a10]         LogonAccess[wed] = "111111111111111111111111111111111111111111111111"
[01/11/2024 17:44:45 00001a10]         LogonAccess[thu] = "111111111111111111111111111111111111111111111111"
[01/11/2024 17:44:45 00001a10]         LogonAccess[fri] = "111111111111111111111111111111111111111111111111"
[01/11/2024 17:44:45 00001a10]         LogonAccess[sat] = "111111111111111111111111111111111111111111111111"
[01/11/2024 17:44:45 00001a10]         DayLimitWorkdays.enabled = No
[01/11/2024 17:44:45 00001a10]         DayLimitWorkdays.limit = 10800
[01/11/2024 17:44:45 00001a10]         DayLimitWeekend.enabled = No
[01/11/2024 17:44:45 00001a10]         DayLimitWeekend.limit = 10800
[01/11/2024 17:44:45 00001a10]         NightLimitWorkdays.enabled = No
[01/11/2024 17:44:45 00001a10]         NightLimitWorkdays.start = 82800
[01/11/2024 17:44:45 00001a10]         NightLimitWorkdays.end = 25200
[01/11/2024 17:44:45 00001a10]         NightLimitWeekend.enabled = No
[01/11/2024 17:44:45 00001a10]         NightLimitWeekend.start = 82800
[01/11/2024 17:44:45 00001a10]         NightLimitWeekend.end = 25200
[01/11/2024 17:44:45 00001a10] UseCloud = Yes
[01/11/2024 17:44:45 00001a10] SpiderMail is enabled, license not found
[01/11/2024 17:44:45 00001a10] SpiderGate is enabled, license not found
[01/11/2024 17:44:45 00001a10] ParentalControl is enabled
[01/11/2024 17:44:45 00001a10] Antispam license not found
[01/11/2024 17:44:45 00001a04] Loading the predefined URL-filter lists from C:\ProgramData\Doctor Web\DWS\
[01/11/2024 17:44:45 00001a04] <DEBUG:1> trying url filter base file: C:\ProgramData\Doctor Web\DWS\dwfanonym00.dws
[01/11/2024 17:44:45 00001a04] <DEBUG:1> TIMER: file C:\ProgramData\Doctor Web\DWS\dwfanonym00.dws time 1 ms
[01/11/2024 17:44:45 00001a04] Url filter ignored (file name = dwfanonym00.dws, type=anonymizer, timestamp=2020-07-07 15:45:23)
[01/11/2024 17:44:45 00001a04] <DEBUG:1> trying url filter base file: C:\ProgramData\Doctor Web\DWS\dwfcht00.dws
[01/11/2024 17:44:45 00001a04] <DEBUG:1> TIMER: file C:\ProgramData\Doctor Web\DWS\dwfcht00.dws time 0 ms
[01/11/2024 17:44:45 00001a04] Url filter ignored (file name = dwfcht00.dws, type=chats, timestamp=2020-11-23 13:00:08)
[01/11/2024 17:44:45 00001a04] <DEBUG:1> trying url filter base file: C:\ProgramData\Doctor Web\DWS\dwfdrg00.dws
[01/11/2024 17:44:45 00001a04] <DEBUG:1> TIMER: file C:\ProgramData\Doctor Web\DWS\dwfdrg00.dws time 2 ms
[01/11/2024 17:44:45 00001a04] Url filter ignored (file name = dwfdrg00.dws, type=drugs, timestamp=2020-11-29 10:30:30)
[01/11/2024 17:44:45 00001a04] <DEBUG:1> trying url filter base file: C:\ProgramData\Doctor Web\DWS\dwfeml00.dws
[01/11/2024 17:44:45 00001a04] <DEBUG:1> TIMER: file C:\ProgramData\Doctor Web\DWS\dwfeml00.dws time 1 ms
[01/11/2024 17:44:45 00001a04] Url filter ignored (file name = dwfeml00.dws, type=e-mail, timestamp=2018-11-29 07:02:12)
[01/11/2024 17:44:45 00001a04] <DEBUG:1> trying url filter base file: C:\ProgramData\Doctor Web\DWS\dwffse00.dws
[01/11/2024 17:44:45 00001a04] <DEBUG:1> TIMER: file C:\ProgramData\Doctor Web\DWS\dwffse00.dws time 0 ms
[01/11/2024 17:44:45 00001a04] Url filter loaded (file name = dwffse00.dws, type=social_engineering, timestamp=2019-11-24 19:30:31)
[01/11/2024 17:44:45 00001a04] <DEBUG:1> trying url filter base file: C:\ProgramData\Doctor Web\DWS\dwffse01.dws
[01/11/2024 17:44:45 00001a04] <DEBUG:1> TIMER: file C:\ProgramData\Doctor Web\DWS\dwffse01.dws time 10 ms
[01/11/2024 17:44:45 00001a04] Url filter loaded (file name = dwffse01.dws, type=social_engineering, timestamp=2020-10-18 14:49:43)
[01/11/2024 17:44:45 00001a04] <DEBUG:1> trying url filter base file: C:\ProgramData\Doctor Web\DWS\dwffse02.dws
[01/11/2024 17:44:45 00001a04] <DEBUG:1> TIMER: file C:\ProgramData\Doctor Web\DWS\dwffse02.dws time 0 ms
[01/11/2024 17:44:45 00001a04] Url filter loaded (file name = dwffse02.dws, type=social_engineering, timestamp=2019-11-19 17:45:10)
[01/11/2024 17:44:45 00001a04] <DEBUG:1> trying url filter base file: C:\ProgramData\Doctor Web\DWS\dwffse03.dws
[01/11/2024 17:44:45 00001a04] <DEBUG:1> TIMER: file C:\ProgramData\Doctor Web\DWS\dwffse03.dws time 0 ms
[01/11/2024 17:44:45 00001a04] Url filter loaded (file name = dwffse03.dws, type=social_engineering, timestamp=2019-11-19 17:45:20)
[01/11/2024 17:44:45 00001a04] <DEBUG:1> trying url filter base file: C:\ProgramData\Doctor Web\DWS\dwffse04.dws
[01/11/2024 17:44:45 00001a04] <DEBUG:1> TIMER: file C:\ProgramData\Doctor Web\DWS\dwffse04.dws time 0 ms
[01/11/2024 17:44:45 00001a04] Url filter loaded (file name = dwffse04.dws, type=social_engineering, timestamp=2019-11-19 15:15:52)
[01/11/2024 17:44:45 00001a04] <DEBUG:1> trying url filter base file: C:\ProgramData\Doctor Web\DWS\dwffse05.dws
[01/11/2024 17:44:45 00001a04] <DEBUG:1> TIMER: file C:\ProgramData\Doctor Web\DWS\dwffse05.dws time 0 ms
[01/11/2024 17:44:45 00001a04] Url filter loaded (file name = dwffse05.dws, type=social_engineering, timestamp=2020-09-12 17:00:31)
[01/11/2024 17:44:45 00001a04] <DEBUG:1> trying url filter base file: C:\ProgramData\Doctor Web\DWS\dwffse06.dws
[01/11/2024 17:44:45 00001a04] <DEBUG:1> TIMER: file C:\ProgramData\Doctor Web\DWS\dwffse06.dws time 0 ms
[01/11/2024 17:44:45 00001a04] Url filter loaded (file name = dwffse06.dws, type=social_engineering, timestamp=2020-09-21 15:15:35)
[01/11/2024 17:44:45 00001a04] <DEBUG:1> trying url filter base file: C:\ProgramData\Doctor Web\DWS\dwffse07.dws
[01/11/2024 17:44:45 00001a04] <DEBUG:1> TIMER: file C:\ProgramData\Doctor Web\DWS\dwffse07.dws time 0 ms
[01/11/2024 17:44:45 00001a04] Url filter loaded (file name = dwffse07.dws, type=social_engineering, timestamp=2020-07-07 10:00:35)
[01/11/2024 17:44:45 00001a04] <DEBUG:1> trying url filter base file: C:\ProgramData\Doctor Web\DWS\dwffse08.dws
[01/11/2024 17:44:45 00001a04] <DEBUG:1> TIMER: file C:\ProgramData\Doctor Web\DWS\dwffse08.dws time 0 ms
[01/11/2024 17:44:45 00001a04] Url filter loaded (file name = dwffse08.dws, type=social_engineering, timestamp=2020-09-19 10:15:37)
[01/11/2024 17:44:45 00001a04] <DEBUG:1> trying url filter base file: C:\ProgramData\Doctor Web\DWS\dwffse09.dws
[01/11/2024 17:44:45 00001a04] <DEBUG:1> TIMER: file C:\ProgramData\Doctor Web\DWS\dwffse09.dws time 0 ms
[01/11/2024 17:44:45 00001a04] Url filter loaded (file name = dwffse09.dws, type=social_engineering, timestamp=2020-11-25 13:00:23)
[01/11/2024 17:44:45 00001a04] <DEBUG:1> trying url filter base file: C:\ProgramData\Doctor Web\DWS\dwffse_addon.dws
[01/11/2024 17:44:45 00001a04] <DEBUG:1> TIMER: file C:\ProgramData\Doctor Web\DWS\dwffse_addon.dws time 1 ms
[01/11/2024 17:44:45 00001a04] Url filter loaded (file name = dwffse_addon.dws, type=social_engineering, timestamp=2021-00-04 09:15:04)
[01/11/2024 17:44:45 00001a04] <DEBUG:1> trying url filter base file: C:\ProgramData\Doctor Web\DWS\dwfgml00.dws
[01/11/2024 17:44:45 00001a04] <DEBUG:1> TIMER: file C:\ProgramData\Doctor Web\DWS\dwfgml00.dws time 0 ms
[01/11/2024 17:44:45 00001a04] Url filter ignored (file name = dwfgml00.dws, type=gamble, timestamp=2019-11-22 03:45:37)
[01/11/2024 17:44:45 00001a04] <DEBUG:1> trying url filter base file: C:\ProgramData\Doctor Web\DWS\dwfgml01.dws
[01/11/2024 17:44:45 00001a04] <DEBUG:1> TIMER: file C:\ProgramData\Doctor Web\DWS\dwfgml01.dws time 4 ms
[01/11/2024 17:44:45 00001a04] Url filter ignored (file name = dwfgml01.dws, type=gamble, timestamp=2019-11-21 15:00:08)
[01/11/2024 17:44:45 00001a04] <DEBUG:1> trying url filter base file: C:\ProgramData\Doctor Web\DWS\dwfgml02.dws
[01/11/2024 17:44:45 00001a04] <DEBUG:1> TIMER: file C:\ProgramData\Doctor Web\DWS\dwfgml02.dws time 1 ms
[01/11/2024 17:44:45 00001a04] Url filter ignored (file name = dwfgml02.dws, type=gamble, timestamp=2019-11-20 17:45:14)
[01/11/2024 17:44:45 00001a04] <DEBUG:1> trying url filter base file: C:\ProgramData\Doctor Web\DWS\dwfgml03.dws
[01/11/2024 17:44:45 00001a04] <DEBUG:1> TIMER: file C:\ProgramData\Doctor Web\DWS\dwfgml03.dws time 0 ms
[01/11/2024 17:44:45 00001a04] Url filter ignored (file name = dwfgml03.dws, type=gamble, timestamp=2019-11-21 09:01:41)
[01/11/2024 17:44:45 00001a04] <DEBUG:1> trying url filter base file: C:\ProgramData\Doctor Web\DWS\dwfgml04.dws
[01/11/2024 17:44:45 00001a04] <DEBUG:1> TIMER: file C:\ProgramData\Doctor Web\DWS\dwfgml04.dws time 0 ms
[01/11/2024 17:44:45 00001a04] Url filter ignored (file name = dwfgml04.dws, type=gamble, timestamp=2019-11-21 09:00:36)
[01/11/2024 17:44:45 00001a04] <DEBUG:1> trying url filter base file: C:\ProgramData\Doctor Web\DWS\dwfgml05.dws
[01/11/2024 17:44:45 00001a04] <DEBUG:1> TIMER: file C:\ProgramData\Doctor Web\DWS\dwfgml05.dws time 0 ms
[01/11/2024 17:44:45 00001a04] Url filter ignored (file name = dwfgml05.dws, type=gamble, timestamp=2019-11-21 09:01:26)
[01/11/2024 17:44:45 00001a04] <DEBUG:1> trying url filter base file: C:\ProgramData\Doctor Web\DWS\dwfgml06.dws
[01/11/2024 17:44:45 00001a04] <DEBUG:1> TIMER: file C:\ProgramData\Doctor Web\DWS\dwfgml06.dws time 0 ms
[01/11/2024 17:44:45 00001a04] Url filter ignored (file name = dwfgml06.dws, type=gamble, timestamp=2019-11-21 09:01:11)
[01/11/2024 17:44:45 00001a04] <DEBUG:1> trying url filter base file: C:\ProgramData\Doctor Web\DWS\dwfgml07.dws
[01/11/2024 17:44:45 00001a04] <DEBUG:1> TIMER: file C:\ProgramData\Doctor Web\DWS\dwfgml07.dws time 0 ms
[01/11/2024 17:44:45 00001a04] Url filter ignored (file name = dwfgml07.dws, type=gamble, timestamp=2019-11-21 14:45:40)
[01/11/2024 17:44:45 00001a04] <DEBUG:1> trying url filter base file: C:\ProgramData\Doctor Web\DWS\dwfgml08.dws
[01/11/2024 17:44:45 00001a04] <DEBUG:1> TIMER: file C:\ProgramData\Doctor Web\DWS\dwfgml08.dws time 0 ms
[01/11/2024 17:44:45 00001a04] Url filter ignored (file name = dwfgml08.dws, type=gamble, timestamp=2019-11-21 14:45:58)
[01/11/2024 17:44:45 00001a04] <DEBUG:1> trying url filter base file: C:\ProgramData\Doctor Web\DWS\dwfgml09.dws
[01/11/2024 17:44:45 00001a04] <DEBUG:1> TIMER: file C:\ProgramData\Doctor Web\DWS\dwfgml09.dws time 0 ms
[01/11/2024 17:44:45 00001a04] Url filter ignored (file name = dwfgml09.dws, type=gamble, timestamp=2019-11-21 14:45:51)
[01/11/2024 17:44:45 00001a04] <DEBUG:1> trying url filter base file: C:\ProgramData\Doctor Web\DWS\dwfgml10.dws
[01/11/2024 17:44:45 00001a04] <DEBUG:1> TIMER: file C:\ProgramData\Doctor Web\DWS\dwfgml10.dws time 0 ms
[01/11/2024 17:44:45 00001a04] Url filter ignored (file name = dwfgml10.dws, type=gamble, timestamp=2019-11-21 14:45:28)
[01/11/2024 17:44:45 00001a04] <DEBUG:1> trying url filter base file: C:\ProgramData\Doctor Web\DWS\dwfgml11.dws
[01/11/2024 17:44:45 00001a04] <DEBUG:1> TIMER: file C:\ProgramData\Doctor Web\DWS\dwfgml11.dws time 0 ms
[01/11/2024 17:44:45 00001a04] Url filter ignored (file name = dwfgml11.dws, type=gamble, timestamp=2019-11-21 20:30:30)
[01/11/2024 17:44:45 00001a04] <DEBUG:1> trying url filter base file: C:\ProgramData\Doctor Web\DWS\dwfgml12.dws
[01/11/2024 17:44:45 00001a04] <DEBUG:1> TIMER: file C:\ProgramData\Doctor Web\DWS\dwfgml12.dws time 0 ms
[01/11/2024 17:44:45 00001a04] Url filter ignored (file name = dwfgml12.dws, type=gamble, timestamp=2019-11-21 20:30:34)
[01/11/2024 17:44:45 00001a04] <DEBUG:1> trying url filter base file: C:\ProgramData\Doctor Web\DWS\dwfgml13.dws
[01/11/2024 17:44:45 00001a04] <DEBUG:1> TIMER: file C:\ProgramData\Doctor Web\DWS\dwfgml13.dws time 0 ms
[01/11/2024 17:44:45 00001a04] Url filter ignored (file name = dwfgml13.dws, type=gamble, timestamp=2019-11-21 20:30:19)
[01/11/2024 17:44:45 00001a04] <DEBUG:1> trying url filter base file: C:\ProgramData\Doctor Web\DWS\dwfgml14.dws
[01/11/2024 17:44:45 00001a04] <DEBUG:1> TIMER: file C:\ProgramData\Doctor Web\DWS\dwfgml14.dws time 0 ms
[01/11/2024 17:44:45 00001a04] Url filter ignored (file name = dwfgml14.dws, type=gamble, timestamp=2019-11-22 03:45:20)
[01/11/2024 17:44:45 00001a04] <DEBUG:1> trying url filter base file: C:\ProgramData\Doctor Web\DWS\dwfgml15.dws
[01/11/2024 17:44:45 00001a04] <DEBUG:1> TIMER: file C:\ProgramData\Doctor Web\DWS\dwfgml15.dws time 0 ms
[01/11/2024 17:44:45 00001a04] Url filter ignored (file name = dwfgml15.dws, type=gamble, timestamp=2019-11-22 03:45:13)
[01/11/2024 17:44:45 00001a04] <DEBUG:1> trying url filter base file: C:\ProgramData\Doctor Web\DWS\dwfgml16.dws
[01/11/2024 17:44:45 00001a04] <DEBUG:1> TIMER: file C:\ProgramData\Doctor Web\DWS\dwfgml16.dws time 0 ms
[01/11/2024 17:44:45 00001a04] Url filter ignored (file name = dwfgml16.dws, type=gamble, timestamp=2019-11-22 14:31:54)
[01/11/2024 17:44:45 00001a04] <DEBUG:1> trying url filter base file: C:\ProgramData\Doctor Web\DWS\dwfgml17.dws
[01/11/2024 17:44:45 00001a04] <DEBUG:1> TIMER: file C:\ProgramData\Doctor Web\DWS\dwfgml17.dws time 0 ms
[01/11/2024 17:44:45 00001a04] Url filter ignored (file name = dwfgml17.dws, type=gamble, timestamp=2019-11-22 14:31:13)
[01/11/2024 17:44:45 00001a04] <DEBUG:1> trying url filter base file: C:\ProgramData\Doctor Web\DWS\dwfgml18.dws
[01/11/2024 17:44:45 00001a04] <DEBUG:1> TIMER: file C:\ProgramData\Doctor Web\DWS\dwfgml18.dws time 0 ms
[01/11/2024 17:44:45 00001a04] Url filter ignored (file name = dwfgml18.dws, type=gamble, timestamp=2019-11-23 12:15:38)
[01/11/2024 17:44:45 00001a04] <DEBUG:1> trying url filter base file: C:\ProgramData\Doctor Web\DWS\dwfgml19.dws
[01/11/2024 17:44:45 00001a04] <DEBUG:1> TIMER: file C:\ProgramData\Doctor Web\DWS\dwfgml19.dws time 0 ms
[01/11/2024 17:44:45 00001a04] Url filter ignored (file name = dwfgml19.dws, type=gamble, timestamp=2020-11-30 14:45:25)
[01/11/2024 17:44:45 00001a04] <DEBUG:1> trying url filter base file: C:\ProgramData\Doctor Web\DWS\dwfminers00.dws
[01/11/2024 17:44:45 00001a04] <DEBUG:1> TIMER: file C:\ProgramData\Doctor Web\DWS\dwfminers00.dws time 0 ms
[01/11/2024 17:44:45 00001a04] Url filter ignored (file name = dwfminers00.dws, type=miners, timestamp=2020-11-07 11:15:03)
[01/11/2024 17:44:45 00001a04] <DEBUG:1> trying url filter base file: C:\ProgramData\Doctor Web\DWS\dwfmlw00.dws
[01/11/2024 17:44:45 00001a04] <DEBUG:1> TIMER: file C:\ProgramData\Doctor Web\DWS\dwfmlw00.dws time 0 ms
[01/11/2024 17:44:45 00001a04] Url filter loaded (file name = dwfmlw00.dws, type=malware, timestamp=2019-10-07 19:56:25)
[01/11/2024 17:44:45 00001a04] <DEBUG:1> trying url filter base file: C:\ProgramData\Doctor Web\DWS\dwfmlw01.dws
[01/11/2024 17:44:45 00001a04] <DEBUG:1> TIMER: file C:\ProgramData\Doctor Web\DWS\dwfmlw01.dws time 0 ms
[01/11/2024 17:44:45 00001a04] Url filter loaded (file name = dwfmlw01.dws, type=malware, timestamp=2019-11-16 16:46:19)
[01/11/2024 17:44:45 00001a04] <DEBUG:1> trying url filter base file: C:\ProgramData\Doctor Web\DWS\dwfmlw02.dws
[01/11/2024 17:44:45 00001a04] <DEBUG:1> TIMER: file C:\ProgramData\Doctor Web\DWS\dwfmlw02.dws time 0 ms
[01/11/2024 17:44:45 00001a04] Url filter loaded (file name = dwfmlw02.dws, type=malware, timestamp=2019-11-17 12:31:13)
[01/11/2024 17:44:45 00001a04] <DEBUG:1> trying url filter base file: C:\ProgramData\Doctor Web\DWS\dwfmlw03.dws
[01/11/2024 17:44:45 00001a04] <DEBUG:1> TIMER: file C:\ProgramData\Doctor Web\DWS\dwfmlw03.dws time 0 ms
[01/11/2024 17:44:45 00001a04] Url filter loaded (file name = dwfmlw03.dws, type=malware, timestamp=2019-11-18 13:01:39)
[01/11/2024 17:44:45 00001a04] <DEBUG:1> trying url filter base file: C:\ProgramData\Doctor Web\DWS\dwfmlw04.dws
[01/11/2024 17:44:45 00001a04] <DEBUG:1> TIMER: file C:\ProgramData\Doctor Web\DWS\dwfmlw04.dws time 0 ms
[01/11/2024 17:44:45 00001a04] Url filter loaded (file name = dwfmlw04.dws, type=malware, timestamp=2019-11-18 18:30:20)
[01/11/2024 17:44:45 00001a04] <DEBUG:1> trying url filter base file: C:\ProgramData\Doctor Web\DWS\dwfmlw05.dws
[01/11/2024 17:44:45 00001a04] <DEBUG:1> TIMER: file C:\ProgramData\Doctor Web\DWS\dwfmlw05.dws time 0 ms
[01/11/2024 17:44:45 00001a04] Url filter loaded (file name = dwfmlw05.dws, type=malware, timestamp=2020-11-12 00:45:16)
[01/11/2024 17:44:45 00001a04] <DEBUG:1> trying url filter base file: C:\ProgramData\Doctor Web\DWS\dwfmlw06.dws
[01/11/2024 17:44:45 00001a04] <DEBUG:1> TIMER: file C:\ProgramData\Doctor Web\DWS\dwfmlw06.dws time 0 ms
[01/11/2024 17:44:45 00001a04] Url filter loaded (file name = dwfmlw06.dws, type=malware, timestamp=2019-11-13 15:45:59)
[01/11/2024 17:44:45 00001a04] <DEBUG:1> trying url filter base file: C:\ProgramData\Doctor Web\DWS\dwfmlw07.dws
[01/11/2024 17:44:45 00001a04] <DEBUG:1> TIMER: file C:\ProgramData\Doctor Web\DWS\dwfmlw07.dws time 0 ms
[01/11/2024 17:44:45 00001a04] Url filter loaded (file name = dwfmlw07.dws, type=malware, timestamp=2019-11-16 12:45:36)
[01/11/2024 17:44:45 00001a04] <DEBUG:1> trying url filter base file: C:\ProgramData\Doctor Web\DWS\dwfmlw08.dws
[01/11/2024 17:44:45 00001a04] <DEBUG:1> TIMER: file C:\ProgramData\Doctor Web\DWS\dwfmlw08.dws time 0 ms
[01/11/2024 17:44:45 00001a04] Url filter loaded (file name = dwfmlw08.dws, type=malware, timestamp=2019-11-18 01:15:36)
[01/11/2024 17:44:45 00001a04] <DEBUG:1> trying url filter base file: C:\ProgramData\Doctor Web\DWS\dwfmlw09.dws
[01/11/2024 17:44:45 00001a04] <DEBUG:1> TIMER: file C:\ProgramData\Doctor Web\DWS\dwfmlw09.dws time 0 ms
[01/11/2024 17:44:45 00001a04] Url filter loaded (file name = dwfmlw09.dws, type=malware, timestamp=2019-11-19 00:30:54)
[01/11/2024 17:44:45 00001a04] <DEBUG:1> trying url filter base file: C:\ProgramData\Doctor Web\DWS\dwfmlw10.dws
[01/11/2024 17:44:45 00001a04] <DEBUG:1> TIMER: file C:\ProgramData\Doctor Web\DWS\dwfmlw10.dws time 0 ms
[01/11/2024 17:44:45 00001a04] Url filter loaded (file name = dwfmlw10.dws, type=malware, timestamp=2020-05-26 09:15:33)
[01/11/2024 17:44:45 00001a04] <DEBUG:1> trying url filter base file: C:\ProgramData\Doctor Web\DWS\dwfmlw11.dws
[01/11/2024 17:44:45 00001a04] <DEBUG:1> TIMER: file C:\ProgramData\Doctor Web\DWS\dwfmlw11.dws time 0 ms
[01/11/2024 17:44:45 00001a04] Url filter loaded (file name = dwfmlw11.dws, type=malware, timestamp=2020-10-10 16:15:21)
[01/11/2024 17:44:45 00001a04] <DEBUG:1> trying url filter base file: C:\ProgramData\Doctor Web\DWS\dwfmlw_addon.dws
[01/11/2024 17:44:45 00001a04] <DEBUG:1> TIMER: file C:\ProgramData\Doctor Web\DWS\dwfmlw_addon.dws time 0 ms
[01/11/2024 17:44:45 00001a04] Url filter loaded (file name = dwfmlw_addon.dws, type=malware, timestamp=2021-00-06 06:30:18)
[01/11/2024 17:44:45 00001a04] <DEBUG:1> trying url filter base file: C:\ProgramData\Doctor Web\DWS\dwfobs00.dws
[01/11/2024 17:44:45 00001a04] <DEBUG:1> TIMER: file C:\ProgramData\Doctor Web\DWS\dwfobs00.dws time 0 ms
[01/11/2024 17:44:45 00001a04] Url filter ignored (file name = dwfobs00.dws, type=obscenity, timestamp=2018-09-02 13:30:06)
[01/11/2024 17:44:45 00001a04] <DEBUG:1> trying url filter base file: C:\ProgramData\Doctor Web\DWS\dwfogm00.dws
[01/11/2024 17:44:45 00001a04] <DEBUG:1> TIMER: file C:\ProgramData\Doctor Web\DWS\dwfogm00.dws time 0 ms
[01/11/2024 17:44:45 00001a04] Url filter ignored (file name = dwfogm00.dws, type=online_games, timestamp=2020-10-27 19:30:06)
[01/11/2024 17:44:45 00001a04] <DEBUG:1> trying url filter base file: C:\ProgramData\Doctor Web\DWS\dwfprc00.dws
[01/11/2024 17:44:45 00001a04] <DEBUG:1> TIMER: file C:\ProgramData\Doctor Web\DWS\dwfprc00.dws time 0 ms
[01/11/2024 17:44:45 00001a04] Url filter loaded (file name = dwfprc00.dws, type=piracy, timestamp=2020-09-28 11:00:05)
[01/11/2024 17:44:45 00001a04] <DEBUG:1> trying url filter base file: C:\ProgramData\Doctor Web\DWS\dwfprn00.dws
[01/11/2024 17:44:45 00001a04] <DEBUG:1> TIMER: file C:\ProgramData\Doctor Web\DWS\dwfprn00.dws time 0 ms
[01/11/2024 17:44:45 00001a04] Url filter ignored (file name = dwfprn00.dws, type=porno, timestamp=2019-10-12 19:05:37)
[01/11/2024 17:44:45 00001a04] <DEBUG:1> trying url filter base file: C:\ProgramData\Doctor Web\DWS\dwfprn01.dws
[01/11/2024 17:44:45 00001a04] <DEBUG:1> TIMER: file C:\ProgramData\Doctor Web\DWS\dwfprn01.dws time 0 ms
[01/11/2024 17:44:45 00001a04] Url filter ignored (file name = dwfprn01.dws, type=porno, timestamp=2019-10-12 13:16:54)
[01/11/2024 17:44:45 00001a04] <DEBUG:1> trying url filter base file: C:\ProgramData\Doctor Web\DWS\dwfprn02.dws
[01/11/2024 17:44:45 00001a04] <DEBUG:1> TIMER: file C:\ProgramData\Doctor Web\DWS\dwfprn02.dws time 0 ms
[01/11/2024 17:44:45 00001a04] Url filter ignored (file name = dwfprn02.dws, type=porno, timestamp=2019-10-10 00:02:26)
[01/11/2024 17:44:45 00001a04] <DEBUG:1> trying url filter base file: C:\ProgramData\Doctor Web\DWS\dwfprn03.dws
[01/11/2024 17:44:45 00001a04] <DEBUG:1> TIMER: file C:\ProgramData\Doctor Web\DWS\dwfprn03.dws time 0 ms
[01/11/2024 17:44:45 00001a04] Url filter ignored (file name = dwfprn03.dws, type=porno, timestamp=2019-10-10 03:47:29)
[01/11/2024 17:44:45 00001a04] <DEBUG:1> trying url filter base file: C:\ProgramData\Doctor Web\DWS\dwfprn04.dws
[01/11/2024 17:44:45 00001a04] <DEBUG:1> TIMER: file C:\ProgramData\Doctor Web\DWS\dwfprn04.dws time 0 ms
[01/11/2024 17:44:45 00001a04] Url filter ignored (file name = dwfprn04.dws, type=porno, timestamp=2019-10-08 01:30:56)
[01/11/2024 17:44:45 00001a04] <DEBUG:1> trying url filter base file: C:\ProgramData\Doctor Web\DWS\dwfprn05.dws
[01/11/2024 17:44:45 00001a04] <DEBUG:1> TIMER: file C:\ProgramData\Doctor Web\DWS\dwfprn05.dws time 0 ms
[01/11/2024 17:44:45 00001a04] Url filter ignored (file name = dwfprn05.dws, type=porno, timestamp=2019-10-08 01:15:19)
[01/11/2024 17:44:45 00001a04] <DEBUG:1> trying url filter base file: C:\ProgramData\Doctor Web\DWS\dwfprn06.dws
[01/11/2024 17:44:45 00001a04] <DEBUG:1> TIMER: file C:\ProgramData\Doctor Web\DWS\dwfprn06.dws time 0 ms
[01/11/2024 17:44:45 00001a04] Url filter ignored (file name = dwfprn06.dws, type=porno, timestamp=2019-10-10 03:46:57)
[01/11/2024 17:44:45 00001a04] <DEBUG:1> trying url filter base file: C:\ProgramData\Doctor Web\DWS\dwfprn07.dws
[01/11/2024 17:44:45 00001a04] <DEBUG:1> TIMER: file C:\ProgramData\Doctor Web\DWS\dwfprn07.dws time 0 ms
[01/11/2024 17:44:45 00001a04] Url filter ignored (file name = dwfprn07.dws, type=porno, timestamp=2019-10-27 12:48:17)
[01/11/2024 17:44:45 00001a04] <DEBUG:1> trying url filter base file: C:\ProgramData\Doctor Web\DWS\dwfprn08.dws
[01/11/2024 17:44:45 00001a04] <DEBUG:1> TIMER: file C:\ProgramData\Doctor Web\DWS\dwfprn08.dws time 0 ms
[01/11/2024 17:44:45 00001a04] Url filter ignored (file name = dwfprn08.dws, type=porno, timestamp=2019-10-27 12:47:03)
[01/11/2024 17:44:45 00001a04] <DEBUG:1> trying url filter base file: C:\ProgramData\Doctor Web\DWS\dwfprn09.dws
[01/11/2024 17:44:45 00001a04] <DEBUG:1> TIMER: file C:\ProgramData\Doctor Web\DWS\dwfprn09.dws time 0 ms
[01/11/2024 17:44:45 00001a04] Url filter ignored (file name = dwfprn09.dws, type=porno, timestamp=2019-10-27 12:46:01)
[01/11/2024 17:44:45 00001a04] <DEBUG:1> trying url filter base file: C:\ProgramData\Doctor Web\DWS\dwfprn10.dws
[01/11/2024 17:44:45 00001a04] <DEBUG:1> TIMER: file C:\ProgramData\Doctor Web\DWS\dwfprn10.dws time 0 ms
[01/11/2024 17:44:45 00001a04] Url filter ignored (file name = dwfprn10.dws, type=porno, timestamp=2019-10-11 03:00:50)
[01/11/2024 17:44:45 00001a04] <DEBUG:1> trying url filter base file: C:\ProgramData\Doctor Web\DWS\dwfprn11.dws
[01/11/2024 17:44:45 00001a04] <DEBUG:1> TIMER: file C:\ProgramData\Doctor Web\DWS\dwfprn11.dws time 0 ms
[01/11/2024 17:44:45 00001a04] Url filter ignored (file name = dwfprn11.dws, type=porno, timestamp=2019-10-10 00:00:51)
[01/11/2024 17:44:45 00001a04] <DEBUG:1> trying url filter base file: C:\ProgramData\Doctor Web\DWS\dwfprn12.dws
[01/11/2024 17:44:45 00001a04] <DEBUG:1> TIMER: file C:\ProgramData\Doctor Web\DWS\dwfprn12.dws time 0 ms
[01/11/2024 17:44:45 00001a04] Url filter ignored (file name = dwfprn12.dws, type=porno, timestamp=2019-10-08 17:00:32)
[01/11/2024 17:44:45 00001a04] <DEBUG:1> trying url filter base file: C:\ProgramData\Doctor Web\DWS\dwfprn13.dws
[01/11/2024 17:44:45 00001a04] <DEBUG:1> TIMER: file C:\ProgramData\Doctor Web\DWS\dwfprn13.dws time 1 ms
[01/11/2024 17:44:45 00001a04] Url filter ignored (file name = dwfprn13.dws, type=porno, timestamp=2019-10-10 03:45:11)
[01/11/2024 17:44:45 00001a04] <DEBUG:1> trying url filter base file: C:\ProgramData\Doctor Web\DWS\dwfprn14.dws
[01/11/2024 17:44:45 00001a04] <DEBUG:1> TIMER: file C:\ProgramData\Doctor Web\DWS\dwfprn14.dws time 0 ms
[01/11/2024 17:44:45 00001a04] Url filter ignored (file name = dwfprn14.dws, type=porno, timestamp=2019-10-09 01:00:37)
[01/11/2024 17:44:45 00001a04] <DEBUG:1> trying url filter base file: C:\ProgramData\Doctor Web\DWS\dwfprn15.dws
[01/11/2024 17:44:45 00001a04] <DEBUG:1> TIMER: file C:\ProgramData\Doctor Web\DWS\dwfprn15.dws time 0 ms
[01/11/2024 17:44:45 00001a04] Url filter ignored (file name = dwfprn15.dws, type=porno, timestamp=2019-10-10 03:46:16)
[01/11/2024 17:44:45 00001a04] <DEBUG:1> trying url filter base file: C:\ProgramData\Doctor Web\DWS\dwfprn16.dws
[01/11/2024 17:44:45 00001a04] <DEBUG:1> TIMER: file C:\ProgramData\Doctor Web\DWS\dwfprn16.dws time 1 ms
[01/11/2024 17:44:45 00001a04] Url filter ignored (file name = dwfprn16.dws, type=porno, timestamp=2019-10-11 03:01:27)
[01/11/2024 17:44:45 00001a04] <DEBUG:1> trying url filter base file: C:\ProgramData\Doctor Web\DWS\dwfprn17.dws
[01/11/2024 17:44:45 00001a04] <DEBUG:1> TIMER: file C:\ProgramData\Doctor Web\DWS\dwfprn17.dws time 0 ms
[01/11/2024 17:44:45 00001a04] Url filter ignored (file name = dwfprn17.dws, type=porno, timestamp=2019-10-11 03:01:53)
[01/11/2024 17:44:45 00001a04] <DEBUG:1> trying url filter base file: C:\ProgramData\Doctor Web\DWS\dwfprn18.dws
[01/11/2024 17:44:45 00001a04] <DEBUG:1> TIMER: file C:\ProgramData\Doctor Web\DWS\dwfprn18.dws time 0 ms
[01/11/2024 17:44:45 00001a04] Url filter ignored (file name = dwfprn18.dws, type=porno, timestamp=2019-10-10 03:45:53)
[01/11/2024 17:44:45 00001a04] <DEBUG:1> trying url filter base file: C:\ProgramData\Doctor Web\DWS\dwfprn19.dws
[01/11/2024 17:44:45 00001a04] <DEBUG:1> TIMER: file C:\ProgramData\Doctor Web\DWS\dwfprn19.dws time 0 ms
[01/11/2024 17:44:45 00001a04] Url filter ignored (file name = dwfprn19.dws, type=porno, timestamp=2019-11-04 09:46:16)
[01/11/2024 17:44:45 00001a04] <DEBUG:1> trying url filter base file: C:\ProgramData\Doctor Web\DWS\dwfprn20.dws
[01/11/2024 17:44:45 00001a04] <DEBUG:1> TIMER: file C:\ProgramData\Doctor Web\DWS\dwfprn20.dws time 0 ms
[01/11/2024 17:44:45 00001a04] Url filter ignored (file name = dwfprn20.dws, type=porno, timestamp=2020-03-22 13:30:29)
[01/11/2024 17:44:45 00001a04] <DEBUG:1> trying url filter base file: C:\ProgramData\Doctor Web\DWS\dwfprn21.dws
[01/11/2024 17:44:45 00001a04] <DEBUG:1> TIMER: file C:\ProgramData\Doctor Web\DWS\dwfprn21.dws time 0 ms
[01/11/2024 17:44:45 00001a04] Url filter ignored (file name = dwfprn21.dws, type=porno, timestamp=2020-08-09 13:15:52)
[01/11/2024 17:44:45 00001a04] <DEBUG:1> trying url filter base file: C:\ProgramData\Doctor Web\DWS\dwfprn22.dws
[01/11/2024 17:44:45 00001a04] <DEBUG:1> TIMER: file C:\ProgramData\Doctor Web\DWS\dwfprn22.dws time 0 ms
[01/11/2024 17:44:45 00001a04] Url filter ignored (file name = dwfprn22.dws, type=porno, timestamp=2020-11-28 12:15:25)
[01/11/2024 17:44:45 00001a04] <DEBUG:1> trying url filter base file: C:\ProgramData\Doctor Web\DWS\dwfprn_addon.dws
[01/11/2024 17:44:45 00001a04] <DEBUG:1> TIMER: file C:\ProgramData\Doctor Web\DWS\dwfprn_addon.dws time 0 ms
[01/11/2024 17:44:45 00001a04] Url filter ignored (file name = dwfprn_addon.dws, type=porno, timestamp=2021-00-05 09:45:03)
[01/11/2024 17:44:45 00001a04] <DEBUG:1> trying url filter base file: C:\ProgramData\Doctor Web\DWS\dwfscl00.dws
[01/11/2024 17:44:45 00001a04] <DEBUG:1> TIMER: file C:\ProgramData\Doctor Web\DWS\dwfscl00.dws time 0 ms
[01/11/2024 17:44:45 00001a04] Url filter ignored (file name = dwfscl00.dws, type=socialnetwork, timestamp=2019-11-23 16:30:23)
[01/11/2024 17:44:45 00001a04] <DEBUG:1> trying url filter base file: C:\ProgramData\Doctor Web\DWS\dwfscl01.dws
[01/11/2024 17:44:45 00001a04] <DEBUG:1> TIMER: file C:\ProgramData\Doctor Web\DWS\dwfscl01.dws time 0 ms
[01/11/2024 17:44:45 00001a04] Url filter ignored (file name = dwfscl01.dws, type=socialnetwork, timestamp=2019-11-23 17:45:23)
[01/11/2024 17:44:45 00001a04] <DEBUG:1> trying url filter base file: C:\ProgramData\Doctor Web\DWS\dwfscl02.dws
[01/11/2024 17:44:45 00001a04] <DEBUG:1> TIMER: file C:\ProgramData\Doctor Web\DWS\dwfscl02.dws time 0 ms
[01/11/2024 17:44:45 00001a04] Url filter ignored (file name = dwfscl02.dws, type=socialnetwork, timestamp=2019-11-23 17:45:28)
[01/11/2024 17:44:45 00001a04] <DEBUG:1> trying url filter base file: C:\ProgramData\Doctor Web\DWS\dwfscl03.dws
[01/11/2024 17:44:45 00001a04] <DEBUG:1> TIMER: file C:\ProgramData\Doctor Web\DWS\dwfscl03.dws time 0 ms
[01/11/2024 17:44:45 00001a04] Url filter ignored (file name = dwfscl03.dws, type=socialnetwork, timestamp=2019-11-23 17:45:33)
[01/11/2024 17:44:45 00001a04] <DEBUG:1> trying url filter base file: C:\ProgramData\Doctor Web\DWS\dwfscl04.dws
[01/11/2024 17:44:45 00001a04] <DEBUG:1> TIMER: file C:\ProgramData\Doctor Web\DWS\dwfscl04.dws time 0 ms
[01/11/2024 17:44:45 00001a04] Url filter ignored (file name = dwfscl04.dws, type=socialnetwork, timestamp=2019-11-23 17:45:16)
[01/11/2024 17:44:45 00001a04] <DEBUG:1> trying url filter base file: C:\ProgramData\Doctor Web\DWS\dwfscl05.dws
[01/11/2024 17:44:45 00001a04] <DEBUG:1> TIMER: file C:\ProgramData\Doctor Web\DWS\dwfscl05.dws time 3 ms
[01/11/2024 17:44:45 00001a04] Url filter ignored (file name = dwfscl05.dws, type=socialnetwork, timestamp=2019-11-24 01:45:24)
[01/11/2024 17:44:45 00001a04] <DEBUG:1> trying url filter base file: C:\ProgramData\Doctor Web\DWS\dwfscl06.dws
[01/11/2024 17:44:45 00001a04] <DEBUG:1> TIMER: file C:\ProgramData\Doctor Web\DWS\dwfscl06.dws time 1 ms
[01/11/2024 17:44:45 00001a04] Url filter ignored (file name = dwfscl06.dws, type=socialnetwork, timestamp=2019-11-24 01:45:33)
[01/11/2024 17:44:45 00001a04] <DEBUG:1> trying url filter base file: C:\ProgramData\Doctor Web\DWS\dwfscl07.dws
[01/11/2024 17:44:45 00001a04] <DEBUG:1> TIMER: file C:\ProgramData\Doctor Web\DWS\dwfscl07.dws time 1 ms
[01/11/2024 17:44:45 00001a04] Url filter ignored (file name = dwfscl07.dws, type=socialnetwork, timestamp=2019-11-24 01:45:18)
[01/11/2024 17:44:45 00001a04] <DEBUG:1> trying url filter base file: C:\ProgramData\Doctor Web\DWS\dwfscl08.dws
[01/11/2024 17:44:45 00001a04] <DEBUG:1> TIMER: file C:\ProgramData\Doctor Web\DWS\dwfscl08.dws time 0 ms
[01/11/2024 17:44:45 00001a04] Url filter ignored (file name = dwfscl08.dws, type=socialnetwork, timestamp=2019-11-24 01:45:41)
[01/11/2024 17:44:45 00001a04] <DEBUG:1> trying url filter base file: C:\ProgramData\Doctor Web\DWS\dwfscl09.dws
[01/11/2024 17:44:45 00001a04] <DEBUG:1> TIMER: file C:\ProgramData\Doctor Web\DWS\dwfscl09.dws time 0 ms
[01/11/2024 17:44:45 00001a04] Url filter ignored (file name = dwfscl09.dws, type=socialnetwork, timestamp=2019-11-24 01:45:27)
[01/11/2024 17:44:45 00001a04] <DEBUG:1> trying url filter base file: C:\ProgramData\Doctor Web\DWS\dwfscl10.dws
[01/11/2024 17:44:45 00001a04] <DEBUG:1> TIMER: file C:\ProgramData\Doctor Web\DWS\dwfscl10.dws time 0 ms
[01/11/2024 17:44:45 00001a04] Url filter ignored (file name = dwfscl10.dws, type=socialnetwork, timestamp=2019-11-24 01:45:51)
[01/11/2024 17:44:45 00001a04] <DEBUG:1> trying url filter base file: C:\ProgramData\Doctor Web\DWS\dwfscl11.dws
[01/11/2024 17:44:45 00001a04] <DEBUG:1> TIMER: file C:\ProgramData\Doctor Web\DWS\dwfscl11.dws time 0 ms
[01/11/2024 17:44:45 00001a04] Url filter ignored (file name = dwfscl11.dws, type=socialnetwork, timestamp=2019-11-24 12:15:16)
[01/11/2024 17:44:45 00001a04] <DEBUG:1> trying url filter base file: C:\ProgramData\Doctor Web\DWS\dwfscl12.dws
[01/11/2024 17:44:45 00001a04] <DEBUG:1> TIMER: file C:\ProgramData\Doctor Web\DWS\dwfscl12.dws time 0 ms
[01/11/2024 17:44:45 00001a04] Url filter ignored (file name = dwfscl12.dws, type=socialnetwork, timestamp=2019-11-24 12:15:23)
[01/11/2024 17:44:45 00001a04] <DEBUG:1> trying url filter base file: C:\ProgramData\Doctor Web\DWS\dwfscl13.dws
[01/11/2024 17:44:45 00001a04] <DEBUG:1> TIMER: file C:\ProgramData\Doctor Web\DWS\dwfscl13.dws time 0 ms
[01/11/2024 17:44:45 00001a04] Url filter ignored (file name = dwfscl13.dws, type=socialnetwork, timestamp=2019-11-24 18:15:39)
[01/11/2024 17:44:45 00001a04] <DEBUG:1> trying url filter base file: C:\ProgramData\Doctor Web\DWS\dwfscl14.dws
[01/11/2024 17:44:45 00001a04] <DEBUG:1> TIMER: file C:\ProgramData\Doctor Web\DWS\dwfscl14.dws time 0 ms
[01/11/2024 17:44:45 00001a04] Url filter ignored (file name = dwfscl14.dws, type=socialnetwork, timestamp=2019-11-24 19:15:36)
[01/11/2024 17:44:45 00001a04] <DEBUG:1> trying url filter base file: C:\ProgramData\Doctor Web\DWS\dwfscl15.dws
[01/11/2024 17:44:45 00001a04] <DEBUG:1> TIMER: file C:\ProgramData\Doctor Web\DWS\dwfscl15.dws time 2 ms
[01/11/2024 17:44:45 00001a04] Url filter ignored (file name = dwfscl15.dws, type=socialnetwork, timestamp=2021-00-05 09:15:05)
[01/11/2024 17:44:45 00001a04] <DEBUG:1> trying url filter base file: C:\ProgramData\Doctor Web\DWS\dwfter00.dws
[01/11/2024 17:44:45 00001a04] <DEBUG:1> TIMER: file C:\ProgramData\Doctor Web\DWS\dwfter00.dws time 7 ms
[01/11/2024 17:44:45 00001a04] Url filter ignored (file name = dwfter00.dws, type=terrorism, timestamp=2019-04-20 17:15:14)
[01/11/2024 17:44:45 00001a04] <DEBUG:1> trying url filter base file: C:\ProgramData\Doctor Web\DWS\dwfvln00.dws
[01/11/2024 17:44:45 00001a04] <DEBUG:1> TIMER: file C:\ProgramData\Doctor Web\DWS\dwfvln00.dws time 2 ms
[01/11/2024 17:44:45 00001a04] Url filter ignored (file name = dwfvln00.dws, type=violence, timestamp=2011-11-01 09:31:02)
[01/11/2024 17:44:45 00001a04] <DEBUG:1> trying url filter base file: C:\ProgramData\Doctor Web\DWS\dwfvln01.dws
[01/11/2024 17:44:45 00001a04] <DEBUG:1> TIMER: file C:\ProgramData\Doctor Web\DWS\dwfvln01.dws time 0 ms
[01/11/2024 17:44:45 00001a04] Url filter ignored (file name = dwfvln01.dws, type=violence, timestamp=2020-09-26 16:15:04)
[01/11/2024 17:44:45 00001a04] <DEBUG:1> trying url filter base file: C:\ProgramData\Doctor Web\DWS\dwfwpn00.dws
[01/11/2024 17:44:45 00001a04] <DEBUG:1> TIMER: file C:\ProgramData\Doctor Web\DWS\dwfwpn00.dws time 0 ms
[01/11/2024 17:44:45 00001a04] Url filter ignored (file name = dwfwpn00.dws, type=weapon, timestamp=2020-09-26 16:15:05)
[01/11/2024 17:44:45 00001a04] <DEBUG:1> trying url filter base file: C:\ProgramData\Doctor Web\DWS\white_dwfanonym.dws
[01/11/2024 17:44:45 00001a04] <DEBUG:1> TIMER: file C:\ProgramData\Doctor Web\DWS\white_dwfanonym.dws time 0 ms
[01/11/2024 17:44:45 00001a04] Url filter ignored (file name = white_dwfanonym.dws, type=whitelist_anonymizer, timestamp=2019-03-22 18:15:06)
[01/11/2024 17:44:45 00001a04] <DEBUG:1> trying url filter base file: C:\ProgramData\Doctor Web\DWS\white_dwfcht.dws
[01/11/2024 17:44:45 00001a04] <DEBUG:1> TIMER: file C:\ProgramData\Doctor Web\DWS\white_dwfcht.dws time 1 ms
[01/11/2024 17:44:45 00001a04] Url filter ignored (file name = white_dwfcht.dws, type=whitelist_chats, timestamp=2019-03-22 18:15:06)
[01/11/2024 17:44:45 00001a04] <DEBUG:1> trying url filter base file: C:\ProgramData\Doctor Web\DWS\white_dwfdrg.dws
[01/11/2024 17:44:45 00001a04] <DEBUG:1> TIMER: file C:\ProgramData\Doctor Web\DWS\white_dwfdrg.dws time 0 ms
[01/11/2024 17:44:45 00001a04] Url filter ignored (file name = white_dwfdrg.dws, type=whitelist_drugs, timestamp=2020-07-04 07:15:14)
[01/11/2024 17:44:45 00001a04] <DEBUG:1> trying url filter base file: C:\ProgramData\Doctor Web\DWS\white_dwfeml.dws
[01/11/2024 17:44:45 00001a04] <DEBUG:1> TIMER: file C:\ProgramData\Doctor Web\DWS\white_dwfeml.dws time 0 ms
[01/11/2024 17:44:45 00001a04] Url filter ignored (file name = white_dwfeml.dws, type=whitelist_e-mail, timestamp=2019-03-22 18:15:06)
[01/11/2024 17:44:45 00001a04] <DEBUG:1> trying url filter base file: C:\ProgramData\Doctor Web\DWS\white_dwffse.dws
[01/11/2024 17:44:45 00001a04] <DEBUG:1> TIMER: file C:\ProgramData\Doctor Web\DWS\white_dwffse.dws time 0 ms
[01/11/2024 17:44:45 00001a04] Url exclude filter loaded (file name = white_dwffse.dws, type=whitelist_social_engineering, timestamp=2021-00-06 07:00:59)
[01/11/2024 17:44:45 00001a04] <DEBUG:1> trying url filter base file: C:\ProgramData\Doctor Web\DWS\white_dwfgml.dws
[01/11/2024 17:44:45 00001a04] <DEBUG:1> TIMER: file C:\ProgramData\Doctor Web\DWS\white_dwfgml.dws time 0 ms
[01/11/2024 17:44:45 00001a04] Url filter ignored (file name = white_dwfgml.dws, type=whitelist_gamble, timestamp=2020-11-22 10:00:14)
[01/11/2024 17:44:45 00001a04] <DEBUG:1> trying url filter base file: C:\ProgramData\Doctor Web\DWS\white_dwfminers.dws
[01/11/2024 17:44:45 00001a04] <DEBUG:1> TIMER: file C:\ProgramData\Doctor Web\DWS\white_dwfminers.dws time 0 ms
[01/11/2024 17:44:45 00001a04] Url filter ignored (file name = white_dwfminers.dws, type=whitelist_miners, timestamp=2018-04-31 07:00:08)
[01/11/2024 17:44:45 00001a04] <DEBUG:1> trying url filter base file: C:\ProgramData\Doctor Web\DWS\white_dwfmlw.dws
[01/11/2024 17:44:45 00001a04] <DEBUG:1> TIMER: file C:\ProgramData\Doctor Web\DWS\white_dwfmlw.dws time 0 ms
[01/11/2024 17:44:45 00001a04] Url exclude filter loaded (file name = white_dwfmlw.dws, type=whitelist_malware, timestamp=2021-00-05 07:30:52)
[01/11/2024 17:44:45 00001a04] <DEBUG:1> trying url filter base file: C:\ProgramData\Doctor Web\DWS\white_dwfobs.dws
[01/11/2024 17:44:45 00001a04] <DEBUG:1> TIMER: file C:\ProgramData\Doctor Web\DWS\white_dwfobs.dws time 0 ms
[01/11/2024 17:44:45 00001a04] Url filter ignored (file name = white_dwfobs.dws, type=whitelist_obscenity, timestamp=2019-03-22 18:15:06)
[01/11/2024 17:44:45 00001a04] <DEBUG:1> trying url filter base file: C:\ProgramData\Doctor Web\DWS\white_dwfogm.dws
[01/11/2024 17:44:45 00001a04] <DEBUG:1> TIMER: file C:\ProgramData\Doctor Web\DWS\white_dwfogm.dws time 0 ms
[01/11/2024 17:44:45 00001a04] Url filter ignored (file name = white_dwfogm.dws, type=whitelist_online_games, timestamp=2019-03-22 18:15:06)
[01/11/2024 17:44:45 00001a04] <DEBUG:1> trying url filter base file: C:\ProgramData\Doctor Web\DWS\white_dwfprc.dws
[01/11/2024 17:44:45 00001a04] <DEBUG:1> TIMER: file C:\ProgramData\Doctor Web\DWS\white_dwfprc.dws time 0 ms
[01/11/2024 17:44:45 00001a04] Url exclude filter loaded (file name = white_dwfprc.dws, type=whitelist_piracy, timestamp=2020-09-29 07:45:21)
[01/11/2024 17:44:45 00001a04] <DEBUG:1> trying url filter base file: C:\ProgramData\Doctor Web\DWS\white_dwfprn.dws
[01/11/2024 17:44:45 00001a04] <DEBUG:1> TIMER: file C:\ProgramData\Doctor Web\DWS\white_dwfprn.dws time 0 ms
[01/11/2024 17:44:45 00001a04] Url filter ignored (file name = white_dwfprn.dws, type=whitelist_porno, timestamp=2020-11-29 07:00:03)
[01/11/2024 17:44:45 00001a04] <DEBUG:1> trying url filter base file: C:\ProgramData\Doctor Web\DWS\white_dwfscl.dws
[01/11/2024 17:44:45 00001a04] <DEBUG:1> TIMER: file C:\ProgramData\Doctor Web\DWS\white_dwfscl.dws time 0 ms
[01/11/2024 17:44:45 00001a04] Url filter ignored (file name = white_dwfscl.dws, type=whitelist_socialnetwork, timestamp=2020-09-25 08:00:04)
[01/11/2024 17:44:45 00001a04] <DEBUG:1> trying url filter base file: C:\ProgramData\Doctor Web\DWS\white_dwfter.dws
[01/11/2024 17:44:45 00001a04] <DEBUG:1> TIMER: file C:\ProgramData\Doctor Web\DWS\white_dwfter.dws time 0 ms
[01/11/2024 17:44:45 00001a04] Url filter ignored (file name = white_dwfter.dws, type=whitelist_terrorism, timestamp=2019-03-22 18:15:06)
[01/11/2024 17:44:45 00001a04] <DEBUG:1> trying url filter base file: C:\ProgramData\Doctor Web\DWS\white_dwfvln.dws
[01/11/2024 17:44:45 00001a04] <DEBUG:1> TIMER: file C:\ProgramData\Doctor Web\DWS\white_dwfvln.dws time 0 ms
[01/11/2024 17:44:45 00001a04] Url filter ignored (file name = white_dwfvln.dws, type=whitelist_violence, timestamp=2019-03-22 18:15:06)
[01/11/2024 17:44:45 00001a04] <DEBUG:1> trying url filter base file: C:\ProgramData\Doctor Web\DWS\white_dwfwpn.dws
[01/11/2024 17:44:45 00001a04] <DEBUG:1> TIMER: file C:\ProgramData\Doctor Web\DWS\white_dwfwpn.dws time 0 ms
[01/11/2024 17:44:45 00001a04] Url filter ignored (file name = white_dwfwpn.dws, type=whitelist_weapon, timestamp=2020-04-29 07:15:04)
[01/11/2024 17:44:45 00001a04] <DEBUG:1> TIMER: total 105 ms loading 94 ms
[01/11/2024 17:44:49 000019ec] Service shutdown received
[01/11/2024 17:44:49 00001a10] <DEBUG:1> Managed shutdown started.
[01/11/2024 17:44:49 00001a10] <DEBUG:1> Closing driver accept threads...
[01/11/2024 17:44:49 00001a10] <DEBUG:1> Closing connections...
[01/11/2024 17:44:49 00001a10] <DEBUG:1> Detaching config...
[01/11/2024 17:44:49 00001a10] <DEBUG:1> Reporting service as stopped...
[01/11/2024 17:44:49 00001a10] <DEBUG:1> Managed shutdown completed. Global objects are to be destroyed.

=============================================================================
DrWeb Net Filtering Service for Windows Workstations v11.5.4.02210
Copyright (c) Doctor Web, Ltd., 1992-2020
Operating System: Windows 10 Starter x64/native (Build 19045)
Command line: "C:\Program Files\DrWeb\dwnetfilter.exe" --ats
=============================================================================
[01/11/2024 17:45:55 00000768] WFP driver i0.0 v11.1.10.09130
[01/11/2024 17:45:55 00000768] WFP server created
[01/11/2024 17:45:55 000003d8] Service: new standalone
[01/11/2024 17:45:56 00000768] <DEBUG:1> Config update 00000019 00000045
[01/11/2024 17:45:56 00000768] LogLevelMail = 1
[01/11/2024 17:45:56 00000768] LogLevelHttp = 1
[01/11/2024 17:45:56 00000768] CheckIncoming = Yes
[01/11/2024 17:45:56 00000768] CheckOutgoing = No
[01/11/2024 17:45:56 00000768] CheckArchives = No
[01/11/2024 17:45:56 00000768] CheckContainners = No
[01/11/2024 17:45:56 00000768] CheckIM = Yes
[01/11/2024 17:45:56 00000768] SpeedBalance = 125
[01/11/2024 17:45:56 00000768] BlockMalwareUrls = Yes
[01/11/2024 17:45:56 00000768] BlockScamAndFraud = Yes
[01/11/2024 17:45:56 00000768] BlockPiracy = Yes
[01/11/2024 17:45:56 00000768] BlockAdware = Yes
[01/11/2024 17:45:56 00000768] BlockDialers = Yes
[01/11/2024 17:45:56 00000768] BlockRiskware = No
[01/11/2024 17:45:56 00000768] BlockHacktools = No
[01/11/2024 17:45:56 00000768] BlockJokes = No
[01/11/2024 17:45:56 00000768] BlockSuspicious = Yes
[01/11/2024 17:45:56 00000768] BlockNotChecked = No
[01/11/2024 17:45:56 00000768] BlockMalformed = No
[01/11/2024 17:45:56 00000768] ProxyPort = 0
[01/11/2024 17:45:56 00000768] ChainProxyAddr = ""
[01/11/2024 17:45:56 00000768] ChainProxyPort = 0
[01/11/2024 17:45:56 00000768] QueryDNSWhenProxy = Yes
[01/11/2024 17:45:56 00000768] UrlFilter = No
[01/11/2024 17:45:56 00000768] BlockSites = No
[01/11/2024 17:45:56 00000768] SafeSearch = Yes
[01/11/2024 17:45:56 00000768] ProfileEnabled = Yes
[01/11/2024 17:45:56 00000768] OfficeControl = No
[01/11/2024 17:45:56 00000768] LngFileName = "ru-drweb.dwl"
[01/11/2024 17:45:56 00000768] ParentalControlInstalled = Yes
[01/11/2024 17:45:56 00000768] ActionInfected = 1
[01/11/2024 17:45:56 00000768] ActionIncurable = 2
[01/11/2024 17:45:56 00000768] ActionSuspicious = 2
[01/11/2024 17:45:56 00000768] ActionNotChecked = 8
[01/11/2024 17:45:56 00000768] ActionMalformed = 8
[01/11/2024 17:45:56 00000768] ActionAdware = 2
[01/11/2024 17:45:56 00000768] ActionDialers = 2
[01/11/2024 17:45:56 00000768] ActionRiskware = 8
[01/11/2024 17:45:56 00000768] ActionHacktools = 8
[01/11/2024 17:45:56 00000768] ActionJokes = 8
[01/11/2024 17:45:56 00000768] HeuristicAnalysis = Yes
[01/11/2024 17:45:56 00000768] VirusActivityControl = Yes
[01/11/2024 17:45:56 00000768] CheckArchivesMail = No
[01/11/2024 17:45:56 00000768] CheckContainersMail = No
[01/11/2024 17:45:56 00000768] InsertXAntiVirus = Yes
[01/11/2024 17:45:56 00000768] DeleteMessagesOnServer = No
[01/11/2024 17:45:56 00000768] MessageScanTimeout = 250
[01/11/2024 17:45:56 00000768] MaxFileSizeToExtract = 30720
[01/11/2024 17:45:56 00000768] MaxCompressionRatio = 0
[01/11/2024 17:45:56 00000768] MaxArchiveLevel = 64
[01/11/2024 17:45:56 00000768] CheckSpam = Yes
[01/11/2024 17:45:56 00000768] SpamAllowCyrillic = Yes
[01/11/2024 17:45:56 00000768] SpamAllowCJK = Yes
[01/11/2024 17:45:56 00000768] AddSpamSubj = Yes
[01/11/2024 17:45:56 00000768] SpamSubj = "[SPAM]"
[01/11/2024 17:45:56 00000768] SSL = No
[01/11/2024 17:45:56 00000768] CertificateSubject = "0 Dr.Web for Windows"
[01/11/2024 17:45:56 00000768] CertificateHash = ""
[01/11/2024 17:45:56 00000768] UseProfiles = Yes
[01/11/2024 17:45:56 00000768] Parental Control profiles = 0
[01/11/2024 17:45:56 00000768]     SID = ""
[01/11/2024 17:45:56 00000768]         UrlFilter = No
[01/11/2024 17:45:56 00000768]         BlockSites = No
[01/11/2024 17:45:56 00000768]         SafeSearch = Yes
[01/11/2024 17:45:56 00000768]         ProfileEnabled = Yes
[01/11/2024 17:45:56 00000768]         \settings\ParentalControl\BlockPorno = Yes
[01/11/2024 17:45:56 00000768]         \settings\ParentalControl\BlockViolence = Yes
[01/11/2024 17:45:56 00000768]         \settings\ParentalControl\BlockWeapon = Yes
[01/11/2024 17:45:56 00000768]         \settings\ParentalControl\BlockGamble = Yes
[01/11/2024 17:45:56 00000768]         \settings\ParentalControl\BlockDrugs = Yes
[01/11/2024 17:45:56 00000768]         \settings\ParentalControl\BlockObscenity = Yes
[01/11/2024 17:45:56 00000768]         \settings\ParentalControl\BlockChats = No
[01/11/2024 17:45:56 00000768]         \settings\ParentalControl\BlockTerrorism = Yes
[01/11/2024 17:45:56 00000768]         \settings\ParentalControl\BlockE_Mail = No
[01/11/2024 17:45:56 00000768]         \settings\ParentalControl\BlockSocialNetwork = No
[01/11/2024 17:45:56 00000768]         \settings\ParentalControl\BlockOnlineGames = No
[01/11/2024 17:45:56 00000768]         \settings\ParentalControl\BlockAnonymizers = No
[01/11/2024 17:45:56 00000768]         \settings\ParentalControl\BlockMiners = No
[01/11/2024 17:45:56 00000768]         ProfileAccessMode = 0
[01/11/2024 17:45:56 00000768]         InternetAccess[sun] = "111111111111111111111111111111111111111111111111"
[01/11/2024 17:45:56 00000768]         InternetAccess[mon] = "111111111111111111111111111111111111111111111111"
[01/11/2024 17:45:56 00000768]         InternetAccess[tue] = "111111111111111111111111111111111111111111111111"
[01/11/2024 17:45:56 00000768]         InternetAccess[wed] = "111111111111111111111111111111111111111111111111"
[01/11/2024 17:45:56 00000768]         InternetAccess[thu] = "111111111111111111111111111111111111111111111111"
[01/11/2024 17:45:56 00000768]         InternetAccess[fri] = "111111111111111111111111111111111111111111111111"
[01/11/2024 17:45:56 00000768]         InternetAccess[sat] = "111111111111111111111111111111111111111111111111"
[01/11/2024 17:45:56 00000768]         LogonAccess[sun] = "111111111111111111111111111111111111111111111111"
[01/11/2024 17:45:56 00000768]         LogonAccess[mon] = "111111111111111111111111111111111111111111111111"
[01/11/2024 17:45:56 00000768]         LogonAccess[tue] = "111111111111111111111111111111111111111111111111"
[01/11/2024 17:45:56 00000768]         LogonAccess[wed] = "111111111111111111111111111111111111111111111111"
[01/11/2024 17:45:56 00000768]         LogonAccess[thu] = "111111111111111111111111111111111111111111111111"
[01/11/2024 17:45:56 00000768]         LogonAccess[fri] = "111111111111111111111111111111111111111111111111"
[01/11/2024 17:45:56 00000768]         LogonAccess[sat] = "111111111111111111111111111111111111111111111111"
[01/11/2024 17:45:56 00000768]         DayLimitWorkdays.enabled = No
[01/11/2024 17:45:56 00000768]         DayLimitWorkdays.limit = 10800
[01/11/2024 17:45:56 00000768]         DayLimitWeekend.enabled = No
[01/11/2024 17:45:56 00000768]         DayLimitWeekend.limit = 10800
[01/11/2024 17:45:56 00000768]         NightLimitWorkdays.enabled = No
[01/11/2024 17:45:56 00000768]         NightLimitWorkdays.start = 82800
[01/11/2024 17:45:56 00000768]         NightLimitWorkdays.end = 25200
[01/11/2024 17:45:56 00000768]         NightLimitWeekend.enabled = No
[01/11/2024 17:45:56 00000768]         NightLimitWeekend.start = 82800
[01/11/2024 17:45:56 00000768]         NightLimitWeekend.end = 25200
[01/11/2024 17:45:56 00000768] UseCloud = Yes
[01/11/2024 17:45:56 00000768] SpiderMail is enabled, license not found
[01/11/2024 17:45:56 00000768] SpiderGate is enabled, license not found
[01/11/2024 17:45:56 00000768] ParentalControl is enabled
[01/11/2024 17:45:56 00000768] Antispam license not found
[01/11/2024 17:45:56 0000016c] Loading the predefined URL-filter lists from C:\ProgramData\Doctor Web\DWS\
[01/11/2024 17:45:56 0000016c] <DEBUG:1> trying url filter base file: C:\ProgramData\Doctor Web\DWS\dwfanonym00.dws
[01/11/2024 17:45:56 0000016c] <DEBUG:1> TIMER: file C:\ProgramData\Doctor Web\DWS\dwfanonym00.dws time 0 ms
[01/11/2024 17:45:56 0000016c] Url filter ignored (file name = dwfanonym00.dws, type=anonymizer, timestamp=2020-07-07 15:45:23)
[01/11/2024 17:45:56 0000016c] <DEBUG:1> trying url filter base file: C:\ProgramData\Doctor Web\DWS\dwfcht00.dws
[01/11/2024 17:45:56 0000016c] <DEBUG:1> TIMER: file C:\ProgramData\Doctor Web\DWS\dwfcht00.dws time 0 ms
[01/11/2024 17:45:56 0000016c] Url filter ignored (file name = dwfcht00.dws, type=chats, timestamp=2020-11-23 13:00:08)
[01/11/2024 17:45:56 0000016c] <DEBUG:1> trying url filter base file: C:\ProgramData\Doctor Web\DWS\dwfdrg00.dws
[01/11/2024 17:45:56 0000016c] <DEBUG:1> TIMER: file C:\ProgramData\Doctor Web\DWS\dwfdrg00.dws time 0 ms
[01/11/2024 17:45:56 0000016c] Url filter ignored (file name = dwfdrg00.dws, type=drugs, timestamp=2020-11-29 10:30:30)
[01/11/2024 17:45:56 0000016c] <DEBUG:1> trying url filter base file: C:\ProgramData\Doctor Web\DWS\dwfeml00.dws
[01/11/2024 17:45:56 0000016c] <DEBUG:1> TIMER: file C:\ProgramData\Doctor Web\DWS\dwfeml00.dws time 1 ms
[01/11/2024 17:45:56 0000016c] Url filter ignored (file name = dwfeml00.dws, type=e-mail, timestamp=2018-11-29 07:02:12)
[01/11/2024 17:45:56 0000016c] <DEBUG:1> trying url filter base file: C:\ProgramData\Doctor Web\DWS\dwffse00.dws
[01/11/2024 17:45:56 0000016c] <DEBUG:1> TIMER: file C:\ProgramData\Doctor Web\DWS\dwffse00.dws time 0 ms
[01/11/2024 17:45:56 0000016c] Url filter loaded (file name = dwffse00.dws, type=social_engineering, timestamp=2019-11-24 19:30:31)
[01/11/2024 17:45:56 0000016c] <DEBUG:1> trying url filter base file: C:\ProgramData\Doctor Web\DWS\dwffse01.dws
[01/11/2024 17:45:56 0000016c] <DEBUG:1> TIMER: file C:\ProgramData\Doctor Web\DWS\dwffse01.dws time 0 ms
[01/11/2024 17:45:56 0000016c] Url filter loaded (file name = dwffse01.dws, type=social_engineering, timestamp=2020-10-18 14:49:43)
[01/11/2024 17:45:56 0000016c] <DEBUG:1> trying url filter base file: C:\ProgramData\Doctor Web\DWS\dwffse02.dws
[01/11/2024 17:45:56 0000016c] <DEBUG:1> TIMER: file C:\ProgramData\Doctor Web\DWS\dwffse02.dws time 0 ms
[01/11/2024 17:45:56 0000016c] Url filter loaded (file name = dwffse02.dws, type=social_engineering, timestamp=2019-11-19 17:45:10)
[01/11/2024 17:45:56 0000016c] <DEBUG:1> trying url filter base file: C:\ProgramData\Doctor Web\DWS\dwffse03.dws
[01/11/2024 17:45:56 0000016c] <DEBUG:1> TIMER: file C:\ProgramData\Doctor Web\DWS\dwffse03.dws time 0 ms
[01/11/2024 17:45:56 0000016c] Url filter loaded (file name = dwffse03.dws, type=social_engineering, timestamp=2019-11-19 17:45:20)
[01/11/2024 17:45:56 0000016c] <DEBUG:1> trying url filter base file: C:\ProgramData\Doctor Web\DWS\dwffse04.dws
[01/11/2024 17:45:56 0000016c] <DEBUG:1> TIMER: file C:\ProgramData\Doctor Web\DWS\dwffse04.dws time 0 ms
[01/11/2024 17:45:56 0000016c] Url filter loaded (file name = dwffse04.dws, type=social_engineering, timestamp=2019-11-19 15:15:52)
[01/11/2024 17:45:56 0000016c] <DEBUG:1> trying url filter base file: C:\ProgramData\Doctor Web\DWS\dwffse05.dws
[01/11/2024 17:45:56 0000016c] <DEBUG:1> TIMER: file C:\ProgramData\Doctor Web\DWS\dwffse05.dws time 1 ms
[01/11/2024 17:45:56 0000016c] Url filter loaded (file name = dwffse05.dws, type=social_engineering, timestamp=2020-09-12 17:00:31)
[01/11/2024 17:45:56 0000016c] <DEBUG:1> trying url filter base file: C:\ProgramData\Doctor Web\DWS\dwffse06.dws
[01/11/2024 17:45:56 0000016c] <DEBUG:1> TIMER: file C:\ProgramData\Doctor Web\DWS\dwffse06.dws time 0 ms
[01/11/2024 17:45:56 0000016c] Url filter loaded (file name = dwffse06.dws, type=social_engineering, timestamp=2020-09-21 15:15:35)
[01/11/2024 17:45:56 0000016c] <DEBUG:1> trying url filter base file: C:\ProgramData\Doctor Web\DWS\dwffse07.dws
[01/11/2024 17:45:56 0000016c] <DEBUG:1> TIMER: file C:\ProgramData\Doctor Web\DWS\dwffse07.dws time 0 ms
[01/11/2024 17:45:56 0000016c] Url filter loaded (file name = dwffse07.dws, type=social_engineering, timestamp=2020-07-07 10:00:35)
[01/11/2024 17:45:56 0000016c] <DEBUG:1> trying url filter base file: C:\ProgramData\Doctor Web\DWS\dwffse08.dws
[01/11/2024 17:45:56 0000016c] <DEBUG:1> TIMER: file C:\ProgramData\Doctor Web\DWS\dwffse08.dws time 0 ms
[01/11/2024 17:45:56 0000016c] Url filter loaded (file name = dwffse08.dws, type=social_engineering, timestamp=2020-09-19 10:15:37)
[01/11/2024 17:45:56 0000016c] <DEBUG:1> trying url filter base file: C:\ProgramData\Doctor Web\DWS\dwffse09.dws
[01/11/2024 17:45:56 0000016c] <DEBUG:1> TIMER: file C:\ProgramData\Doctor Web\DWS\dwffse09.dws time 0 ms
[01/11/2024 17:45:56 0000016c] Url filter loaded (file name = dwffse09.dws, type=social_engineering, timestamp=2020-11-25 13:00:23)
[01/11/2024 17:45:56 0000016c] <DEBUG:1> trying url filter base file: C:\ProgramData\Doctor Web\DWS\dwffse_addon.dws
[01/11/2024 17:45:56 0000016c] <DEBUG:1> TIMER: file C:\ProgramData\Doctor Web\DWS\dwffse_addon.dws time 0 ms
[01/11/2024 17:45:56 0000016c] Url filter loaded (file name = dwffse_addon.dws, type=social_engineering, timestamp=2021-00-04 09:15:04)
[01/11/2024 17:45:56 0000016c] <DEBUG:1> trying url filter base file: C:\ProgramData\Doctor Web\DWS\dwfgml00.dws
[01/11/2024 17:45:56 0000016c] <DEBUG:1> TIMER: file C:\ProgramData\Doctor Web\DWS\dwfgml00.dws time 0 ms
[01/11/2024 17:45:56 0000016c] Url filter ignored (file name = dwfgml00.dws, type=gamble, timestamp=2019-11-22 03:45:37)
[01/11/2024 17:45:56 0000016c] <DEBUG:1> trying url filter base file: C:\ProgramData\Doctor Web\DWS\dwfgml01.dws
[01/11/2024 17:45:56 0000016c] <DEBUG:1> TIMER: file C:\ProgramData\Doctor Web\DWS\dwfgml01.dws time 0 ms
[01/11/2024 17:45:56 0000016c] Url filter ignored (file name = dwfgml01.dws, type=gamble, timestamp=2019-11-21 15:00:08)
[01/11/2024 17:45:56 0000016c] <DEBUG:1> trying url filter base file: C:\ProgramData\Doctor Web\DWS\dwfgml02.dws
[01/11/2024 17:45:56 0000016c] <DEBUG:1> TIMER: file C:\ProgramData\Doctor Web\DWS\dwfgml02.dws time 0 ms
[01/11/2024 17:45:56 0000016c] Url filter ignored (file name = dwfgml02.dws, type=gamble, timestamp=2019-11-20 17:45:14)
[01/11/2024 17:45:56 0000016c] <DEBUG:1> trying url filter base file: C:\ProgramData\Doctor Web\DWS\dwfgml03.dws
[01/11/2024 17:45:56 0000016c] <DEBUG:1> TIMER: file C:\ProgramData\Doctor Web\DWS\dwfgml03.dws time 0 ms
[01/11/2024 17:45:56 0000016c] Url filter ignored (file name = dwfgml03.dws, type=gamble, timestamp=2019-11-21 09:01:41)
[01/11/2024 17:45:56 0000016c] <DEBUG:1> trying url filter base file: C:\ProgramData\Doctor Web\DWS\dwfgml04.dws
[01/11/2024 17:45:56 0000016c] <DEBUG:1> TIMER: file C:\ProgramData\Doctor Web\DWS\dwfgml04.dws time 0 ms
[01/11/2024 17:45:56 0000016c] Url filter ignored (file name = dwfgml04.dws, type=gamble, timestamp=2019-11-21 09:00:36)
[01/11/2024 17:45:56 0000016c] <DEBUG:1> trying url filter base file: C:\ProgramData\Doctor Web\DWS\dwfgml05.dws
[01/11/2024 17:45:56 0000016c] <DEBUG:1> TIMER: file C:\ProgramData\Doctor Web\DWS\dwfgml05.dws time 0 ms
[01/11/2024 17:45:56 0000016c] Url filter ignored (file name = dwfgml05.dws, type=gamble, timestamp=2019-11-21 09:01:26)
[01/11/2024 17:45:56 0000016c] <DEBUG:1> trying url filter base file: C:\ProgramData\Doctor Web\DWS\dwfgml06.dws
[01/11/2024 17:45:56 0000016c] <DEBUG:1> TIMER: file C:\ProgramData\Doctor Web\DWS\dwfgml06.dws time 0 ms
[01/11/2024 17:45:56 0000016c] Url filter ignored (file name = dwfgml06.dws, type=gamble, timestamp=2019-11-21 09:01:11)
[01/11/2024 17:45:56 0000016c] <DEBUG:1> trying url filter base file: C:\ProgramData\Doctor Web\DWS\dwfgml07.dws
[01/11/2024 17:45:56 0000016c] <DEBUG:1> TIMER: file C:\ProgramData\Doctor Web\DWS\dwfgml07.dws time 0 ms
[01/11/2024 17:45:56 0000016c] Url filter ignored (file name = dwfgml07.dws, type=gamble, timestamp=2019-11-21 14:45:40)
[01/11/2024 17:45:56 0000016c] <DEBUG:1> trying url filter base file: C:\ProgramData\Doctor Web\DWS\dwfgml08.dws
[01/11/2024 17:45:56 0000016c] <DEBUG:1> TIMER: file C:\ProgramData\Doctor Web\DWS\dwfgml08.dws time 0 ms
[01/11/2024 17:45:56 0000016c] Url filter ignored (file name = dwfgml08.dws, type=gamble, timestamp=2019-11-21 14:45:58)
[01/11/2024 17:45:56 0000016c] <DEBUG:1> trying url filter base file: C:\ProgramData\Doctor Web\DWS\dwfgml09.dws
[01/11/2024 17:45:56 0000016c] <DEBUG:1> TIMER: file C:\ProgramData\Doctor Web\DWS\dwfgml09.dws time 0 ms
[01/11/2024 17:45:56 0000016c] Url filter ignored (file name = dwfgml09.dws, type=gamble, timestamp=2019-11-21 14:45:51)
[01/11/2024 17:45:56 0000016c] <DEBUG:1> trying url filter base file: C:\ProgramData\Doctor Web\DWS\dwfgml10.dws
[01/11/2024 17:45:56 0000016c] <DEBUG:1> TIMER: file C:\ProgramData\Doctor Web\DWS\dwfgml10.dws time 0 ms
[01/11/2024 17:45:56 0000016c] Url filter ignored (file name = dwfgml10.dws, type=gamble, timestamp=2019-11-21 14:45:28)
[01/11/2024 17:45:56 0000016c] <DEBUG:1> trying url filter base file: C:\ProgramData\Doctor Web\DWS\dwfgml11.dws
[01/11/2024 17:45:56 0000016c] <DEBUG:1> TIMER: file C:\ProgramData\Doctor Web\DWS\dwfgml11.dws time 0 ms
[01/11/2024 17:45:56 0000016c] Url filter ignored (file name = dwfgml11.dws, type=gamble, timestamp=2019-11-21 20:30:30)
[01/11/2024 17:45:56 0000016c] <DEBUG:1> trying url filter base file: C:\ProgramData\Doctor Web\DWS\dwfgml12.dws
[01/11/2024 17:45:56 0000016c] <DEBUG:1> TIMER: file C:\ProgramData\Doctor Web\DWS\dwfgml12.dws time 0 ms
[01/11/2024 17:45:56 0000016c] Url filter ignored (file name = dwfgml12.dws, type=gamble, timestamp=2019-11-21 20:30:34)
[01/11/2024 17:45:56 0000016c] <DEBUG:1> trying url filter base file: C:\ProgramData\Doctor Web\DWS\dwfgml13.dws
[01/11/2024 17:45:56 0000016c] <DEBUG:1> TIMER: file C:\ProgramData\Doctor Web\DWS\dwfgml13.dws time 0 ms
[01/11/2024 17:45:56 0000016c] Url filter ignored (file name = dwfgml13.dws, type=gamble, timestamp=2019-11-21 20:30:19)
[01/11/2024 17:45:56 0000016c] <DEBUG:1> trying url filter base file: C:\ProgramData\Doctor Web\DWS\dwfgml14.dws
[01/11/2024 17:45:56 0000016c] <DEBUG:1> TIMER: file C:\ProgramData\Doctor Web\DWS\dwfgml14.dws time 0 ms
[01/11/2024 17:45:56 0000016c] Url filter ignored (file name = dwfgml14.dws, type=gamble, timestamp=2019-11-22 03:45:20)
[01/11/2024 17:45:56 0000016c] <DEBUG:1> trying url filter base file: C:\ProgramData\Doctor Web\DWS\dwfgml15.dws
[01/11/2024 17:45:56 0000016c] <DEBUG:1> TIMER: file C:\ProgramData\Doctor Web\DWS\dwfgml15.dws time 0 ms
[01/11/2024 17:45:56 0000016c] Url filter ignored (file name = dwfgml15.dws, type=gamble, timestamp=2019-11-22 03:45:13)
[01/11/2024 17:45:56 0000016c] <DEBUG:1> trying url filter base file: C:\ProgramData\Doctor Web\DWS\dwfgml16.dws
[01/11/2024 17:45:56 0000016c] <DEBUG:1> TIMER: file C:\ProgramData\Doctor Web\DWS\dwfgml16.dws time 0 ms
[01/11/2024 17:45:56 0000016c] Url filter ignored (file name = dwfgml16.dws, type=gamble, timestamp=2019-11-22 14:31:54)
[01/11/2024 17:45:56 0000016c] <DEBUG:1> trying url filter base file: C:\ProgramData\Doctor Web\DWS\dwfgml17.dws
[01/11/2024 17:45:56 0000016c] <DEBUG:1> TIMER: file C:\ProgramData\Doctor Web\DWS\dwfgml17.dws time 0 ms
[01/11/2024 17:45:56 0000016c] Url filter ignored (file name = dwfgml17.dws, type=gamble, timestamp=2019-11-22 14:31:13)
[01/11/2024 17:45:56 0000016c] <DEBUG:1> trying url filter base file: C:\ProgramData\Doctor Web\DWS\dwfgml18.dws
[01/11/2024 17:45:56 0000016c] <DEBUG:1> TIMER: file C:\ProgramData\Doctor Web\DWS\dwfgml18.dws time 0 ms
[01/11/2024 17:45:56 0000016c] Url filter ignored (file name = dwfgml18.dws, type=gamble, timestamp=2019-11-23 12:15:38)
[01/11/2024 17:45:56 0000016c] <DEBUG:1> trying url filter base file: C:\ProgramData\Doctor Web\DWS\dwfgml19.dws
[01/11/2024 17:45:56 0000016c] <DEBUG:1> TIMER: file C:\ProgramData\Doctor Web\DWS\dwfgml19.dws time 0 ms
[01/11/2024 17:45:56 0000016c] Url filter ignored (file name = dwfgml19.dws, type=gamble, timestamp=2020-11-30 14:45:25)
[01/11/2024 17:45:56 0000016c] <DEBUG:1> trying url filter base file: C:\ProgramData\Doctor Web\DWS\dwfminers00.dws
[01/11/2024 17:45:56 0000016c] <DEBUG:1> TIMER: file C:\ProgramData\Doctor Web\DWS\dwfminers00.dws time 0 ms
[01/11/2024 17:45:56 0000016c] Url filter ignored (file name = dwfminers00.dws, type=miners, timestamp=2020-11-07 11:15:03)
[01/11/2024 17:45:56 0000016c] <DEBUG:1> trying url filter base file: C:\ProgramData\Doctor Web\DWS\dwfmlw00.dws
[01/11/2024 17:45:56 0000016c] <DEBUG:1> TIMER: file C:\ProgramData\Doctor Web\DWS\dwfmlw00.dws time 0 ms
[01/11/2024 17:45:56 0000016c] Url filter loaded (file name = dwfmlw00.dws, type=malware, timestamp=2019-10-07 19:56:25)
[01/11/2024 17:45:56 0000016c] <DEBUG:1> trying url filter base file: C:\ProgramData\Doctor Web\DWS\dwfmlw01.dws
[01/11/2024 17:45:56 0000016c] <DEBUG:1> TIMER: file C:\ProgramData\Doctor Web\DWS\dwfmlw01.dws time 0 ms
[01/11/2024 17:45:56 0000016c] Url filter loaded (file name = dwfmlw01.dws, type=malware, timestamp=2019-11-16 16:46:19)
[01/11/2024 17:45:56 0000016c] <DEBUG:1> trying url filter base file: C:\ProgramData\Doctor Web\DWS\dwfmlw02.dws
[01/11/2024 17:45:56 0000016c] <DEBUG:1> TIMER: file C:\ProgramData\Doctor Web\DWS\dwfmlw02.dws time 0 ms
[01/11/2024 17:45:56 0000016c] Url filter loaded (file name = dwfmlw02.dws, type=malware, timestamp=2019-11-17 12:31:13)
[01/11/2024 17:45:56 0000016c] <DEBUG:1> trying url filter base file: C:\ProgramData\Doctor Web\DWS\dwfmlw03.dws
[01/11/2024 17:45:56 0000016c] <DEBUG:1> TIMER: file C:\ProgramData\Doctor Web\DWS\dwfmlw03.dws time 0 ms
[01/11/2024 17:45:56 0000016c] Url filter loaded (file name = dwfmlw03.dws, type=malware, timestamp=2019-11-18 13:01:39)
[01/11/2024 17:45:56 0000016c] <DEBUG:1> trying url filter base file: C:\ProgramData\Doctor Web\DWS\dwfmlw04.dws
[01/11/2024 17:45:56 0000016c] <DEBUG:1> TIMER: file C:\ProgramData\Doctor Web\DWS\dwfmlw04.dws time 0 ms
[01/11/2024 17:45:56 0000016c] Url filter loaded (file name = dwfmlw04.dws, type=malware, timestamp=2019-11-18 18:30:20)
[01/11/2024 17:45:56 0000016c] <DEBUG:1> trying url filter base file: C:\ProgramData\Doctor Web\DWS\dwfmlw05.dws
[01/11/2024 17:45:56 0000016c] <DEBUG:1> TIMER: file C:\ProgramData\Doctor Web\DWS\dwfmlw05.dws time 0 ms
[01/11/2024 17:45:56 0000016c] Url filter loaded (file name = dwfmlw05.dws, type=malware, timestamp=2020-11-12 00:45:16)
[01/11/2024 17:45:56 0000016c] <DEBUG:1> trying url filter base file: C:\ProgramData\Doctor Web\DWS\dwfmlw06.dws
[01/11/2024 17:45:56 0000016c] <DEBUG:1> TIMER: file C:\ProgramData\Doctor Web\DWS\dwfmlw06.dws time 0 ms
[01/11/2024 17:45:56 0000016c] Url filter loaded (file name = dwfmlw06.dws, type=malware, timestamp=2019-11-13 15:45:59)
[01/11/2024 17:45:56 0000016c] <DEBUG:1> trying url filter base file: C:\ProgramData\Doctor Web\DWS\dwfmlw07.dws
[01/11/2024 17:45:56 0000016c] <DEBUG:1> TIMER: file C:\ProgramData\Doctor Web\DWS\dwfmlw07.dws time 0 ms
[01/11/2024 17:45:56 0000016c] Url filter loaded (file name = dwfmlw07.dws, type=malware, timestamp=2019-11-16 12:45:36)
[01/11/2024 17:45:56 0000016c] <DEBUG:1> trying url filter base file: C:\ProgramData\Doctor Web\DWS\dwfmlw08.dws
[01/11/2024 17:45:56 0000016c] <DEBUG:1> TIMER: file C:\ProgramData\Doctor Web\DWS\dwfmlw08.dws time 0 ms
[01/11/2024 17:45:56 0000016c] Url filter loaded (file name = dwfmlw08.dws, type=malware, timestamp=2019-11-18 01:15:36)
[01/11/2024 17:45:56 0000016c] <DEBUG:1> trying url filter base file: C:\ProgramData\Doctor Web\DWS\dwfmlw09.dws
[01/11/2024 17:45:56 0000016c] <DEBUG:1> TIMER: file C:\ProgramData\Doctor Web\DWS\dwfmlw09.dws time 0 ms
[01/11/2024 17:45:56 0000016c] Url filter loaded (file name = dwfmlw09.dws, type=malware, timestamp=2019-11-19 00:30:54)
[01/11/2024 17:45:56 0000016c] <DEBUG:1> trying url filter base file: C:\ProgramData\Doctor Web\DWS\dwfmlw10.dws
[01/11/2024 17:45:56 0000016c] <DEBUG:1> TIMER: file C:\ProgramData\Doctor Web\DWS\dwfmlw10.dws time 0 ms
[01/11/2024 17:45:56 0000016c] Url filter loaded (file name = dwfmlw10.dws, type=malware, timestamp=2020-05-26 09:15:33)
[01/11/2024 17:45:56 0000016c] <DEBUG:1> trying url filter base file: C:\ProgramData\Doctor Web\DWS\dwfmlw11.dws
[01/11/2024 17:45:56 0000016c] <DEBUG:1> TIMER: file C:\ProgramData\Doctor Web\DWS\dwfmlw11.dws time 0 ms
[01/11/2024 17:45:56 0000016c] Url filter loaded (file name = dwfmlw11.dws, type=malware, timestamp=2020-10-10 16:15:21)
[01/11/2024 17:45:56 0000016c] <DEBUG:1> trying url filter base file: C:\ProgramData\Doctor Web\DWS\dwfmlw_addon.dws
[01/11/2024 17:45:56 0000016c] <DEBUG:1> TIMER: file C:\ProgramData\Doctor Web\DWS\dwfmlw_addon.dws time 0 ms
[01/11/2024 17:45:56 0000016c] Url filter loaded (file name = dwfmlw_addon.dws, type=malware, timestamp=2021-00-06 06:30:18)
[01/11/2024 17:45:56 0000016c] <DEBUG:1> trying url filter base file: C:\ProgramData\Doctor Web\DWS\dwfobs00.dws
[01/11/2024 17:45:56 0000016c] <DEBUG:1> TIMER: file C:\ProgramData\Doctor Web\DWS\dwfobs00.dws time 0 ms
[01/11/2024 17:45:56 0000016c] Url filter ignored (file name = dwfobs00.dws, type=obscenity, timestamp=2018-09-02 13:30:06)
[01/11/2024 17:45:56 0000016c] <DEBUG:1> trying url filter base file: C:\ProgramData\Doctor Web\DWS\dwfogm00.dws
[01/11/2024 17:45:56 0000016c] <DEBUG:1> TIMER: file C:\ProgramData\Doctor Web\DWS\dwfogm00.dws time 0 ms
[01/11/2024 17:45:56 0000016c] Url filter ignored (file name = dwfogm00.dws, type=online_games, timestamp=2020-10-27 19:30:06)
[01/11/2024 17:45:56 0000016c] <DEBUG:1> trying url filter base file: C:\ProgramData\Doctor Web\DWS\dwfprc00.dws
[01/11/2024 17:45:56 0000016c] <DEBUG:1> TIMER: file C:\ProgramData\Doctor Web\DWS\dwfprc00.dws time 0 ms
[01/11/2024 17:45:56 0000016c] Url filter loaded (file name = dwfprc00.dws, type=piracy, timestamp=2020-09-28 11:00:05)
[01/11/2024 17:45:56 0000016c] <DEBUG:1> trying url filter base file: C:\ProgramData\Doctor Web\DWS\dwfprn00.dws
[01/11/2024 17:45:56 0000016c] <DEBUG:1> TIMER: file C:\ProgramData\Doctor Web\DWS\dwfprn00.dws time 0 ms
[01/11/2024 17:45:56 0000016c] Url filter ignored (file name = dwfprn00.dws, type=porno, timestamp=2019-10-12 19:05:37)
[01/11/2024 17:45:56 0000016c] <DEBUG:1> trying url filter base file: C:\ProgramData\Doctor Web\DWS\dwfprn01.dws
[01/11/2024 17:45:56 0000016c] <DEBUG:1> TIMER: file C:\ProgramData\Doctor Web\DWS\dwfprn01.dws time 0 ms
[01/11/2024 17:45:56 0000016c] Url filter ignored (file name = dwfprn01.dws, type=porno, timestamp=2019-10-12 13:16:54)
[01/11/2024 17:45:56 0000016c] <DEBUG:1> trying url filter base file: C:\ProgramData\Doctor Web\DWS\dwfprn02.dws
[01/11/2024 17:45:56 0000016c] <DEBUG:1> TIMER: file C:\ProgramData\Doctor Web\DWS\dwfprn02.dws time 0 ms
[01/11/2024 17:45:56 0000016c] Url filter ignored (file name = dwfprn02.dws, type=porno, timestamp=2019-10-10 00:02:26)
[01/11/2024 17:45:56 0000016c] <DEBUG:1> trying url filter base file: C:\ProgramData\Doctor Web\DWS\dwfprn03.dws
[01/11/2024 17:45:56 0000016c] <DEBUG:1> TIMER: file C:\ProgramData\Doctor Web\DWS\dwfprn03.dws time 0 ms
[01/11/2024 17:45:56 0000016c] Url filter ignored (file name = dwfprn03.dws, type=porno, timestamp=2019-10-10 03:47:29)
[01/11/2024 17:45:56 0000016c] <DEBUG:1> trying url filter base file: C:\ProgramData\Doctor Web\DWS\dwfprn04.dws
[01/11/2024 17:45:56 0000016c] <DEBUG:1> TIMER: file C:\ProgramData\Doctor Web\DWS\dwfprn04.dws time 0 ms
[01/11/2024 17:45:56 0000016c] Url filter ignored (file name = dwfprn04.dws, type=porno, timestamp=2019-10-08 01:30:56)
[01/11/2024 17:45:56 0000016c] <DEBUG:1> trying url filter base file: C:\ProgramData\Doctor Web\DWS\dwfprn05.dws
[01/11/2024 17:45:56 0000016c] <DEBUG:1> TIMER: file C:\ProgramData\Doctor Web\DWS\dwfprn05.dws time 0 ms
[01/11/2024 17:45:56 0000016c] Url filter ignored (file name = dwfprn05.dws, type=porno, timestamp=2019-10-08 01:15:19)
[01/11/2024 17:45:56 0000016c] <DEBUG:1> trying url filter base file: C:\ProgramData\Doctor Web\DWS\dwfprn06.dws
[01/11/2024 17:45:56 0000016c] <DEBUG:1> TIMER: file C:\ProgramData\Doctor Web\DWS\dwfprn06.dws time 0 ms
[01/11/2024 17:45:56 0000016c] Url filter ignored (file name = dwfprn06.dws, type=porno, timestamp=2019-10-10 03:46:57)
[01/11/2024 17:45:56 0000016c] <DEBUG:1> trying url filter base file: C:\ProgramData\Doctor Web\DWS\dwfprn07.dws
[01/11/2024 17:45:56 0000016c] <DEBUG:1> TIMER: file C:\ProgramData\Doctor Web\DWS\dwfprn07.dws time 0 ms
[01/11/2024 17:45:56 0000016c] Url filter ignored (file name = dwfprn07.dws, type=porno, timestamp=2019-10-27 12:48:17)
[01/11/2024 17:45:56 0000016c] <DEBUG:1> trying url filter base file: C:\ProgramData\Doctor Web\DWS\dwfprn08.dws
[01/11/2024 17:45:56 0000016c] <DEBUG:1> TIMER: file C:\ProgramData\Doctor Web\DWS\dwfprn08.dws time 0 ms
[01/11/2024 17:45:56 0000016c] Url filter ignored (file name = dwfprn08.dws, type=porno, timestamp=2019-10-27 12:47:03)
[01/11/2024 17:45:56 0000016c] <DEBUG:1> trying url filter base file: C:\ProgramData\Doctor Web\DWS\dwfprn09.dws
[01/11/2024 17:45:56 0000016c] <DEBUG:1> TIMER: file C:\ProgramData\Doctor Web\DWS\dwfprn09.dws time 0 ms
[01/11/2024 17:45:56 0000016c] Url filter ignored (file name = dwfprn09.dws, type=porno, timestamp=2019-10-27 12:46:01)
[01/11/2024 17:45:56 0000016c] <DEBUG:1> trying url filter base file: C:\ProgramData\Doctor Web\DWS\dwfprn10.dws
[01/11/2024 17:45:56 0000016c] <DEBUG:1> TIMER: file C:\ProgramData\Doctor Web\DWS\dwfprn10.dws time 0 ms
[01/11/2024 17:45:56 0000016c] Url filter ignored (file name = dwfprn10.dws, type=porno, timestamp=2019-10-11 03:00:50)
[01/11/2024 17:45:56 0000016c] <DEBUG:1> trying url filter base file: C:\ProgramData\Doctor Web\DWS\dwfprn11.dws
[01/11/2024 17:45:56 0000016c] <DEBUG:1> TIMER: file C:\ProgramData\Doctor Web\DWS\dwfprn11.dws time 0 ms
[01/11/2024 17:45:56 0000016c] Url filter ignored (file name = dwfprn11.dws, type=porno, timestamp=2019-10-10 00:00:51)
[01/11/2024 17:45:56 0000016c] <DEBUG:1> trying url filter base file: C:\ProgramData\Doctor Web\DWS\dwfprn12.dws
[01/11/2024 17:45:56 0000016c] <DEBUG:1> TIMER: file C:\ProgramData\Doctor Web\DWS\dwfprn12.dws time 0 ms
[01/11/2024 17:45:56 0000016c] Url filter ignored (file name = dwfprn12.dws, type=porno, timestamp=2019-10-08 17:00:32)
[01/11/2024 17:45:56 0000016c] <DEBUG:1> trying url filter base file: C:\ProgramData\Doctor Web\DWS\dwfprn13.dws
[01/11/2024 17:45:56 0000016c] <DEBUG:1> TIMER: file C:\ProgramData\Doctor Web\DWS\dwfprn13.dws time 0 ms
[01/11/2024 17:45:56 0000016c] Url filter ignored (file name = dwfprn13.dws, type=porno, timestamp=2019-10-10 03:45:11)
[01/11/2024 17:45:56 0000016c] <DEBUG:1> trying url filter base file: C:\ProgramData\Doctor Web\DWS\dwfprn14.dws
[01/11/2024 17:45:56 0000016c] <DEBUG:1> TIMER: file C:\ProgramData\Doctor Web\DWS\dwfprn14.dws time 0 ms
[01/11/2024 17:45:56 0000016c] Url filter ignored (file name = dwfprn14.dws, type=porno, timestamp=2019-10-09 01:00:37)
[01/11/2024 17:45:56 0000016c] <DEBUG:1> trying url filter base file: C:\ProgramData\Doctor Web\DWS\dwfprn15.dws
[01/11/2024 17:45:56 0000016c] <DEBUG:1> TIMER: file C:\ProgramData\Doctor Web\DWS\dwfprn15.dws time 0 ms
[01/11/2024 17:45:56 0000016c] Url filter ignored (file name = dwfprn15.dws, type=porno, timestamp=2019-10-10 03:46:16)
[01/11/2024 17:45:56 0000016c] <DEBUG:1> trying url filter base file: C:\ProgramData\Doctor Web\DWS\dwfprn16.dws
[01/11/2024 17:45:56 0000016c] <DEBUG:1> TIMER: file C:\ProgramData\Doctor Web\DWS\dwfprn16.dws time 0 ms
[01/11/2024 17:45:56 0000016c] Url filter ignored (file name = dwfprn16.dws, type=porno, timestamp=2019-10-11 03:01:27)
[01/11/2024 17:45:56 0000016c] <DEBUG:1> trying url filter base file: C:\ProgramData\Doctor Web\DWS\dwfprn17.dws
[01/11/2024 17:45:56 0000016c] <DEBUG:1> TIMER: file C:\ProgramData\Doctor Web\DWS\dwfprn17.dws time 0 ms
[01/11/2024 17:45:56 0000016c] Url filter ignored (file name = dwfprn17.dws, type=porno, timestamp=2019-10-11 03:01:53)
[01/11/2024 17:45:56 0000016c] <DEBUG:1> trying url filter base file: C:\ProgramData\Doctor Web\DWS\dwfprn18.dws
[01/11/2024 17:45:56 0000016c] <DEBUG:1> TIMER: file C:\ProgramData\Doctor Web\DWS\dwfprn18.dws time 0 ms
[01/11/2024 17:45:56 0000016c] Url filter ignored (file name = dwfprn18.dws, type=porno, timestamp=2019-10-10 03:45:53)
[01/11/2024 17:45:56 0000016c] <DEBUG:1> trying url filter base file: C:\ProgramData\Doctor Web\DWS\dwfprn19.dws
[01/11/2024 17:45:56 0000016c] <DEBUG:1> TIMER: file C:\ProgramData\Doctor Web\DWS\dwfprn19.dws time 0 ms
[01/11/2024 17:45:56 0000016c] Url filter ignored (file name = dwfprn19.dws, type=porno, timestamp=2019-11-04 09:46:16)
[01/11/2024 17:45:56 0000016c] <DEBUG:1> trying url filter base file: C:\ProgramData\Doctor Web\DWS\dwfprn20.dws
[01/11/2024 17:45:56 0000016c] <DEBUG:1> TIMER: file C:\ProgramData\Doctor Web\DWS\dwfprn20.dws time 0 ms
[01/11/2024 17:45:56 0000016c] Url filter ignored (file name = dwfprn20.dws, type=porno, timestamp=2020-03-22 13:30:29)
[01/11/2024 17:45:56 0000016c] <DEBUG:1> trying url filter base file: C:\ProgramData\Doctor Web\DWS\dwfprn21.dws
[01/11/2024 17:45:56 0000016c] <DEBUG:1> TIMER: file C:\ProgramData\Doctor Web\DWS\dwfprn21.dws time 0 ms
[01/11/2024 17:45:56 0000016c] Url filter ignored (file name = dwfprn21.dws, type=porno, timestamp=2020-08-09 13:15:52)
[01/11/2024 17:45:56 0000016c] <DEBUG:1> trying url filter base file: C:\ProgramData\Doctor Web\DWS\dwfprn22.dws
[01/11/2024 17:45:56 0000016c] <DEBUG:1> TIMER: file C:\ProgramData\Doctor Web\DWS\dwfprn22.dws time 0 ms
[01/11/2024 17:45:56 0000016c] Url filter ignored (file name = dwfprn22.dws, type=porno, timestamp=2020-11-28 12:15:25)
[01/11/2024 17:45:56 0000016c] <DEBUG:1> trying url filter base file: C:\ProgramData\Doctor Web\DWS\dwfprn_addon.dws
[01/11/2024 17:45:56 0000016c] <DEBUG:1> TIMER: file C:\ProgramData\Doctor Web\DWS\dwfprn_addon.dws time 0 ms
[01/11/2024 17:45:56 0000016c] Url filter ignored (file name = dwfprn_addon.dws, type=porno, timestamp=2021-00-05 09:45:03)
[01/11/2024 17:45:56 0000016c] <DEBUG:1> trying url filter base file: C:\ProgramData\Doctor Web\DWS\dwfscl00.dws
[01/11/2024 17:45:56 0000016c] <DEBUG:1> TIMER: file C:\ProgramData\Doctor Web\DWS\dwfscl00.dws time 0 ms
[01/11/2024 17:45:56 0000016c] Url filter ignored (file name = dwfscl00.dws, type=socialnetwork, timestamp=2019-11-23 16:30:23)
[01/11/2024 17:45:56 0000016c] <DEBUG:1> trying url filter base file: C:\ProgramData\Doctor Web\DWS\dwfscl01.dws
[01/11/2024 17:45:56 0000016c] <DEBUG:1> TIMER: file C:\ProgramData\Doctor Web\DWS\dwfscl01.dws time 0 ms
[01/11/2024 17:45:56 0000016c] Url filter ignored (file name = dwfscl01.dws, type=socialnetwork, timestamp=2019-11-23 17:45:23)
[01/11/2024 17:45:56 0000016c] <DEBUG:1> trying url filter base file: C:\ProgramData\Doctor Web\DWS\dwfscl02.dws
[01/11/2024 17:45:56 0000016c] <DEBUG:1> TIMER: file C:\ProgramData\Doctor Web\DWS\dwfscl02.dws time 0 ms
[01/11/2024 17:45:56 0000016c] Url filter ignored (file name = dwfscl02.dws, type=socialnetwork, timestamp=2019-11-23 17:45:28)
[01/11/2024 17:45:56 0000016c] <DEBUG:1> trying url filter base file: C:\ProgramData\Doctor Web\DWS\dwfscl03.dws
[01/11/2024 17:45:56 0000016c] <DEBUG:1> TIMER: file C:\ProgramData\Doctor Web\DWS\dwfscl03.dws time 0 ms
[01/11/2024 17:45:56 0000016c] Url filter ignored (file name = dwfscl03.dws, type=socialnetwork, timestamp=2019-11-23 17:45:33)
[01/11/2024 17:45:56 0000016c] <DEBUG:1> trying url filter base file: C:\ProgramData\Doctor Web\DWS\dwfscl04.dws
[01/11/2024 17:45:56 0000016c] <DEBUG:1> TIMER: file C:\ProgramData\Doctor Web\DWS\dwfscl04.dws time 0 ms
[01/11/2024 17:45:56 0000016c] Url filter ignored (file name = dwfscl04.dws, type=socialnetwork, timestamp=2019-11-23 17:45:16)
[01/11/2024 17:45:56 0000016c] <DEBUG:1> trying url filter base file: C:\ProgramData\Doctor Web\DWS\dwfscl05.dws
[01/11/2024 17:45:56 0000016c] <DEBUG:1> TIMER: file C:\ProgramData\Doctor Web\DWS\dwfscl05.dws time 0 ms
[01/11/2024 17:45:56 0000016c] Url filter ignored (file name = dwfscl05.dws, type=socialnetwork, timestamp=2019-11-24 01:45:24)
[01/11/2024 17:45:56 0000016c] <DEBUG:1> trying url filter base file: C:\ProgramData\Doctor Web\DWS\dwfscl06.dws
[01/11/2024 17:45:56 0000016c] <DEBUG:1> TIMER: file C:\ProgramData\Doctor Web\DWS\dwfscl06.dws time 0 ms
[01/11/2024 17:45:56 0000016c] Url filter ignored (file name = dwfscl06.dws, type=socialnetwork, timestamp=2019-11-24 01:45:33)
[01/11/2024 17:45:56 0000016c] <DEBUG:1> trying url filter base file: C:\ProgramData\Doctor Web\DWS\dwfscl07.dws
[01/11/2024 17:45:56 0000016c] <DEBUG:1> TIMER: file C:\ProgramData\Doctor Web\DWS\dwfscl07.dws time 0 ms
[01/11/2024 17:45:56 0000016c] Url filter ignored (file name = dwfscl07.dws, type=socialnetwork, timestamp=2019-11-24 01:45:18)
[01/11/2024 17:45:56 0000016c] <DEBUG:1> trying url filter base file: C:\ProgramData\Doctor Web\DWS\dwfscl08.dws
[01/11/2024 17:45:56 0000016c] <DEBUG:1> TIMER: file C:\ProgramData\Doctor Web\DWS\dwfscl08.dws time 0 ms
[01/11/2024 17:45:56 0000016c] Url filter ignored (file name = dwfscl08.dws, type=socialnetwork, timestamp=2019-11-24 01:45:41)
[01/11/2024 17:45:56 0000016c] <DEBUG:1> trying url filter base file: C:\ProgramData\Doctor Web\DWS\dwfscl09.dws
[01/11/2024 17:45:56 0000016c] <DEBUG:1> TIMER: file C:\ProgramData\Doctor Web\DWS\dwfscl09.dws time 0 ms
[01/11/2024 17:45:56 0000016c] Url filter ignored (file name = dwfscl09.dws, type=socialnetwork, timestamp=2019-11-24 01:45:27)
[01/11/2024 17:45:56 0000016c] <DEBUG:1> trying url filter base file: C:\ProgramData\Doctor Web\DWS\dwfscl10.dws
[01/11/2024 17:45:56 0000016c] <DEBUG:1> TIMER: file C:\ProgramData\Doctor Web\DWS\dwfscl10.dws time 0 ms
[01/11/2024 17:45:56 0000016c] Url filter ignored (file name = dwfscl10.dws, type=socialnetwork, timestamp=2019-11-24 01:45:51)
[01/11/2024 17:45:56 0000016c] <DEBUG:1> trying url filter base file: C:\ProgramData\Doctor Web\DWS\dwfscl11.dws
[01/11/2024 17:45:56 0000016c] <DEBUG:1> TIMER: file C:\ProgramData\Doctor Web\DWS\dwfscl11.dws time 0 ms
[01/11/2024 17:45:56 0000016c] Url filter ignored (file name = dwfscl11.dws, type=socialnetwork, timestamp=2019-11-24 12:15:16)
[01/11/2024 17:45:56 0000016c] <DEBUG:1> trying url filter base file: C:\ProgramData\Doctor Web\DWS\dwfscl12.dws
[01/11/2024 17:45:56 0000016c] <DEBUG:1> TIMER: file C:\ProgramData\Doctor Web\DWS\dwfscl12.dws time 0 ms
[01/11/2024 17:45:56 0000016c] Url filter ignored (file name = dwfscl12.dws, type=socialnetwork, timestamp=2019-11-24 12:15:23)
[01/11/2024 17:45:56 0000016c] <DEBUG:1> trying url filter base file: C:\ProgramData\Doctor Web\DWS\dwfscl13.dws
[01/11/2024 17:45:56 0000016c] <DEBUG:1> TIMER: file C:\ProgramData\Doctor Web\DWS\dwfscl13.dws time 0 ms
[01/11/2024 17:45:56 0000016c] Url filter ignored (file name = dwfscl13.dws, type=socialnetwork, timestamp=2019-11-24 18:15:39)
[01/11/2024 17:45:56 0000016c] <DEBUG:1> trying url filter base file: C:\ProgramData\Doctor Web\DWS\dwfscl14.dws
[01/11/2024 17:45:56 0000016c] <DEBUG:1> TIMER: file C:\ProgramData\Doctor Web\DWS\dwfscl14.dws time 0 ms
[01/11/2024 17:45:56 0000016c] Url filter ignored (file name = dwfscl14.dws, type=socialnetwork, timestamp=2019-11-24 19:15:36)
[01/11/2024 17:45:56 0000016c] <DEBUG:1> trying url filter base file: C:\ProgramData\Doctor Web\DWS\dwfscl15.dws
[01/11/2024 17:45:56 0000016c] <DEBUG:1> TIMER: file C:\ProgramData\Doctor Web\DWS\dwfscl15.dws time 0 ms
[01/11/2024 17:45:56 0000016c] Url filter ignored (file name = dwfscl15.dws, type=socialnetwork, timestamp=2021-00-05 09:15:05)
[01/11/2024 17:45:56 0000016c] <DEBUG:1> trying url filter base file: C:\ProgramData\Doctor Web\DWS\dwfter00.dws
[01/11/2024 17:45:56 0000016c] <DEBUG:1> TIMER: file C:\ProgramData\Doctor Web\DWS\dwfter00.dws time 0 ms
[01/11/2024 17:45:56 0000016c] Url filter ignored (file name = dwfter00.dws, type=terrorism, timestamp=2019-04-20 17:15:14)
[01/11/2024 17:45:56 0000016c] <DEBUG:1> trying url filter base file: C:\ProgramData\Doctor Web\DWS\dwfvln00.dws
[01/11/2024 17:45:56 0000016c] <DEBUG:1> TIMER: file C:\ProgramData\Doctor Web\DWS\dwfvln00.dws time 0 ms
[01/11/2024 17:45:56 0000016c] Url filter ignored (file name = dwfvln00.dws, type=violence, timestamp=2011-11-01 09:31:02)
[01/11/2024 17:45:56 0000016c] <DEBUG:1> trying url filter base file: C:\ProgramData\Doctor Web\DWS\dwfvln01.dws
[01/11/2024 17:45:56 0000016c] <DEBUG:1> TIMER: file C:\ProgramData\Doctor Web\DWS\dwfvln01.dws time 0 ms
[01/11/2024 17:45:56 0000016c] Url filter ignored (file name = dwfvln01.dws, type=violence, timestamp=2020-09-26 16:15:04)
[01/11/2024 17:45:56 0000016c] <DEBUG:1> trying url filter base file: C:\ProgramData\Doctor Web\DWS\dwfwpn00.dws
[01/11/2024 17:45:56 0000016c] <DEBUG:1> TIMER: file C:\ProgramData\Doctor Web\DWS\dwfwpn00.dws time 0 ms
[01/11/2024 17:45:56 0000016c] Url filter ignored (file name = dwfwpn00.dws, type=weapon, timestamp=2020-09-26 16:15:05)
[01/11/2024 17:45:56 0000016c] <DEBUG:1> trying url filter base file: C:\ProgramData\Doctor Web\DWS\white_dwfanonym.dws
[01/11/2024 17:45:56 0000016c] <DEBUG:1> TIMER: file C:\ProgramData\Doctor Web\DWS\white_dwfanonym.dws time 0 ms
[01/11/2024 17:45:56 0000016c] Url filter ignored (file name = white_dwfanonym.dws, type=whitelist_anonymizer, timestamp=2019-03-22 18:15:06)
[01/11/2024 17:45:56 0000016c] <DEBUG:1> trying url filter base file: C:\ProgramData\Doctor Web\DWS\white_dwfcht.dws
[01/11/2024 17:45:56 0000016c] <DEBUG:1> TIMER: file C:\ProgramData\Doctor Web\DWS\white_dwfcht.dws time 0 ms
[01/11/2024 17:45:56 0000016c] Url filter ignored (file name = white_dwfcht.dws, type=whitelist_chats, timestamp=2019-03-22 18:15:06)
[01/11/2024 17:45:56 0000016c] <DEBUG:1> trying url filter base file: C:\ProgramData\Doctor Web\DWS\white_dwfdrg.dws
[01/11/2024 17:45:56 0000016c] <DEBUG:1> TIMER: file C:\ProgramData\Doctor Web\DWS\white_dwfdrg.dws time 0 ms
[01/11/2024 17:45:56 0000016c] Url filter ignored (file name = white_dwfdrg.dws, type=whitelist_drugs, timestamp=2020-07-04 07:15:14)
[01/11/2024 17:45:56 0000016c] <DEBUG:1> trying url filter base file: C:\ProgramData\Doctor Web\DWS\white_dwfeml.dws
[01/11/2024 17:45:56 0000016c] <DEBUG:1> TIMER: file C:\ProgramData\Doctor Web\DWS\white_dwfeml.dws time 0 ms
[01/11/2024 17:45:56 0000016c] Url filter ignored (file name = white_dwfeml.dws, type=whitelist_e-mail, timestamp=2019-03-22 18:15:06)
[01/11/2024 17:45:56 0000016c] <DEBUG:1> trying url filter base file: C:\ProgramData\Doctor Web\DWS\white_dwffse.dws
[01/11/2024 17:45:56 0000016c] <DEBUG:1> TIMER: file C:\ProgramData\Doctor Web\DWS\white_dwffse.dws time 0 ms
[01/11/2024 17:45:56 0000016c] Url exclude filter loaded (file name = white_dwffse.dws, type=whitelist_social_engineering, timestamp=2021-00-06 07:00:59)
[01/11/2024 17:45:56 0000016c] <DEBUG:1> trying url filter base file: C:\ProgramData\Doctor Web\DWS\white_dwfgml.dws
[01/11/2024 17:45:56 0000016c] <DEBUG:1> TIMER: file C:\ProgramData\Doctor Web\DWS\white_dwfgml.dws time 0 ms
[01/11/2024 17:45:56 0000016c] Url filter ignored (file name = white_dwfgml.dws, type=whitelist_gamble, timestamp=2020-11-22 10:00:14)
[01/11/2024 17:45:56 0000016c] <DEBUG:1> trying url filter base file: C:\ProgramData\Doctor Web\DWS\white_dwfminers.dws
[01/11/2024 17:45:56 0000016c] <DEBUG:1> TIMER: file C:\ProgramData\Doctor Web\DWS\white_dwfminers.dws time 0 ms
[01/11/2024 17:45:56 0000016c] Url filter ignored (file name = white_dwfminers.dws, type=whitelist_miners, timestamp=2018-04-31 07:00:08)
[01/11/2024 17:45:56 0000016c] <DEBUG:1> trying url filter base file: C:\ProgramData\Doctor Web\DWS\white_dwfmlw.dws
[01/11/2024 17:45:56 0000016c] <DEBUG:1> TIMER: file C:\ProgramData\Doctor Web\DWS\white_dwfmlw.dws time 0 ms
[01/11/2024 17:45:56 0000016c] Url exclude filter loaded (file name = white_dwfmlw.dws, type=whitelist_malware, timestamp=2021-00-05 07:30:52)
[01/11/2024 17:45:56 0000016c] <DEBUG:1> trying url filter base file: C:\ProgramData\Doctor Web\DWS\white_dwfobs.dws
[01/11/2024 17:45:56 0000016c] <DEBUG:1> TIMER: file C:\ProgramData\Doctor Web\DWS\white_dwfobs.dws time 0 ms
[01/11/2024 17:45:56 0000016c] Url filter ignored (file name = white_dwfobs.dws, type=whitelist_obscenity, timestamp=2019-03-22 18:15:06)
[01/11/2024 17:45:56 0000016c] <DEBUG:1> trying url filter base file: C:\ProgramData\Doctor Web\DWS\white_dwfogm.dws
[01/11/2024 17:45:56 0000016c] <DEBUG:1> TIMER: file C:\ProgramData\Doctor Web\DWS\white_dwfogm.dws time 0 ms
[01/11/2024 17:45:56 0000016c] Url filter ignored (file name = white_dwfogm.dws, type=whitelist_online_games, timestamp=2019-03-22 18:15:06)
[01/11/2024 17:45:56 0000016c] <DEBUG:1> trying url filter base file: C:\ProgramData\Doctor Web\DWS\white_dwfprc.dws
[01/11/2024 17:45:56 0000016c] <DEBUG:1> TIMER: file C:\ProgramData\Doctor Web\DWS\white_dwfprc.dws time 0 ms
[01/11/2024 17:45:56 0000016c] Url exclude filter loaded (file name = white_dwfprc.dws, type=whitelist_piracy, timestamp=2020-09-29 07:45:21)
[01/11/2024 17:45:56 0000016c] <DEBUG:1> trying url filter base file: C:\ProgramData\Doctor Web\DWS\white_dwfprn.dws
[01/11/2024 17:45:56 0000016c] <DEBUG:1> TIMER: file C:\ProgramData\Doctor Web\DWS\white_dwfprn.dws time 0 ms
[01/11/2024 17:45:56 0000016c] Url filter ignored (file name = white_dwfprn.dws, type=whitelist_porno, timestamp=2020-11-29 07:00:03)
[01/11/2024 17:45:56 0000016c] <DEBUG:1> trying url filter base file: C:\ProgramData\Doctor Web\DWS\white_dwfscl.dws
[01/11/2024 17:45:56 0000016c] <DEBUG:1> TIMER: file C:\ProgramData\Doctor Web\DWS\white_dwfscl.dws time 0 ms
[01/11/2024 17:45:56 0000016c] Url filter ignored (file name = white_dwfscl.dws, type=whitelist_socialnetwork, timestamp=2020-09-25 08:00:04)
[01/11/2024 17:45:56 0000016c] <DEBUG:1> trying url filter base file: C:\ProgramData\Doctor Web\DWS\white_dwfter.dws
[01/11/2024 17:45:56 0000016c] <DEBUG:1> TIMER: file C:\ProgramData\Doctor Web\DWS\white_dwfter.dws time 0 ms
[01/11/2024 17:45:56 0000016c] Url filter ignored (file name = white_dwfter.dws, type=whitelist_terrorism, timestamp=2019-03-22 18:15:06)
[01/11/2024 17:45:56 0000016c] <DEBUG:1> trying url filter base file: C:\ProgramData\Doctor Web\DWS\white_dwfvln.dws
[01/11/2024 17:45:56 0000016c] <DEBUG:1> TIMER: file C:\ProgramData\Doctor Web\DWS\white_dwfvln.dws time 0 ms
[01/11/2024 17:45:56 0000016c] Url filter ignored (file name = white_dwfvln.dws, type=whitelist_violence, timestamp=2019-03-22 18:15:06)
[01/11/2024 17:45:56 0000016c] <DEBUG:1> trying url filter base file: C:\ProgramData\Doctor Web\DWS\white_dwfwpn.dws
[01/11/2024 17:45:56 0000016c] <DEBUG:1> TIMER: file C:\ProgramData\Doctor Web\DWS\white_dwfwpn.dws time 0 ms
[01/11/2024 17:45:56 0000016c] Url filter ignored (file name = white_dwfwpn.dws, type=whitelist_weapon, timestamp=2020-04-29 07:15:04)
[01/11/2024 17:45:56 0000016c] <DEBUG:1> TIMER: total 53 ms loading 44 ms
[01/06/2023 17:46:34 000003d8] <DEBUG:1> Config update 00000019 00000002
[01/06/2023 17:46:34 000003d8] LogLevelMail = 1
[01/06/2023 17:46:34 000003d8] LogLevelHttp = 1
[01/06/2023 17:46:34 000003d8] CheckIncoming = Yes
[01/06/2023 17:46:34 000003d8] CheckOutgoing = No
[01/06/2023 17:46:34 000003d8] CheckArchives = No
[01/06/2023 17:46:34 000003d8] CheckContainners = No
[01/06/2023 17:46:34 000003d8] CheckIM = Yes
[01/06/2023 17:46:34 000003d8] SpeedBalance = 125
[01/06/2023 17:46:34 000003d8] BlockMalwareUrls = Yes
[01/06/2023 17:46:34 000003d8] BlockScamAndFraud = Yes
[01/06/2023 17:46:34 000003d8] BlockPiracy = Yes
[01/06/2023 17:46:34 000003d8] BlockAdware = Yes
[01/06/2023 17:46:34 000003d8] BlockDialers = Yes
[01/06/2023 17:46:34 000003d8] BlockRiskware = No
[01/06/2023 17:46:34 000003d8] BlockHacktools = No
[01/06/2023 17:46:34 000003d8] BlockJokes = No
[01/06/2023 17:46:34 000003d8] BlockSuspicious = Yes
[01/06/2023 17:46:34 000003d8] BlockNotChecked = No
[01/06/2023 17:46:34 000003d8] BlockMalformed = No
[01/06/2023 17:46:34 000003d8] ProxyPort = 0
[01/06/2023 17:46:34 000003d8] ChainProxyAddr = ""
[01/06/2023 17:46:34 000003d8] ChainProxyPort = 0
[01/06/2023 17:46:34 000003d8] QueryDNSWhenProxy = Yes
[01/06/2023 17:46:34 000003d8] UrlFilter = No
[01/06/2023 17:46:34 000003d8] BlockSites = No
[01/06/2023 17:46:34 000003d8] SafeSearch = Yes
[01/06/2023 17:46:34 000003d8] ProfileEnabled = Yes
[01/06/2023 17:46:34 000003d8] OfficeControl = No
[01/06/2023 17:46:34 000003d8] LngFileName = "ru-drweb.dwl"
[01/06/2023 17:46:34 000003d8] ParentalControlInstalled = Yes
[01/06/2023 17:46:34 000003d8] ActionInfected = 1
[01/06/2023 17:46:34 000003d8] ActionIncurable = 2
[01/06/2023 17:46:34 000003d8] ActionSuspicious = 2
[01/06/2023 17:46:34 000003d8] ActionNotChecked = 8
[01/06/2023 17:46:34 000003d8] ActionMalformed = 8
[01/06/2023 17:46:34 000003d8] ActionAdware = 2
[01/06/2023 17:46:34 000003d8] ActionDialers = 2
[01/06/2023 17:46:34 000003d8] ActionRiskware = 8
[01/06/2023 17:46:34 000003d8] ActionHacktools = 8
[01/06/2023 17:46:34 000003d8] ActionJokes = 8
[01/06/2023 17:46:34 000003d8] HeuristicAnalysis = Yes
[01/06/2023 17:46:34 000003d8] VirusActivityControl = Yes
[01/06/2023 17:46:34 000003d8] CheckArchivesMail = No
[01/06/2023 17:46:34 000003d8] CheckContainersMail = No
[01/06/2023 17:46:34 000003d8] InsertXAntiVirus = Yes
[01/06/2023 17:46:34 000003d8] DeleteMessagesOnServer = No
[01/06/2023 17:46:34 000003d8] MessageScanTimeout = 250
[01/06/2023 17:46:34 000003d8] MaxFileSizeToExtract = 30720
[01/06/2023 17:46:34 000003d8] MaxCompressionRatio = 0
[01/06/2023 17:46:34 000003d8] MaxArchiveLevel = 64
[01/06/2023 17:46:34 000003d8] CheckSpam = Yes
[01/06/2023 17:46:34 000003d8] SpamAllowCyrillic = Yes
[01/06/2023 17:46:34 000003d8] SpamAllowCJK = Yes
[01/06/2023 17:46:34 000003d8] AddSpamSubj = Yes
[01/06/2023 17:46:34 000003d8] SpamSubj = "[SPAM]"
[01/06/2023 17:46:34 000003d8] SSL = No
[01/06/2023 17:46:34 000003d8] CertificateSubject = "0 Dr.Web for Windows"
[01/06/2023 17:46:34 000003d8] CertificateHash = ""
[01/06/2023 17:46:34 000003d8] UseProfiles = Yes
[01/06/2023 17:46:34 000003d8] Parental Control profiles = 0
[01/06/2023 17:46:34 000003d8]     SID = ""
[01/06/2023 17:46:34 000003d8]         UrlFilter = No
[01/06/2023 17:46:34 000003d8]         BlockSites = No
[01/06/2023 17:46:34 000003d8]         SafeSearch = Yes
[01/06/2023 17:46:34 000003d8]         ProfileEnabled = Yes
[01/06/2023 17:46:34 000003d8]         \settings\ParentalControl\BlockPorno = Yes
[01/06/2023 17:46:34 000003d8]         \settings\ParentalControl\BlockViolence = Yes
[01/06/2023 17:46:34 000003d8]         \settings\ParentalControl\BlockWeapon = Yes
[01/06/2023 17:46:34 000003d8]         \settings\ParentalControl\BlockGamble = Yes
[01/06/2023 17:46:34 000003d8]         \settings\ParentalControl\BlockDrugs = Yes
[01/06/2023 17:46:34 000003d8]         \settings\ParentalControl\BlockObscenity = Yes
[01/06/2023 17:46:34 000003d8]         \settings\ParentalControl\BlockChats = No
[01/06/2023 17:46:34 000003d8]         \settings\ParentalControl\BlockTerrorism = Yes
[01/06/2023 17:46:34 000003d8]         \settings\ParentalControl\BlockE_Mail = No
[01/06/2023 17:46:34 000003d8]         \settings\ParentalControl\BlockSocialNetwork = No
[01/06/2023 17:46:34 000003d8]         \settings\ParentalControl\BlockOnlineGames = No
[01/06/2023 17:46:34 000003d8]         \settings\ParentalControl\BlockAnonymizers = No
[01/06/2023 17:46:34 000003d8]         \settings\ParentalControl\BlockMiners = No
[01/06/2023 17:46:34 000003d8]         ProfileAccessMode = 0
[01/06/2023 17:46:34 000003d8]         InternetAccess[sun] = "111111111111111111111111111111111111111111111111"
[01/06/2023 17:46:34 000003d8]         InternetAccess[mon] = "111111111111111111111111111111111111111111111111"
[01/06/2023 17:46:34 000003d8]         InternetAccess[tue] = "111111111111111111111111111111111111111111111111"
[01/06/2023 17:46:34 000003d8]         InternetAccess[wed] = "111111111111111111111111111111111111111111111111"
[01/06/2023 17:46:34 000003d8]         InternetAccess[thu] = "111111111111111111111111111111111111111111111111"
[01/06/2023 17:46:34 000003d8]         InternetAccess[fri] = "111111111111111111111111111111111111111111111111"
[01/06/2023 17:46:34 000003d8]         InternetAccess[sat] = "111111111111111111111111111111111111111111111111"
[01/06/2023 17:46:34 000003d8]         LogonAccess[sun] = "111111111111111111111111111111111111111111111111"
[01/06/2023 17:46:34 000003d8]         LogonAccess[mon] = "111111111111111111111111111111111111111111111111"
[01/06/2023 17:46:34 000003d8]         LogonAccess[tue] = "111111111111111111111111111111111111111111111111"
[01/06/2023 17:46:34 000003d8]         LogonAccess[wed] = "111111111111111111111111111111111111111111111111"
[01/06/2023 17:46:34 000003d8]         LogonAccess[thu] = "111111111111111111111111111111111111111111111111"
[01/06/2023 17:46:34 000003d8]         LogonAccess[fri] = "111111111111111111111111111111111111111111111111"
[01/06/2023 17:46:34 000003d8]         LogonAccess[sat] = "111111111111111111111111111111111111111111111111"
[01/06/2023 17:46:34 000003d8]         DayLimitWorkdays.enabled = No
[01/06/2023 17:46:34 000003d8]         DayLimitWorkdays.limit = 10800
[01/06/2023 17:46:34 000003d8]         DayLimitWeekend.enabled = No
[01/06/2023 17:46:34 000003d8]         DayLimitWeekend.limit = 10800
[01/06/2023 17:46:34 000003d8]         NightLimitWorkdays.enabled = No
[01/06/2023 17:46:34 000003d8]         NightLimitWorkdays.start = 82800
[01/06/2023 17:46:34 000003d8]         NightLimitWorkdays.end = 25200
[01/06/2023 17:46:34 000003d8]         NightLimitWeekend.enabled = No
[01/06/2023 17:46:34 000003d8]         NightLimitWeekend.start = 82800
[01/06/2023 17:46:34 000003d8]         NightLimitWeekend.end = 25200
[01/06/2023 17:46:34 000003d8] UseCloud = Yes
[01/06/2023 17:46:34 000003d8] SpiderMail is enabled, license ok
[01/06/2023 17:46:34 000003d8] SpiderGate is enabled, license ok
[01/06/2023 17:46:34 000003d8] ParentalControl is enabled
[01/06/2023 17:46:34 000003d8] Antispam license ok
[01/06/2023 17:46:43 00000780] Service shutdown received
[01/06/2023 17:46:43 00000768] <DEBUG:1> Managed shutdown started.
[01/06/2023 17:46:43 00000768] <DEBUG:1> Closing driver accept threads...
[01/06/2023 17:46:43 00000768] <DEBUG:1> Closing connections...
[01/06/2023 17:46:43 00000768] <DEBUG:1> Detaching config...
[01/06/2023 17:46:43 00000768] <DEBUG:1> Reporting service as stopped...
[01/06/2023 17:46:43 00000768] <DEBUG:1> Managed shutdown completed. Global objects are to be destroyed.

=============================================================================
DrWeb Net Filtering Service for Windows Workstations v11.5.4.02210
Copyright (c) Doctor Web, Ltd., 1992-2020
Operating System: Windows 10 Starter x64/native (Build 19045)
Command line: "C:\Program Files\DrWeb\dwnetfilter.exe" --ats
=============================================================================
[01/06/2023 17:47:16 000017d4] WFP driver i0.0 v11.1.10.09130
[01/06/2023 17:47:16 000017d4] WFP server created
[01/06/2023 17:47:16 000017dc] Service: new standalone
[01/06/2023 17:47:16 000017d4] <DEBUG:1> Config update 00000019 00000047
[01/06/2023 17:47:16 000017d4] LogLevelMail = 1
[01/06/2023 17:47:16 000017d4] LogLevelHttp = 1
[01/06/2023 17:47:16 000017d4] CheckIncoming = Yes
[01/06/2023 17:47:16 000017d4] CheckOutgoing = No
[01/06/2023 17:47:16 000017d4] CheckArchives = No
[01/06/2023 17:47:16 000017d4] CheckContainners = No
[01/06/2023 17:47:16 000017d4] CheckIM = Yes
[01/06/2023 17:47:16 000017d4] SpeedBalance = 125
[01/06/2023 17:47:16 000017d4] BlockMalwareUrls = Yes
[01/06/2023 17:47:16 000017d4] BlockScamAndFraud = Yes
[01/06/2023 17:47:16 000017d4] BlockPiracy = Yes
[01/06/2023 17:47:16 000017d4] BlockAdware = Yes
[01/06/2023 17:47:16 000017d4] BlockDialers = Yes
[01/06/2023 17:47:16 000017d4] BlockRiskware = No
[01/06/2023 17:47:16 000017d4] BlockHacktools = No
[01/06/2023 17:47:16 000017d4] BlockJokes = No
[01/06/2023 17:47:16 000017d4] BlockSuspicious = Yes
[01/06/2023 17:47:16 000017d4] BlockNotChecked = No
[01/06/2023 17:47:16 000017d4] BlockMalformed = No
[01/06/2023 17:47:16 000017d4] ProxyPort = 0
[01/06/2023 17:47:16 000017d4] ChainProxyAddr = ""
[01/06/2023 17:47:16 000017d4] ChainProxyPort = 0
[01/06/2023 17:47:16 000017d4] QueryDNSWhenProxy = Yes
[01/06/2023 17:47:16 000017d4] UrlFilter = No
[01/06/2023 17:47:16 000017d4] BlockSites = No
[01/06/2023 17:47:16 000017d4] SafeSearch = Yes
[01/06/2023 17:47:16 000017d4] ProfileEnabled = Yes
[01/06/2023 17:47:16 000017d4] OfficeControl = No
[01/06/2023 17:47:16 000017d4] LngFileName = "ru-drweb.dwl"
[01/06/2023 17:47:16 000017d4] ParentalControlInstalled = Yes
[01/06/2023 17:47:16 000017d4] ActionInfected = 1
[01/06/2023 17:47:16 000017d4] ActionIncurable = 2
[01/06/2023 17:47:16 000017d4] ActionSuspicious = 2
[01/06/2023 17:47:16 000017d4] ActionNotChecked = 8
[01/06/2023 17:47:16 000017d4] ActionMalformed = 8
[01/06/2023 17:47:16 000017d4] ActionAdware = 2
[01/06/2023 17:47:16 000017d4] ActionDialers = 2
[01/06/2023 17:47:16 000017d4] ActionRiskware = 8
[01/06/2023 17:47:16 000017d4] ActionHacktools = 8
[01/06/2023 17:47:16 000017d4] ActionJokes = 8
[01/06/2023 17:47:16 000017d4] HeuristicAnalysis = Yes
[01/06/2023 17:47:16 000017d4] VirusActivityControl = Yes
[01/06/2023 17:47:16 000017d4] CheckArchivesMail = No
[01/06/2023 17:47:16 000017d4] CheckContainersMail = No
[01/06/2023 17:47:16 000017d4] InsertXAntiVirus = Yes
[01/06/2023 17:47:16 000017d4] DeleteMessagesOnServer = No
[01/06/2023 17:47:16 000017d4] MessageScanTimeout = 250
[01/06/2023 17:47:16 000017d4] MaxFileSizeToExtract = 30720
[01/06/2023 17:47:16 000017d4] MaxCompressionRatio = 0
[01/06/2023 17:47:16 000017d4] MaxArchiveLevel = 64
[01/06/2023 17:47:16 000017d4] CheckSpam = Yes
[01/06/2023 17:47:16 000017d4] SpamAllowCyrillic = Yes
[01/06/2023 17:47:16 000017d4] SpamAllowCJK = Yes
[01/06/2023 17:47:16 000017d4] AddSpamSubj = Yes
[01/06/2023 17:47:16 000017d4] SpamSubj = "[SPAM]"
[01/06/2023 17:47:16 000017d4] SSL = No
[01/06/2023 17:47:16 000017d4] CertificateSubject = "0 Dr.Web for Windows"
[01/06/2023 17:47:16 000017d4] CertificateHash = ""
[01/06/2023 17:47:16 000017d4] UseProfiles = Yes
[01/06/2023 17:47:16 000017d4] Parental Control profiles = 0
[01/06/2023 17:47:16 000017d4]     SID = ""
[01/06/2023 17:47:16 000017d4]         UrlFilter = No
[01/06/2023 17:47:16 000017d4]         BlockSites = No
[01/06/2023 17:47:16 000017d4]         SafeSearch = Yes
[01/06/2023 17:47:16 000017d4]         ProfileEnabled = Yes
[01/06/2023 17:47:16 000017d4]         \settings\ParentalControl\BlockPorno = Yes
[01/06/2023 17:47:16 000017d4]         \settings\ParentalControl\BlockViolence = Yes
[01/06/2023 17:47:16 000017d4]         \settings\ParentalControl\BlockWeapon = Yes
[01/06/2023 17:47:16 000017d4]         \settings\ParentalControl\BlockGamble = Yes
[01/06/2023 17:47:16 000017d4]         \settings\ParentalControl\BlockDrugs = Yes
[01/06/2023 17:47:16 000017d4]         \settings\ParentalControl\BlockObscenity = Yes
[01/06/2023 17:47:16 000017d4]         \settings\ParentalControl\BlockChats = No
[01/06/2023 17:47:16 000017d4]         \settings\ParentalControl\BlockTerrorism = Yes
[01/06/2023 17:47:16 000017d4]         \settings\ParentalControl\BlockE_Mail = No
[01/06/2023 17:47:16 000017d4]         \settings\ParentalControl\BlockSocialNetwork = No
[01/06/2023 17:47:16 000017d4]         \settings\ParentalControl\BlockOnlineGames = No
[01/06/2023 17:47:16 000017d4]         \settings\ParentalControl\BlockAnonymizers = No
[01/06/2023 17:47:16 000017d4]         \settings\ParentalControl\BlockMiners = No
[01/06/2023 17:47:16 000017d4]         ProfileAccessMode = 0
[01/06/2023 17:47:16 000017d4]         InternetAccess[sun] = "111111111111111111111111111111111111111111111111"
[01/06/2023 17:47:16 000017d4]         InternetAccess[mon] = "111111111111111111111111111111111111111111111111"
[01/06/2023 17:47:16 000017d4]         InternetAccess[tue] = "111111111111111111111111111111111111111111111111"
[01/06/2023 17:47:16 000017d4]         InternetAccess[wed] = "111111111111111111111111111111111111111111111111"
[01/06/2023 17:47:16 000017d4]         InternetAccess[thu] = "111111111111111111111111111111111111111111111111"
[01/06/2023 17:47:16 000017d4]         InternetAccess[fri] = "111111111111111111111111111111111111111111111111"
[01/06/2023 17:47:16 000017d4]         InternetAccess[sat] = "111111111111111111111111111111111111111111111111"
[01/06/2023 17:47:16 000017d4]         LogonAccess[sun] = "111111111111111111111111111111111111111111111111"
[01/06/2023 17:47:16 000017d4]         LogonAccess[mon] = "111111111111111111111111111111111111111111111111"
[01/06/2023 17:47:16 000017d4]         LogonAccess[tue] = "111111111111111111111111111111111111111111111111"
[01/06/2023 17:47:16 000017d4]         LogonAccess[wed] = "111111111111111111111111111111111111111111111111"
[01/06/2023 17:47:16 000017d4]         LogonAccess[thu] = "111111111111111111111111111111111111111111111111"
[01/06/2023 17:47:16 000017d4]         LogonAccess[fri] = "111111111111111111111111111111111111111111111111"
[01/06/2023 17:47:16 000017d4]         LogonAccess[sat] = "111111111111111111111111111111111111111111111111"
[01/06/2023 17:47:16 000017d4]         DayLimitWorkdays.enabled = No
[01/06/2023 17:47:16 000017d4]         DayLimitWorkdays.limit = 10800
[01/06/2023 17:47:16 000017d4]         DayLimitWeekend.enabled = No
[01/06/2023 17:47:16 000017d4]         DayLimitWeekend.limit = 10800
[01/06/2023 17:47:16 000017d4]         NightLimitWorkdays.enabled = No
[01/06/2023 17:47:16 000017d4]         NightLimitWorkdays.start = 82800
[01/06/2023 17:47:16 000017d4]         NightLimitWorkdays.end = 25200
[01/06/2023 17:47:16 000017d4]         NightLimitWeekend.enabled = No
[01/06/2023 17:47:16 000017d4]         NightLimitWeekend.start = 82800
[01/06/2023 17:47:16 000017d4]         NightLimitWeekend.end = 25200
[01/06/2023 17:47:16 000017d4] UseCloud = Yes
[01/06/2023 17:47:16 000017d4] SpiderMail is enabled, license ok
[01/06/2023 17:47:16 000017d4] SpiderGate is enabled, license ok
[01/06/2023 17:47:16 000017d4] ParentalControl is enabled
[01/06/2023 17:47:16 000017d4] Antispam license ok
[01/06/2023 17:47:16 000017c8] Loading the predefined URL-filter lists from C:\ProgramData\Doctor Web\DWS\
[01/06/2023 17:47:16 000017c8] <DEBUG:1> trying url filter base file: C:\ProgramData\Doctor Web\DWS\dwfanonym00.dws
[01/06/2023 17:47:16 000017c8] <DEBUG:1> TIMER: file C:\ProgramData\Doctor Web\DWS\dwfanonym00.dws time 0 ms
[01/06/2023 17:47:16 000017c8] Url filter ignored (file name = dwfanonym00.dws, type=anonymizer, timestamp=2020-07-07 15:45:23)
[01/06/2023 17:47:16 000017c8] <DEBUG:1> trying url filter base file: C:\ProgramData\Doctor Web\DWS\dwfcht00.dws
[01/06/2023 17:47:16 000017c8] <DEBUG:1> TIMER: file C:\ProgramData\Doctor Web\DWS\dwfcht00.dws time 0 ms
[01/06/2023 17:47:16 000017c8] Url filter ignored (file name = dwfcht00.dws, type=chats, timestamp=2020-11-23 13:00:08)
[01/06/2023 17:47:16 000017c8] <DEBUG:1> trying url filter base file: C:\ProgramData\Doctor Web\DWS\dwfdrg00.dws
[01/06/2023 17:47:16 000017c8] <DEBUG:1> TIMER: file C:\ProgramData\Doctor Web\DWS\dwfdrg00.dws time 0 ms
[01/06/2023 17:47:16 000017c8] Url filter ignored (file name = dwfdrg00.dws, type=drugs, timestamp=2020-11-29 10:30:30)
[01/06/2023 17:47:16 000017c8] <DEBUG:1> trying url filter base file: C:\ProgramData\Doctor Web\DWS\dwfeml00.dws
[01/06/2023 17:47:16 000017c8] <DEBUG:1> TIMER: file C:\ProgramData\Doctor Web\DWS\dwfeml00.dws time 0 ms
[01/06/2023 17:47:16 000017c8] Url filter ignored (file name = dwfeml00.dws, type=e-mail, timestamp=2018-11-29 07:02:12)
[01/06/2023 17:47:16 000017c8] <DEBUG:1> trying url filter base file: C:\ProgramData\Doctor Web\DWS\dwffse00.dws
[01/06/2023 17:47:16 000017c8] <DEBUG:1> TIMER: file C:\ProgramData\Doctor Web\DWS\dwffse00.dws time 0 ms
[01/06/2023 17:47:16 000017c8] Url filter loaded (file name = dwffse00.dws, type=social_engineering, timestamp=2019-11-24 19:30:31)
[01/06/2023 17:47:16 000017c8] <DEBUG:1> trying url filter base file: C:\ProgramData\Doctor Web\DWS\dwffse01.dws
[01/06/2023 17:47:16 000017c8] <DEBUG:1> TIMER: file C:\ProgramData\Doctor Web\DWS\dwffse01.dws time 6 ms
[01/06/2023 17:47:16 000017c8] Url filter loaded (file name = dwffse01.dws, type=social_engineering, timestamp=2020-10-18 14:49:43)
[01/06/2023 17:47:16 000017c8] <DEBUG:1> trying url filter base file: C:\ProgramData\Doctor Web\DWS\dwffse02.dws
[01/06/2023 17:47:16 000017c8] <DEBUG:1> TIMER: file C:\ProgramData\Doctor Web\DWS\dwffse02.dws time 1 ms
[01/06/2023 17:47:16 000017c8] Url filter loaded (file name = dwffse02.dws, type=social_engineering, timestamp=2019-11-19 17:45:10)
[01/06/2023 17:47:16 000017c8] <DEBUG:1> trying url filter base file: C:\ProgramData\Doctor Web\DWS\dwffse03.dws
[01/06/2023 17:47:16 000017c8] <DEBUG:1> TIMER: file C:\ProgramData\Doctor Web\DWS\dwffse03.dws time 0 ms
[01/06/2023 17:47:16 000017c8] Url filter loaded (file name = dwffse03.dws, type=social_engineering, timestamp=2019-11-19 17:45:20)
[01/06/2023 17:47:16 000017c8] <DEBUG:1> trying url filter base file: C:\ProgramData\Doctor Web\DWS\dwffse04.dws
[01/06/2023 17:47:16 000017c8] <DEBUG:1> TIMER: file C:\ProgramData\Doctor Web\DWS\dwffse04.dws time 0 ms
[01/06/2023 17:47:16 000017c8] Url filter loaded (file name = dwffse04.dws, type=social_engineering, timestamp=2019-11-19 15:15:52)
[01/06/2023 17:47:16 000017c8] <DEBUG:1> trying url filter base file: C:\ProgramData\Doctor Web\DWS\dwffse05.dws
[01/06/2023 17:47:16 000017c8] <DEBUG:1> TIMER: file C:\ProgramData\Doctor Web\DWS\dwffse05.dws time 0 ms
[01/06/2023 17:47:16 000017c8] Url filter loaded (file name = dwffse05.dws, type=social_engineering, timestamp=2020-09-12 17:00:31)
[01/06/2023 17:47:16 000017c8] <DEBUG:1> trying url filter base file: C:\ProgramData\Doctor Web\DWS\dwffse06.dws
[01/06/2023 17:47:16 000017c8] <DEBUG:1> TIMER: file C:\ProgramData\Doctor Web\DWS\dwffse06.dws time 0 ms
[01/06/2023 17:47:16 000017c8] Url filter loaded (file name = dwffse06.dws, type=social_engineering, timestamp=2020-09-21 15:15:35)
[01/06/2023 17:47:16 000017c8] <DEBUG:1> trying url filter base file: C:\ProgramData\Doctor Web\DWS\dwffse07.dws
[01/06/2023 17:47:16 000017c8] <DEBUG:1> TIMER: file C:\ProgramData\Doctor Web\DWS\dwffse07.dws time 0 ms
[01/06/2023 17:47:16 000017c8] Url filter loaded (file name = dwffse07.dws, type=social_engineering, timestamp=2020-07-07 10:00:35)
[01/06/2023 17:47:16 000017c8] <DEBUG:1> trying url filter base file: C:\ProgramData\Doctor Web\DWS\dwffse08.dws
[01/06/2023 17:47:16 000017c8] <DEBUG:1> TIMER: file C:\ProgramData\Doctor Web\DWS\dwffse08.dws time 0 ms
[01/06/2023 17:47:16 000017c8] Url filter loaded (file name = dwffse08.dws, type=social_engineering, timestamp=2020-09-19 10:15:37)
[01/06/2023 17:47:16 000017c8] <DEBUG:1> trying url filter base file: C:\ProgramData\Doctor Web\DWS\dwffse09.dws
[01/06/2023 17:47:16 000017c8] <DEBUG:1> TIMER: file C:\ProgramData\Doctor Web\DWS\dwffse09.dws time 0 ms
[01/06/2023 17:47:16 000017c8] Url filter loaded (file name = dwffse09.dws, type=social_engineering, timestamp=2020-11-25 13:00:23)
[01/06/2023 17:47:16 000017c8] <DEBUG:1> trying url filter base file: C:\ProgramData\Doctor Web\DWS\dwffse_addon.dws
[01/06/2023 17:47:16 000017c8] <DEBUG:1> TIMER: file C:\ProgramData\Doctor Web\DWS\dwffse_addon.dws time 0 ms
[01/06/2023 17:47:16 000017c8] Url filter loaded (file name = dwffse_addon.dws, type=social_engineering, timestamp=2021-00-04 09:15:04)
[01/06/2023 17:47:16 000017c8] <DEBUG:1> trying url filter base file: C:\ProgramData\Doctor Web\DWS\dwfgml00.dws
[01/06/2023 17:47:16 000017c8] <DEBUG:1> TIMER: file C:\ProgramData\Doctor Web\DWS\dwfgml00.dws time 0 ms
[01/06/2023 17:47:16 000017c8] Url filter ignored (file name = dwfgml00.dws, type=gamble, timestamp=2019-11-22 03:45:37)
[01/06/2023 17:47:16 000017c8] <DEBUG:1> trying url filter base file: C:\ProgramData\Doctor Web\DWS\dwfgml01.dws
[01/06/2023 17:47:16 000017c8] <DEBUG:1> TIMER: file C:\ProgramData\Doctor Web\DWS\dwfgml01.dws time 0 ms
[01/06/2023 17:47:16 000017c8] Url filter ignored (file name = dwfgml01.dws, type=gamble, timestamp=2019-11-21 15:00:08)
[01/06/2023 17:47:16 000017c8] <DEBUG:1> trying url filter base file: C:\ProgramData\Doctor Web\DWS\dwfgml02.dws
[01/06/2023 17:47:16 000017c8] <DEBUG:1> TIMER: file C:\ProgramData\Doctor Web\DWS\dwfgml02.dws time 0 ms
[01/06/2023 17:47:16 000017c8] Url filter ignored (file name = dwfgml02.dws, type=gamble, timestamp=2019-11-20 17:45:14)
[01/06/2023 17:47:16 000017c8] <DEBUG:1> trying url filter base file: C:\ProgramData\Doctor Web\DWS\dwfgml03.dws
[01/06/2023 17:47:16 000017c8] <DEBUG:1> TIMER: file C:\ProgramData\Doctor Web\DWS\dwfgml03.dws time 0 ms
[01/06/2023 17:47:16 000017c8] Url filter ignored (file name = dwfgml03.dws, type=gamble, timestamp=2019-11-21 09:01:41)
[01/06/2023 17:47:16 000017c8] <DEBUG:1> trying url filter base file: C:\ProgramData\Doctor Web\DWS\dwfgml04.dws
[01/06/2023 17:47:16 000017c8] <DEBUG:1> TIMER: file C:\ProgramData\Doctor Web\DWS\dwfgml04.dws time 0 ms
[01/06/2023 17:47:16 000017c8] Url filter ignored (file name = dwfgml04.dws, type=gamble, timestamp=2019-11-21 09:00:36)
[01/06/2023 17:47:16 000017c8] <DEBUG:1> trying url filter base file: C:\ProgramData\Doctor Web\DWS\dwfgml05.dws
[01/06/2023 17:47:16 000017c8] <DEBUG:1> TIMER: file C:\ProgramData\Doctor Web\DWS\dwfgml05.dws time 0 ms
[01/06/2023 17:47:16 000017c8] Url filter ignored (file name = dwfgml05.dws, type=gamble, timestamp=2019-11-21 09:01:26)
[01/06/2023 17:47:16 000017c8] <DEBUG:1> trying url filter base file: C:\ProgramData\Doctor Web\DWS\dwfgml06.dws
[01/06/2023 17:47:16 000017c8] <DEBUG:1> TIMER: file C:\ProgramData\Doctor Web\DWS\dwfgml06.dws time 0 ms
[01/06/2023 17:47:16 000017c8] Url filter ignored (file name = dwfgml06.dws, type=gamble, timestamp=2019-11-21 09:01:11)
[01/06/2023 17:47:16 000017c8] <DEBUG:1> trying url filter base file: C:\ProgramData\Doctor Web\DWS\dwfgml07.dws
[01/06/2023 17:47:16 000017c8] <DEBUG:1> TIMER: file C:\ProgramData\Doctor Web\DWS\dwfgml07.dws time 0 ms
[01/06/2023 17:47:16 000017c8] Url filter ignored (file name = dwfgml07.dws, type=gamble, timestamp=2019-11-21 14:45:40)
[01/06/2023 17:47:16 000017c8] <DEBUG:1> trying url filter base file: C:\ProgramData\Doctor Web\DWS\dwfgml08.dws
[01/06/2023 17:47:16 000017c8] <DEBUG:1> TIMER: file C:\ProgramData\Doctor Web\DWS\dwfgml08.dws time 0 ms
[01/06/2023 17:47:16 000017c8] Url filter ignored (file name = dwfgml08.dws, type=gamble, timestamp=2019-11-21 14:45:58)
[01/06/2023 17:47:16 000017c8] <DEBUG:1> trying url filter base file: C:\ProgramData\Doctor Web\DWS\dwfgml09.dws
[01/06/2023 17:47:16 000017c8] <DEBUG:1> TIMER: file C:\ProgramData\Doctor Web\DWS\dwfgml09.dws time 0 ms
[01/06/2023 17:47:16 000017c8] Url filter ignored (file name = dwfgml09.dws, type=gamble, timestamp=2019-11-21 14:45:51)
[01/06/2023 17:47:16 000017c8] <DEBUG:1> trying url filter base file: C:\ProgramData\Doctor Web\DWS\dwfgml10.dws
[01/06/2023 17:47:16 000017c8] <DEBUG:1> TIMER: file C:\ProgramData\Doctor Web\DWS\dwfgml10.dws time 0 ms
[01/06/2023 17:47:16 000017c8] Url filter ignored (file name = dwfgml10.dws, type=gamble, timestamp=2019-11-21 14:45:28)
[01/06/2023 17:47:16 000017c8] <DEBUG:1> trying url filter base file: C:\ProgramData\Doctor Web\DWS\dwfgml11.dws
[01/06/2023 17:47:16 000017c8] <DEBUG:1> TIMER: file C:\ProgramData\Doctor Web\DWS\dwfgml11.dws time 0 ms
[01/06/2023 17:47:16 000017c8] Url filter ignored (file name = dwfgml11.dws, type=gamble, timestamp=2019-11-21 20:30:30)
[01/06/2023 17:47:16 000017c8] <DEBUG:1> trying url filter base file: C:\ProgramData\Doctor Web\DWS\dwfgml12.dws
[01/06/2023 17:47:16 000017c8] <DEBUG:1> TIMER: file C:\ProgramData\Doctor Web\DWS\dwfgml12.dws time 0 ms
[01/06/2023 17:47:16 000017c8] Url filter ignored (file name = dwfgml12.dws, type=gamble, timestamp=2019-11-21 20:30:34)
[01/06/2023 17:47:16 000017c8] <DEBUG:1> trying url filter base file: C:\ProgramData\Doctor Web\DWS\dwfgml13.dws
[01/06/2023 17:47:16 000017c8] <DEBUG:1> TIMER: file C:\ProgramData\Doctor Web\DWS\dwfgml13.dws time 1 ms
[01/06/2023 17:47:16 000017c8] Url filter ignored (file name = dwfgml13.dws, type=gamble, timestamp=2019-11-21 20:30:19)
[01/06/2023 17:47:16 000017c8] <DEBUG:1> trying url filter base file: C:\ProgramData\Doctor Web\DWS\dwfgml14.dws
[01/06/2023 17:47:16 000017c8] <DEBUG:1> TIMER: file C:\ProgramData\Doctor Web\DWS\dwfgml14.dws time 0 ms
[01/06/2023 17:47:16 000017c8] Url filter ignored (file name = dwfgml14.dws, type=gamble, timestamp=2019-11-22 03:45:20)
[01/06/2023 17:47:16 000017c8] <DEBUG:1> trying url filter base file: C:\ProgramData\Doctor Web\DWS\dwfgml15.dws
[01/06/2023 17:47:16 000017c8] <DEBUG:1> TIMER: file C:\ProgramData\Doctor Web\DWS\dwfgml15.dws time 0 ms
[01/06/2023 17:47:16 000017c8] Url filter ignored (file name = dwfgml15.dws, type=gamble, timestamp=2019-11-22 03:45:13)
[01/06/2023 17:47:16 000017c8] <DEBUG:1> trying url filter base file: C:\ProgramData\Doctor Web\DWS\dwfgml16.dws
[01/06/2023 17:47:16 000017c8] <DEBUG:1> TIMER: file C:\ProgramData\Doctor Web\DWS\dwfgml16.dws time 0 ms
[01/06/2023 17:47:16 000017c8] Url filter ignored (file name = dwfgml16.dws, type=gamble, timestamp=2019-11-22 14:31:54)
[01/06/2023 17:47:16 000017c8] <DEBUG:1> trying url filter base file: C:\ProgramData\Doctor Web\DWS\dwfgml17.dws
[01/06/2023 17:47:16 000017c8] <DEBUG:1> TIMER: file C:\ProgramData\Doctor Web\DWS\dwfgml17.dws time 0 ms
[01/06/2023 17:47:16 000017c8] Url filter ignored (file name = dwfgml17.dws, type=gamble, timestamp=2019-11-22 14:31:13)
[01/06/2023 17:47:16 000017c8] <DEBUG:1> trying url filter base file: C:\ProgramData\Doctor Web\DWS\dwfgml18.dws
[01/06/2023 17:47:16 000017c8] <DEBUG:1> TIMER: file C:\ProgramData\Doctor Web\DWS\dwfgml18.dws time 4 ms
[01/06/2023 17:47:16 000017c8] Url filter ignored (file name = dwfgml18.dws, type=gamble, timestamp=2019-11-23 12:15:38)
[01/06/2023 17:47:16 000017c8] <DEBUG:1> trying url filter base file: C:\ProgramData\Doctor Web\DWS\dwfgml19.dws
[01/06/2023 17:47:16 000017c8] <DEBUG:1> TIMER: file C:\ProgramData\Doctor Web\DWS\dwfgml19.dws time 0 ms
[01/06/2023 17:47:16 000017c8] Url filter ignored (file name = dwfgml19.dws, type=gamble, timestamp=2020-11-30 14:45:25)
[01/06/2023 17:47:16 000017c8] <DEBUG:1> trying url filter base file: C:\ProgramData\Doctor Web\DWS\dwfminers00.dws
[01/06/2023 17:47:16 000017c8] <DEBUG:1> TIMER: file C:\ProgramData\Doctor Web\DWS\dwfminers00.dws time 0 ms
[01/06/2023 17:47:16 000017c8] Url filter ignored (file name = dwfminers00.dws, type=miners, timestamp=2020-11-07 11:15:03)
[01/06/2023 17:47:16 000017c8] <DEBUG:1> trying url filter base file: C:\ProgramData\Doctor Web\DWS\dwfmlw00.dws
[01/06/2023 17:47:16 000017c8] <DEBUG:1> TIMER: file C:\ProgramData\Doctor Web\DWS\dwfmlw00.dws time 0 ms
[01/06/2023 17:47:16 000017c8] Url filter loaded (file name = dwfmlw00.dws, type=malware, timestamp=2019-10-07 19:56:25)
[01/06/2023 17:47:16 000017c8] <DEBUG:1> trying url filter base file: C:\ProgramData\Doctor Web\DWS\dwfmlw01.dws
[01/06/2023 17:47:16 000017c8] <DEBUG:1> TIMER: file C:\ProgramData\Doctor Web\DWS\dwfmlw01.dws time 0 ms
[01/06/2023 17:47:16 000017c8] Url filter loaded (file name = dwfmlw01.dws, type=malware, timestamp=2019-11-16 16:46:19)
[01/06/2023 17:47:16 000017c8] <DEBUG:1> trying url filter base file: C:\ProgramData\Doctor Web\DWS\dwfmlw02.dws
[01/06/2023 17:47:16 000017c8] <DEBUG:1> TIMER: file C:\ProgramData\Doctor Web\DWS\dwfmlw02.dws time 0 ms
[01/06/2023 17:47:16 000017c8] Url filter loaded (file name = dwfmlw02.dws, type=malware, timestamp=2019-11-17 12:31:13)
[01/06/2023 17:47:16 000017c8] <DEBUG:1> trying url filter base file: C:\ProgramData\Doctor Web\DWS\dwfmlw03.dws
[01/06/2023 17:47:16 000017c8] <DEBUG:1> TIMER: file C:\ProgramData\Doctor Web\DWS\dwfmlw03.dws time 0 ms
[01/06/2023 17:47:16 000017c8] Url filter loaded (file name = dwfmlw03.dws, type=malware, timestamp=2019-11-18 13:01:39)
[01/06/2023 17:47:16 000017c8] <DEBUG:1> trying url filter base file: C:\ProgramData\Doctor Web\DWS\dwfmlw04.dws
[01/06/2023 17:47:16 000017c8] <DEBUG:1> TIMER: file C:\ProgramData\Doctor Web\DWS\dwfmlw04.dws time 0 ms
[01/06/2023 17:47:16 000017c8] Url filter loaded (file name = dwfmlw04.dws, type=malware, timestamp=2019-11-18 18:30:20)
[01/06/2023 17:47:16 000017c8] <DEBUG:1> trying url filter base file: C:\ProgramData\Doctor Web\DWS\dwfmlw05.dws
[01/06/2023 17:47:16 000017c8] <DEBUG:1> TIMER: file C:\ProgramData\Doctor Web\DWS\dwfmlw05.dws time 0 ms
[01/06/2023 17:47:16 000017c8] Url filter loaded (file name = dwfmlw05.dws, type=malware, timestamp=2020-11-12 00:45:16)
[01/06/2023 17:47:16 000017c8] <DEBUG:1> trying url filter base file: C:\ProgramData\Doctor Web\DWS\dwfmlw06.dws
[01/06/2023 17:47:16 000017c8] <DEBUG:1> TIMER: file C:\ProgramData\Doctor Web\DWS\dwfmlw06.dws time 0 ms
[01/06/2023 17:47:16 000017c8] Url filter loaded (file name = dwfmlw06.dws, type=malware, timestamp=2019-11-13 15:45:59)
[01/06/2023 17:47:16 000017c8] <DEBUG:1> trying url filter base file: C:\ProgramData\Doctor Web\DWS\dwfmlw07.dws
[01/06/2023 17:47:16 000017c8] <DEBUG:1> TIMER: file C:\ProgramData\Doctor Web\DWS\dwfmlw07.dws time 0 ms
[01/06/2023 17:47:16 000017c8] Url filter loaded (file name = dwfmlw07.dws, type=malware, timestamp=2019-11-16 12:45:36)
[01/06/2023 17:47:16 000017c8] <DEBUG:1> trying url filter base file: C:\ProgramData\Doctor Web\DWS\dwfmlw08.dws
[01/06/2023 17:47:16 000017c8] <DEBUG:1> TIMER: file C:\ProgramData\Doctor Web\DWS\dwfmlw08.dws time 0 ms
[01/06/2023 17:47:16 000017c8] Url filter loaded (file name = dwfmlw08.dws, type=malware, timestamp=2019-11-18 01:15:36)
[01/06/2023 17:47:16 000017c8] <DEBUG:1> trying url filter base file: C:\ProgramData\Doctor Web\DWS\dwfmlw09.dws
[01/06/2023 17:47:16 000017c8] <DEBUG:1> TIMER: file C:\ProgramData\Doctor Web\DWS\dwfmlw09.dws time 0 ms
[01/06/2023 17:47:16 000017c8] Url filter loaded (file name = dwfmlw09.dws, type=malware, timestamp=2019-11-19 00:30:54)
[01/06/2023 17:47:16 000017c8] <DEBUG:1> trying url filter base file: C:\ProgramData\Doctor Web\DWS\dwfmlw10.dws
[01/06/2023 17:47:16 000017c8] <DEBUG:1> TIMER: file C:\ProgramData\Doctor Web\DWS\dwfmlw10.dws time 0 ms
[01/06/2023 17:47:16 000017c8] Url filter loaded (file name = dwfmlw10.dws, type=malware, timestamp=2020-05-26 09:15:33)
[01/06/2023 17:47:16 000017c8] <DEBUG:1> trying url filter base file: C:\ProgramData\Doctor Web\DWS\dwfmlw11.dws
[01/06/2023 17:47:16 000017c8] <DEBUG:1> TIMER: file C:\ProgramData\Doctor Web\DWS\dwfmlw11.dws time 0 ms
[01/06/2023 17:47:16 000017c8] Url filter loaded (file name = dwfmlw11.dws, type=malware, timestamp=2020-10-10 16:15:21)
[01/06/2023 17:47:16 000017c8] <DEBUG:1> trying url filter base file: C:\ProgramData\Doctor Web\DWS\dwfmlw_addon.dws
[01/06/2023 17:47:16 000017c8] <DEBUG:1> TIMER: file C:\ProgramData\Doctor Web\DWS\dwfmlw_addon.dws time 0 ms
[01/06/2023 17:47:16 000017c8] Url filter loaded (file name = dwfmlw_addon.dws, type=malware, timestamp=2021-00-06 06:30:18)
[01/06/2023 17:47:16 000017c8] <DEBUG:1> trying url filter base file: C:\ProgramData\Doctor Web\DWS\dwfobs00.dws
[01/06/2023 17:47:16 000017c8] <DEBUG:1> TIMER: file C:\ProgramData\Doctor Web\DWS\dwfobs00.dws time 0 ms
[01/06/2023 17:47:16 000017c8] Url filter ignored (file name = dwfobs00.dws, type=obscenity, timestamp=2018-09-02 13:30:06)
[01/06/2023 17:47:16 000017c8] <DEBUG:1> trying url filter base file: C:\ProgramData\Doctor Web\DWS\dwfogm00.dws
[01/06/2023 17:47:16 000017c8] <DEBUG:1> TIMER: file C:\ProgramData\Doctor Web\DWS\dwfogm00.dws time 0 ms
[01/06/2023 17:47:16 000017c8] Url filter ignored (file name = dwfogm00.dws, type=online_games, timestamp=2020-10-27 19:30:06)
[01/06/2023 17:47:16 000017c8] <DEBUG:1> trying url filter base file: C:\ProgramData\Doctor Web\DWS\dwfprc00.dws
[01/06/2023 17:47:16 000017c8] <DEBUG:1> TIMER: file C:\ProgramData\Doctor Web\DWS\dwfprc00.dws time 0 ms
[01/06/2023 17:47:16 000017c8] Url filter loaded (file name = dwfprc00.dws, type=piracy, timestamp=2020-09-28 11:00:05)
[01/06/2023 17:47:16 000017c8] <DEBUG:1> trying url filter base file: C:\ProgramData\Doctor Web\DWS\dwfprn00.dws
[01/06/2023 17:47:16 000017c8] <DEBUG:1> TIMER: file C:\ProgramData\Doctor Web\DWS\dwfprn00.dws time 0 ms
[01/06/2023 17:47:16 000017c8] Url filter ignored (file name = dwfprn00.dws, type=porno, timestamp=2019-10-12 19:05:37)
[01/06/2023 17:47:16 000017c8] <DEBUG:1> trying url filter base file: C:\ProgramData\Doctor Web\DWS\dwfprn01.dws
[01/06/2023 17:47:16 000017c8] <DEBUG:1> TIMER: file C:\ProgramData\Doctor Web\DWS\dwfprn01.dws time 0 ms
[01/06/2023 17:47:16 000017c8] Url filter ignored (file name = dwfprn01.dws, type=porno, timestamp=2019-10-12 13:16:54)
[01/06/2023 17:47:16 000017c8] <DEBUG:1> trying url filter base file: C:\ProgramData\Doctor Web\DWS\dwfprn02.dws
[01/06/2023 17:47:16 000017c8] <DEBUG:1> TIMER: file C:\ProgramData\Doctor Web\DWS\dwfprn02.dws time 0 ms
[01/06/2023 17:47:16 000017c8] Url filter ignored (file name = dwfprn02.dws, type=porno, timestamp=2019-10-10 00:02:26)
[01/06/2023 17:47:16 000017c8] <DEBUG:1> trying url filter base file: C:\ProgramData\Doctor Web\DWS\dwfprn03.dws
[01/06/2023 17:47:16 000017c8] <DEBUG:1> TIMER: file C:\ProgramData\Doctor Web\DWS\dwfprn03.dws time 0 ms
[01/06/2023 17:47:16 000017c8] Url filter ignored (file name = dwfprn03.dws, type=porno, timestamp=2019-10-10 03:47:29)
[01/06/2023 17:47:16 000017c8] <DEBUG:1> trying url filter base file: C:\ProgramData\Doctor Web\DWS\dwfprn04.dws
[01/06/2023 17:47:16 000017c8] <DEBUG:1> TIMER: file C:\ProgramData\Doctor Web\DWS\dwfprn04.dws time 0 ms
[01/06/2023 17:47:16 000017c8] Url filter ignored (file name = dwfprn04.dws, type=porno, timestamp=2019-10-08 01:30:56)
[01/06/2023 17:47:16 000017c8] <DEBUG:1> trying url filter base file: C:\ProgramData\Doctor Web\DWS\dwfprn05.dws
[01/06/2023 17:47:16 000017c8] <DEBUG:1> TIMER: file C:\ProgramData\Doctor Web\DWS\dwfprn05.dws time 0 ms
[01/06/2023 17:47:16 000017c8] Url filter ignored (file name = dwfprn05.dws, type=porno, timestamp=2019-10-08 01:15:19)
[01/06/2023 17:47:16 000017c8] <DEBUG:1> trying url filter base file: C:\ProgramData\Doctor Web\DWS\dwfprn06.dws
[01/06/2023 17:47:16 000017c8] <DEBUG:1> TIMER: file C:\ProgramData\Doctor Web\DWS\dwfprn06.dws time 0 ms
[01/06/2023 17:47:16 000017c8] Url filter ignored (file name = dwfprn06.dws, type=porno, timestamp=2019-10-10 03:46:57)
[01/06/2023 17:47:16 000017c8] <DEBUG:1> trying url filter base file: C:\ProgramData\Doctor Web\DWS\dwfprn07.dws
[01/06/2023 17:47:16 000017c8] <DEBUG:1> TIMER: file C:\ProgramData\Doctor Web\DWS\dwfprn07.dws time 2 ms
[01/06/2023 17:47:16 000017c8] Url filter ignored (file name = dwfprn07.dws, type=porno, timestamp=2019-10-27 12:48:17)
[01/06/2023 17:47:16 000017c8] <DEBUG:1> trying url filter base file: C:\ProgramData\Doctor Web\DWS\dwfprn08.dws
[01/06/2023 17:47:16 000017c8] <DEBUG:1> TIMER: file C:\ProgramData\Doctor Web\DWS\dwfprn08.dws time 0 ms
[01/06/2023 17:47:16 000017c8] Url filter ignored (file name = dwfprn08.dws, type=porno, timestamp=2019-10-27 12:47:03)
[01/06/2023 17:47:16 000017c8] <DEBUG:1> trying url filter base file: C:\ProgramData\Doctor Web\DWS\dwfprn09.dws
[01/06/2023 17:47:16 000017c8] <DEBUG:1> TIMER: file C:\ProgramData\Doctor Web\DWS\dwfprn09.dws time 0 ms
[01/06/2023 17:47:16 000017c8] Url filter ignored (file name = dwfprn09.dws, type=porno, timestamp=2019-10-27 12:46:01)
[01/06/2023 17:47:16 000017c8] <DEBUG:1> trying url filter base file: C:\ProgramData\Doctor Web\DWS\dwfprn10.dws
[01/06/2023 17:47:16 000017c8] <DEBUG:1> TIMER: file C:\ProgramData\Doctor Web\DWS\dwfprn10.dws time 0 ms
[01/06/2023 17:47:16 000017c8] Url filter ignored (file name = dwfprn10.dws, type=porno, timestamp=2019-10-11 03:00:50)
[01/06/2023 17:47:16 000017c8] <DEBUG:1> trying url filter base file: C:\ProgramData\Doctor Web\DWS\dwfprn11.dws
[01/06/2023 17:47:16 000017c8] <DEBUG:1> TIMER: file C:\ProgramData\Doctor Web\DWS\dwfprn11.dws time 0 ms
[01/06/2023 17:47:16 000017c8] Url filter ignored (file name = dwfprn11.dws, type=porno, timestamp=2019-10-10 00:00:51)
[01/06/2023 17:47:16 000017c8] <DEBUG:1> trying url filter base file: C:\ProgramData\Doctor Web\DWS\dwfprn12.dws
[01/06/2023 17:47:16 000017c8] <DEBUG:1> TIMER: file C:\ProgramData\Doctor Web\DWS\dwfprn12.dws time 0 ms
[01/06/2023 17:47:16 000017c8] Url filter ignored (file name = dwfprn12.dws, type=porno, timestamp=2019-10-08 17:00:32)
[01/06/2023 17:47:16 000017c8] <DEBUG:1> trying url filter base file: C:\ProgramData\Doctor Web\DWS\dwfprn13.dws
[01/06/2023 17:47:16 000017c8] <DEBUG:1> TIMER: file C:\ProgramData\Doctor Web\DWS\dwfprn13.dws time 0 ms
[01/06/2023 17:47:16 000017c8] Url filter ignored (file name = dwfprn13.dws, type=porno, timestamp=2019-10-10 03:45:11)
[01/06/2023 17:47:16 000017c8] <DEBUG:1> trying url filter base file: C:\ProgramData\Doctor Web\DWS\dwfprn14.dws
[01/06/2023 17:47:16 000017c8] <DEBUG:1> TIMER: file C:\ProgramData\Doctor Web\DWS\dwfprn14.dws time 1 ms
[01/06/2023 17:47:16 000017c8] Url filter ignored (file name = dwfprn14.dws, type=porno, timestamp=2019-10-09 01:00:37)
[01/06/2023 17:47:16 000017c8] <DEBUG:1> trying url filter base file: C:\ProgramData\Doctor Web\DWS\dwfprn15.dws
[01/06/2023 17:47:16 000017c8] <DEBUG:1> TIMER: file C:\ProgramData\Doctor Web\DWS\dwfprn15.dws time 0 ms
[01/06/2023 17:47:16 000017c8] Url filter ignored (file name = dwfprn15.dws, type=porno, timestamp=2019-10-10 03:46:16)
[01/06/2023 17:47:16 000017c8] <DEBUG:1> trying url filter base file: C:\ProgramData\Doctor Web\DWS\dwfprn16.dws
[01/06/2023 17:47:16 000017c8] <DEBUG:1> TIMER: file C:\ProgramData\Doctor Web\DWS\dwfprn16.dws time 0 ms
[01/06/2023 17:47:16 000017c8] Url filter ignored (file name = dwfprn16.dws, type=porno, timestamp=2019-10-11 03:01:27)
[01/06/2023 17:47:16 000017c8] <DEBUG:1> trying url filter base file: C:\ProgramData\Doctor Web\DWS\dwfprn17.dws
[01/06/2023 17:47:16 000017c8] <DEBUG:1> TIMER: file C:\ProgramData\Doctor Web\DWS\dwfprn17.dws time 1 ms
[01/06/2023 17:47:16 000017c8] Url filter ignored (file name = dwfprn17.dws, type=porno, timestamp=2019-10-11 03:01:53)
[01/06/2023 17:47:16 000017c8] <DEBUG:1> trying url filter base file: C:\ProgramData\Doctor Web\DWS\dwfprn18.dws
[01/06/2023 17:47:16 000017c8] <DEBUG:1> TIMER: file C:\ProgramData\Doctor Web\DWS\dwfprn18.dws time 0 ms
[01/06/2023 17:47:16 000017c8] Url filter ignored (file name = dwfprn18.dws, type=porno, timestamp=2019-10-10 03:45:53)
[01/06/2023 17:47:16 000017c8] <DEBUG:1> trying url filter base file: C:\ProgramData\Doctor Web\DWS\dwfprn19.dws
[01/06/2023 17:47:16 000017c8] <DEBUG:1> TIMER: file C:\ProgramData\Doctor Web\DWS\dwfprn19.dws time 0 ms
[01/06/2023 17:47:16 000017c8] Url filter ignored (file name = dwfprn19.dws, type=porno, timestamp=2019-11-04 09:46:16)
[01/06/2023 17:47:16 000017c8] <DEBUG:1> trying url filter base file: C:\ProgramData\Doctor Web\DWS\dwfprn20.dws
[01/06/2023 17:47:16 000017c8] <DEBUG:1> TIMER: file C:\ProgramData\Doctor Web\DWS\dwfprn20.dws time 0 ms
[01/06/2023 17:47:16 000017c8] Url filter ignored (file name = dwfprn20.dws, type=porno, timestamp=2020-03-22 13:30:29)
[01/06/2023 17:47:16 000017c8] <DEBUG:1> trying url filter base file: C:\ProgramData\Doctor Web\DWS\dwfprn21.dws
[01/06/2023 17:47:16 000017c8] <DEBUG:1> TIMER: file C:\ProgramData\Doctor Web\DWS\dwfprn21.dws time 1 ms
[01/06/2023 17:47:16 000017c8] Url filter ignored (file name = dwfprn21.dws, type=porno, timestamp=2020-08-09 13:15:52)
[01/06/2023 17:47:16 000017c8] <DEBUG:1> trying url filter base file: C:\ProgramData\Doctor Web\DWS\dwfprn22.dws
[01/06/2023 17:47:16 000017c8] <DEBUG:1> TIMER: file C:\ProgramData\Doctor Web\DWS\dwfprn22.dws time 0 ms
[01/06/2023 17:47:16 000017c8] Url filter ignored (file name = dwfprn22.dws, type=porno, timestamp=2020-11-28 12:15:25)
[01/06/2023 17:47:16 000017c8] <DEBUG:1> trying url filter base file: C:\ProgramData\Doctor Web\DWS\dwfprn_addon.dws
[01/06/2023 17:47:16 000017c8] <DEBUG:1> TIMER: file C:\ProgramData\Doctor Web\DWS\dwfprn_addon.dws time 0 ms
[01/06/2023 17:47:16 000017c8] Url filter ignored (file name = dwfprn_addon.dws, type=porno, timestamp=2021-00-05 09:45:03)
[01/06/2023 17:47:16 000017c8] <DEBUG:1> trying url filter base file: C:\ProgramData\Doctor Web\DWS\dwfscl00.dws
[01/06/2023 17:47:16 000017c8] <DEBUG:1> TIMER: file C:\ProgramData\Doctor Web\DWS\dwfscl00.dws time 2 ms
[01/06/2023 17:47:16 000017c8] Url filter ignored (file name = dwfscl00.dws, type=socialnetwork, timestamp=2019-11-23 16:30:23)
[01/06/2023 17:47:16 000017c8] <DEBUG:1> trying url filter base file: C:\ProgramData\Doctor Web\DWS\dwfscl01.dws
[01/06/2023 17:47:16 000017c8] <DEBUG:1> TIMER: file C:\ProgramData\Doctor Web\DWS\dwfscl01.dws time 0 ms
[01/06/2023 17:47:16 000017c8] Url filter ignored (file name = dwfscl01.dws, type=socialnetwork, timestamp=2019-11-23 17:45:23)
[01/06/2023 17:47:16 000017c8] <DEBUG:1> trying url filter base file: C:\ProgramData\Doctor Web\DWS\dwfscl02.dws
[01/06/2023 17:47:16 000017c8] <DEBUG:1> TIMER: file C:\ProgramData\Doctor Web\DWS\dwfscl02.dws time 0 ms
[01/06/2023 17:47:16 000017c8] Url filter ignored (file name = dwfscl02.dws, type=socialnetwork, timestamp=2019-11-23 17:45:28)
[01/06/2023 17:47:16 000017c8] <DEBUG:1> trying url filter base file: C:\ProgramData\Doctor Web\DWS\dwfscl03.dws
[01/06/2023 17:47:16 000017c8] <DEBUG:1> TIMER: file C:\ProgramData\Doctor Web\DWS\dwfscl03.dws time 0 ms
[01/06/2023 17:47:16 000017c8] Url filter ignored (file name = dwfscl03.dws, type=socialnetwork, timestamp=2019-11-23 17:45:33)
[01/06/2023 17:47:16 000017c8] <DEBUG:1> trying url filter base file: C:\ProgramData\Doctor Web\DWS\dwfscl04.dws
[01/06/2023 17:47:16 000017c8] <DEBUG:1> TIMER: file C:\ProgramData\Doctor Web\DWS\dwfscl04.dws time 0 ms
[01/06/2023 17:47:16 000017c8] Url filter ignored (file name = dwfscl04.dws, type=socialnetwork, timestamp=2019-11-23 17:45:16)
[01/06/2023 17:47:16 000017c8] <DEBUG:1> trying url filter base file: C:\ProgramData\Doctor Web\DWS\dwfscl05.dws
[01/06/2023 17:47:16 000017c8] <DEBUG:1> TIMER: file C:\ProgramData\Doctor Web\DWS\dwfscl05.dws time 0 ms
[01/06/2023 17:47:16 000017c8] Url filter ignored (file name = dwfscl05.dws, type=socialnetwork, timestamp=2019-11-24 01:45:24)
[01/06/2023 17:47:16 000017c8] <DEBUG:1> trying url filter base file: C:\ProgramData\Doctor Web\DWS\dwfscl06.dws
[01/06/2023 17:47:16 000017c8] <DEBUG:1> TIMER: file C:\ProgramData\Doctor Web\DWS\dwfscl06.dws time 0 ms
[01/06/2023 17:47:16 000017c8] Url filter ignored (file name = dwfscl06.dws, type=socialnetwork, timestamp=2019-11-24 01:45:33)
[01/06/2023 17:47:16 000017c8] <DEBUG:1> trying url filter base file: C:\ProgramData\Doctor Web\DWS\dwfscl07.dws
[01/06/2023 17:47:16 000017c8] <DEBUG:1> TIMER: file C:\ProgramData\Doctor Web\DWS\dwfscl07.dws time 0 ms
[01/06/2023 17:47:16 000017c8] Url filter ignored (file name = dwfscl07.dws, type=socialnetwork, timestamp=2019-11-24 01:45:18)
[01/06/2023 17:47:16 000017c8] <DEBUG:1> trying url filter base file: C:\ProgramData\Doctor Web\DWS\dwfscl08.dws
[01/06/2023 17:47:16 000017c8] <DEBUG:1> TIMER: file C:\ProgramData\Doctor Web\DWS\dwfscl08.dws time 0 ms
[01/06/2023 17:47:16 000017c8] Url filter ignored (file name = dwfscl08.dws, type=socialnetwork, timestamp=2019-11-24 01:45:41)
[01/06/2023 17:47:16 000017c8] <DEBUG:1> trying url filter base file: C:\ProgramData\Doctor Web\DWS\dwfscl09.dws
[01/06/2023 17:47:16 000017c8] <DEBUG:1> TIMER: file C:\ProgramData\Doctor Web\DWS\dwfscl09.dws time 0 ms
[01/06/2023 17:47:16 000017c8] Url filter ignored (file name = dwfscl09.dws, type=socialnetwork, timestamp=2019-11-24 01:45:27)
[01/06/2023 17:47:16 000017c8] <DEBUG:1> trying url filter base file: C:\ProgramData\Doctor Web\DWS\dwfscl10.dws
[01/06/2023 17:47:16 000017c8] <DEBUG:1> TIMER: file C:\ProgramData\Doctor Web\DWS\dwfscl10.dws time 0 ms
[01/06/2023 17:47:16 000017c8] Url filter ignored (file name = dwfscl10.dws, type=socialnetwork, timestamp=2019-11-24 01:45:51)
[01/06/2023 17:47:16 000017c8] <DEBUG:1> trying url filter base file: C:\ProgramData\Doctor Web\DWS\dwfscl11.dws
[01/06/2023 17:47:16 000017c8] <DEBUG:1> TIMER: file C:\ProgramData\Doctor Web\DWS\dwfscl11.dws time 0 ms
[01/06/2023 17:47:16 000017c8] Url filter ignored (file name = dwfscl11.dws, type=socialnetwork, timestamp=2019-11-24 12:15:16)
[01/06/2023 17:47:16 000017c8] <DEBUG:1> trying url filter base file: C:\ProgramData\Doctor Web\DWS\dwfscl12.dws
[01/06/2023 17:47:16 000017c8] <DEBUG:1> TIMER: file C:\ProgramData\Doctor Web\DWS\dwfscl12.dws time 0 ms
[01/06/2023 17:47:16 000017c8] Url filter ignored (file name = dwfscl12.dws, type=socialnetwork, timestamp=2019-11-24 12:15:23)
[01/06/2023 17:47:16 000017c8] <DEBUG:1> trying url filter base file: C:\ProgramData\Doctor Web\DWS\dwfscl13.dws
[01/06/2023 17:47:16 000017c8] <DEBUG:1> TIMER: file C:\ProgramData\Doctor Web\DWS\dwfscl13.dws time 1 ms
[01/06/2023 17:47:16 000017c8] Url filter ignored (file name = dwfscl13.dws, type=socialnetwork, timestamp=2019-11-24 18:15:39)
[01/06/2023 17:47:16 000017c8] <DEBUG:1> trying url filter base file: C:\ProgramData\Doctor Web\DWS\dwfscl14.dws
[01/06/2023 17:47:16 000017c8] <DEBUG:1> TIMER: file C:\ProgramData\Doctor Web\DWS\dwfscl14.dws time 0 ms
[01/06/2023 17:47:16 000017c8] Url filter ignored (file name = dwfscl14.dws, type=socialnetwork, timestamp=2019-11-24 19:15:36)
[01/06/2023 17:47:16 000017c8] <DEBUG:1> trying url filter base file: C:\ProgramData\Doctor Web\DWS\dwfscl15.dws
[01/06/2023 17:47:16 000017c8] <DEBUG:1> TIMER: file C:\ProgramData\Doctor Web\DWS\dwfscl15.dws time 0 ms
[01/06/2023 17:47:16 000017c8] Url filter ignored (file name = dwfscl15.dws, type=socialnetwork, timestamp=2021-00-05 09:15:05)
[01/06/2023 17:47:16 000017c8] <DEBUG:1> trying url filter base file: C:\ProgramData\Doctor Web\DWS\dwfter00.dws
[01/06/2023 17:47:16 000017c8] <DEBUG:1> TIMER: file C:\ProgramData\Doctor Web\DWS\dwfter00.dws time 1 ms
[01/06/2023 17:47:16 000017c8] Url filter ignored (file name = dwfter00.dws, type=terrorism, timestamp=2019-04-20 17:15:14)
[01/06/2023 17:47:16 000017c8] <DEBUG:1> trying url filter base file: C:\ProgramData\Doctor Web\DWS\dwfvln00.dws
[01/06/2023 17:47:16 000017c8] <DEBUG:1> TIMER: file C:\ProgramData\Doctor Web\DWS\dwfvln00.dws time 2 ms
[01/06/2023 17:47:16 000017c8] Url filter ignored (file name = dwfvln00.dws, type=violence, timestamp=2011-11-01 09:31:02)
[01/06/2023 17:47:16 000017c8] <DEBUG:1> trying url filter base file: C:\ProgramData\Doctor Web\DWS\dwfvln01.dws
[01/06/2023 17:47:16 000017c8] <DEBUG:1> TIMER: file C:\ProgramData\Doctor Web\DWS\dwfvln01.dws time 0 ms
[01/06/2023 17:47:16 000017c8] Url filter ignored (file name = dwfvln01.dws, type=violence, timestamp=2020-09-26 16:15:04)
[01/06/2023 17:47:16 000017c8] <DEBUG:1> trying url filter base file: C:\ProgramData\Doctor Web\DWS\dwfwpn00.dws
[01/06/2023 17:47:16 000017c8] <DEBUG:1> TIMER: file C:\ProgramData\Doctor Web\DWS\dwfwpn00.dws time 0 ms
[01/06/2023 17:47:16 000017c8] Url filter ignored (file name = dwfwpn00.dws, type=weapon, timestamp=2020-09-26 16:15:05)
[01/06/2023 17:47:16 000017c8] <DEBUG:1> trying url filter base file: C:\ProgramData\Doctor Web\DWS\white_dwfanonym.dws
[01/06/2023 17:47:16 000017c8] <DEBUG:1> TIMER: file C:\ProgramData\Doctor Web\DWS\white_dwfanonym.dws time 0 ms
[01/06/2023 17:47:16 000017c8] Url filter ignored (file name = white_dwfanonym.dws, type=whitelist_anonymizer, timestamp=2019-03-22 18:15:06)
[01/06/2023 17:47:16 000017c8] <DEBUG:1> trying url filter base file: C:\ProgramData\Doctor Web\DWS\white_dwfcht.dws
[01/06/2023 17:47:16 000017c8] <DEBUG:1> TIMER: file C:\ProgramData\Doctor Web\DWS\white_dwfcht.dws time 0 ms
[01/06/2023 17:47:16 000017c8] Url filter ignored (file name = white_dwfcht.dws, type=whitelist_chats, timestamp=2019-03-22 18:15:06)
[01/06/2023 17:47:16 000017c8] <DEBUG:1> trying url filter base file: C:\ProgramData\Doctor Web\DWS\white_dwfdrg.dws
[01/06/2023 17:47:16 000017c8] <DEBUG:1> TIMER: file C:\ProgramData\Doctor Web\DWS\white_dwfdrg.dws time 0 ms
[01/06/2023 17:47:16 000017c8] Url filter ignored (file name = white_dwfdrg.dws, type=whitelist_drugs, timestamp=2020-07-04 07:15:14)
[01/06/2023 17:47:16 000017c8] <DEBUG:1> trying url filter base file: C:\ProgramData\Doctor Web\DWS\white_dwfeml.dws
[01/06/2023 17:47:16 000017c8] <DEBUG:1> TIMER: file C:\ProgramData\Doctor Web\DWS\white_dwfeml.dws time 0 ms
[01/06/2023 17:47:16 000017c8] Url filter ignored (file name = white_dwfeml.dws, type=whitelist_e-mail, timestamp=2019-03-22 18:15:06)
[01/06/2023 17:47:16 000017c8] <DEBUG:1> trying url filter base file: C:\ProgramData\Doctor Web\DWS\white_dwffse.dws
[01/06/2023 17:47:16 000017c8] <DEBUG:1> TIMER: file C:\ProgramData\Doctor Web\DWS\white_dwffse.dws time 0 ms
[01/06/2023 17:47:16 000017c8] Url exclude filter loaded (file name = white_dwffse.dws, type=whitelist_social_engineering, timestamp=2021-00-06 07:00:59)
[01/06/2023 17:47:16 000017c8] <DEBUG:1> trying url filter base file: C:\ProgramData\Doctor Web\DWS\white_dwfgml.dws
[01/06/2023 17:47:16 000017c8] <DEBUG:1> TIMER: file C:\ProgramData\Doctor Web\DWS\white_dwfgml.dws time 0 ms
[01/06/2023 17:47:16 000017c8] Url filter ignored (file name = white_dwfgml.dws, type=whitelist_gamble, timestamp=2020-11-22 10:00:14)
[01/06/2023 17:47:16 000017c8] <DEBUG:1> trying url filter base file: C:\ProgramData\Doctor Web\DWS\white_dwfminers.dws
[01/06/2023 17:47:16 000017c8] <DEBUG:1> TIMER: file C:\ProgramData\Doctor Web\DWS\white_dwfminers.dws time 0 ms
[01/06/2023 17:47:16 000017c8] Url filter ignored (file name = white_dwfminers.dws, type=whitelist_miners, timestamp=2018-04-31 07:00:08)
[01/06/2023 17:47:16 000017c8] <DEBUG:1> trying url filter base file: C:\ProgramData\Doctor Web\DWS\white_dwfmlw.dws
[01/06/2023 17:47:16 000017c8] <DEBUG:1> TIMER: file C:\ProgramData\Doctor Web\DWS\white_dwfmlw.dws time 0 ms
[01/06/2023 17:47:16 000017c8] Url exclude filter loaded (file name = white_dwfmlw.dws, type=whitelist_malware, timestamp=2021-00-05 07:30:52)
[01/06/2023 17:47:16 000017c8] <DEBUG:1> trying url filter base file: C:\ProgramData\Doctor Web\DWS\white_dwfobs.dws
[01/06/2023 17:47:16 000017c8] <DEBUG:1> TIMER: file C:\ProgramData\Doctor Web\DWS\white_dwfobs.dws time 0 ms
[01/06/2023 17:47:16 000017c8] Url filter ignored (file name = white_dwfobs.dws, type=whitelist_obscenity, timestamp=2019-03-22 18:15:06)
[01/06/2023 17:47:16 000017c8] <DEBUG:1> trying url filter base file: C:\ProgramData\Doctor Web\DWS\white_dwfogm.dws
[01/06/2023 17:47:16 000017c8] <DEBUG:1> TIMER: file C:\ProgramData\Doctor Web\DWS\white_dwfogm.dws time 0 ms
[01/06/2023 17:47:16 000017c8] Url filter ignored (file name = white_dwfogm.dws, type=whitelist_online_games, timestamp=2019-03-22 18:15:06)
[01/06/2023 17:47:16 000017c8] <DEBUG:1> trying url filter base file: C:\ProgramData\Doctor Web\DWS\white_dwfprc.dws
[01/06/2023 17:47:16 000017c8] <DEBUG:1> TIMER: file C:\ProgramData\Doctor Web\DWS\white_dwfprc.dws time 0 ms
[01/06/2023 17:47:16 000017c8] Url exclude filter loaded (file name = white_dwfprc.dws, type=whitelist_piracy, timestamp=2020-09-29 07:45:21)
[01/06/2023 17:47:16 000017c8] <DEBUG:1> trying url filter base file: C:\ProgramData\Doctor Web\DWS\white_dwfprn.dws
[01/06/2023 17:47:16 000017c8] <DEBUG:1> TIMER: file C:\ProgramData\Doctor Web\DWS\white_dwfprn.dws time 0 ms
[01/06/2023 17:47:16 000017c8] Url filter ignored (file name = white_dwfprn.dws, type=whitelist_porno, timestamp=2020-11-29 07:00:03)
[01/06/2023 17:47:16 000017c8] <DEBUG:1> trying url filter base file: C:\ProgramData\Doctor Web\DWS\white_dwfscl.dws
[01/06/2023 17:47:16 000017c8] <DEBUG:1> TIMER: file C:\ProgramData\Doctor Web\DWS\white_dwfscl.dws time 0 ms
[01/06/2023 17:47:16 000017c8] Url filter ignored (file name = white_dwfscl.dws, type=whitelist_socialnetwork, timestamp=2020-09-25 08:00:04)
[01/06/2023 17:47:16 000017c8] <DEBUG:1> trying url filter base file: C:\ProgramData\Doctor Web\DWS\white_dwfter.dws
[01/06/2023 17:47:16 000017c8] <DEBUG:1> TIMER: file C:\ProgramData\Doctor Web\DWS\white_dwfter.dws time 0 ms
[01/06/2023 17:47:16 000017c8] Url filter ignored (file name = white_dwfter.dws, type=whitelist_terrorism, timestamp=2019-03-22 18:15:06)
[01/06/2023 17:47:16 000017c8] <DEBUG:1> trying url filter base file: C:\ProgramData\Doctor Web\DWS\white_dwfvln.dws
[01/06/2023 17:47:16 000017c8] <DEBUG:1> TIMER: file C:\ProgramData\Doctor Web\DWS\white_dwfvln.dws time 0 ms
[01/06/2023 17:47:16 000017c8] Url filter ignored (file name = white_dwfvln.dws, type=whitelist_violence, timestamp=2019-03-22 18:15:06)
[01/06/2023 17:47:16 000017c8] <DEBUG:1> trying url filter base file: C:\ProgramData\Doctor Web\DWS\white_dwfwpn.dws
[01/06/2023 17:47:16 000017c8] <DEBUG:1> TIMER: file C:\ProgramData\Doctor Web\DWS\white_dwfwpn.dws time 0 ms
[01/06/2023 17:47:16 000017c8] Url filter ignored (file name = white_dwfwpn.dws, type=whitelist_weapon, timestamp=2020-04-29 07:15:04)
[01/06/2023 17:47:16 000017c8] <DEBUG:1> TIMER: total 86 ms loading 73 ms
[01/06/2023 21:53:12 000017c4] Service shutdown received
[01/06/2023 21:53:12 000017d4] <DEBUG:1> Managed shutdown started.
[01/06/2023 21:53:12 000017d4] <DEBUG:1> Closing driver accept threads...
[01/06/2023 21:53:12 000017d4] <DEBUG:1> Closing connections...
[01/06/2023 21:53:12 000017d4] <DEBUG:1> Detaching config...
[01/06/2023 21:53:12 000017d4] <DEBUG:1> Reporting service as stopped...
[01/06/2023 21:53:12 000017d4] <DEBUG:1> Managed shutdown completed. Global objects are to be destroyed.

=============================================================================
DrWeb Net Filtering Service for Windows Workstations v11.5.4.02210
Copyright (c) Doctor Web, Ltd., 1992-2020
Operating System: Windows 10 Starter x64/native (Build 19045)
Command line: "C:\Program Files\DrWeb\dwnetfilter.exe" --ats
=============================================================================
[17/06/2023 21:30:50 0000186c] WFP driver i0.0 v11.1.10.09130
[17/06/2023 21:30:50 0000186c] WFP server created
[17/06/2023 21:30:50 00001874] Service: new standalone
[17/06/2023 21:30:51 0000186c] <DEBUG:1> Config update 00000019 00000047
[17/06/2023 21:30:51 0000186c] LogLevelMail = 1
[17/06/2023 21:30:51 0000186c] LogLevelHttp = 1
[17/06/2023 21:30:51 0000186c] CheckIncoming = Yes
[17/06/2023 21:30:51 0000186c] CheckOutgoing = No
[17/06/2023 21:30:51 0000186c] CheckArchives = No
[17/06/2023 21:30:51 0000186c] CheckContainners = No
[17/06/2023 21:30:51 0000186c] CheckIM = Yes
[17/06/2023 21:30:51 0000186c] SpeedBalance = 125
[17/06/2023 21:30:51 0000186c] BlockMalwareUrls = Yes
[17/06/2023 21:30:51 0000186c] BlockScamAndFraud = Yes
[17/06/2023 21:30:51 0000186c] BlockPiracy = Yes
[17/06/2023 21:30:51 0000186c] BlockAdware = Yes
[17/06/2023 21:30:51 0000186c] BlockDialers = Yes
[17/06/2023 21:30:51 0000186c] BlockRiskware = No
[17/06/2023 21:30:51 0000186c] BlockHacktools = No
[17/06/2023 21:30:51 0000186c] BlockJokes = No
[17/06/2023 21:30:51 0000186c] BlockSuspicious = Yes
[17/06/2023 21:30:51 0000186c] BlockNotChecked = No
[17/06/2023 21:30:51 0000186c] BlockMalformed = No
[17/06/2023 21:30:51 0000186c] ProxyPort = 0
[17/06/2023 21:30:51 0000186c] ChainProxyAddr = ""
[17/06/2023 21:30:51 0000186c] ChainProxyPort = 0
[17/06/2023 21:30:51 0000186c] QueryDNSWhenProxy = Yes
[17/06/2023 21:30:51 0000186c] UrlFilter = No
[17/06/2023 21:30:51 0000186c] BlockSites = No
[17/06/2023 21:30:51 0000186c] SafeSearch = Yes
[17/06/2023 21:30:51 0000186c] ProfileEnabled = Yes
[17/06/2023 21:30:51 0000186c] OfficeControl = No
[17/06/2023 21:30:51 0000186c] LngFileName = "ru-drweb.dwl"
[17/06/2023 21:30:51 0000186c] ParentalControlInstalled = Yes
[17/06/2023 21:30:51 0000186c] ActionInfected = 1
[17/06/2023 21:30:51 0000186c] ActionIncurable = 2
[17/06/2023 21:30:51 0000186c] ActionSuspicious = 2
[17/06/2023 21:30:51 0000186c] ActionNotChecked = 8
[17/06/2023 21:30:51 0000186c] ActionMalformed = 8
[17/06/2023 21:30:51 0000186c] ActionAdware = 2
[17/06/2023 21:30:51 0000186c] ActionDialers = 2
[17/06/2023 21:30:51 0000186c] ActionRiskware = 8
[17/06/2023 21:30:51 0000186c] ActionHacktools = 8
[17/06/2023 21:30:51 0000186c] ActionJokes = 8
[17/06/2023 21:30:51 0000186c] HeuristicAnalysis = Yes
[17/06/2023 21:30:51 0000186c] VirusActivityControl = Yes
[17/06/2023 21:30:51 0000186c] CheckArchivesMail = No
[17/06/2023 21:30:51 0000186c] CheckContainersMail = No
[17/06/2023 21:30:51 0000186c] InsertXAntiVirus = Yes
[17/06/2023 21:30:51 0000186c] DeleteMessagesOnServer = No
[17/06/2023 21:30:51 0000186c] MessageScanTimeout = 250
[17/06/2023 21:30:51 0000186c] MaxFileSizeToExtract = 30720
[17/06/2023 21:30:51 0000186c] MaxCompressionRatio = 0
[17/06/2023 21:30:51 0000186c] MaxArchiveLevel = 64
[17/06/2023 21:30:51 0000186c] CheckSpam = Yes
[17/06/2023 21:30:51 0000186c] SpamAllowCyrillic = Yes
[17/06/2023 21:30:51 0000186c] SpamAllowCJK = Yes
[17/06/2023 21:30:51 0000186c] AddSpamSubj = Yes
[17/06/2023 21:30:51 0000186c] SpamSubj = "[SPAM]"
[17/06/2023 21:30:51 0000186c] SSL = No
[17/06/2023 21:30:51 0000186c] CertificateSubject = "0 Dr.Web for Windows"
[17/06/2023 21:30:51 0000186c] CertificateHash = ""
[17/06/2023 21:30:51 0000186c] UseProfiles = Yes
[17/06/2023 21:30:51 0000186c] Parental Control profiles = 0
[17/06/2023 21:30:51 0000186c]     SID = ""
[17/06/2023 21:30:51 0000186c]         UrlFilter = No
[17/06/2023 21:30:51 0000186c]         BlockSites = No
[17/06/2023 21:30:51 0000186c]         SafeSearch = Yes
[17/06/2023 21:30:51 0000186c]         ProfileEnabled = Yes
[17/06/2023 21:30:51 0000186c]         \settings\ParentalControl\BlockPorno = Yes
[17/06/2023 21:30:51 0000186c]         \settings\ParentalControl\BlockViolence = Yes
[17/06/2023 21:30:51 0000186c]         \settings\ParentalControl\BlockWeapon = Yes
[17/06/2023 21:30:51 0000186c]         \settings\ParentalControl\BlockGamble = Yes
[17/06/2023 21:30:51 0000186c]         \settings\ParentalControl\BlockDrugs = Yes
[17/06/2023 21:30:51 0000186c]         \settings\ParentalControl\BlockObscenity = Yes
[17/06/2023 21:30:51 0000186c]         \settings\ParentalControl\BlockChats = No
[17/06/2023 21:30:51 0000186c]         \settings\ParentalControl\BlockTerrorism = Yes
[17/06/2023 21:30:51 0000186c]         \settings\ParentalControl\BlockE_Mail = No
[17/06/2023 21:30:51 0000186c]         \settings\ParentalControl\BlockSocialNetwork = No
[17/06/2023 21:30:51 0000186c]         \settings\ParentalControl\BlockOnlineGames = No
[17/06/2023 21:30:51 0000186c]         \settings\ParentalControl\BlockAnonymizers = No
[17/06/2023 21:30:51 0000186c]         \settings\ParentalControl\BlockMiners = No
[17/06/2023 21:30:51 0000186c]         ProfileAccessMode = 0
[17/06/2023 21:30:51 0000186c]         InternetAccess[sun] = "111111111111111111111111111111111111111111111111"
[17/06/2023 21:30:51 0000186c]         InternetAccess[mon] = "111111111111111111111111111111111111111111111111"
[17/06/2023 21:30:51 0000186c]         InternetAccess[tue] = "111111111111111111111111111111111111111111111111"
[17/06/2023 21:30:51 0000186c]         InternetAccess[wed] = "111111111111111111111111111111111111111111111111"
[17/06/2023 21:30:51 0000186c]         InternetAccess[thu] = "111111111111111111111111111111111111111111111111"
[17/06/2023 21:30:51 0000186c]         InternetAccess[fri] = "111111111111111111111111111111111111111111111111"
[17/06/2023 21:30:51 0000186c]         InternetAccess[sat] = "111111111111111111111111111111111111111111111111"
[17/06/2023 21:30:51 0000186c]         LogonAccess[sun] = "111111111111111111111111111111111111111111111111"
[17/06/2023 21:30:51 0000186c]         LogonAccess[mon] = "111111111111111111111111111111111111111111111111"
[17/06/2023 21:30:51 0000186c]         LogonAccess[tue] = "111111111111111111111111111111111111111111111111"
[17/06/2023 21:30:51 0000186c]         LogonAccess[wed] = "111111111111111111111111111111111111111111111111"
[17/06/2023 21:30:51 0000186c]         LogonAccess[thu] = "111111111111111111111111111111111111111111111111"
[17/06/2023 21:30:51 0000186c]         LogonAccess[fri] = "111111111111111111111111111111111111111111111111"
[17/06/2023 21:30:51 0000186c]         LogonAccess[sat] = "111111111111111111111111111111111111111111111111"
[17/06/2023 21:30:51 0000186c]         DayLimitWorkdays.enabled = No
[17/06/2023 21:30:51 0000186c]         DayLimitWorkdays.limit = 10800
[17/06/2023 21:30:51 0000186c]         DayLimitWeekend.enabled = No
[17/06/2023 21:30:51 0000186c]         DayLimitWeekend.limit = 10800
[17/06/2023 21:30:51 0000186c]         NightLimitWorkdays.enabled = No
[17/06/2023 21:30:51 0000186c]         NightLimitWorkdays.start = 82800
[17/06/2023 21:30:51 0000186c]         NightLimitWorkdays.end = 25200
[17/06/2023 21:30:51 0000186c]         NightLimitWeekend.enabled = No
[17/06/2023 21:30:51 0000186c]         NightLimitWeekend.start = 82800
[17/06/2023 21:30:51 0000186c]         NightLimitWeekend.end = 25200
[17/06/2023 21:30:51 0000186c] UseCloud = Yes
[17/06/2023 21:30:51 0000186c] SpiderMail is enabled, license ok
[17/06/2023 21:30:51 0000186c] SpiderGate is enabled, license ok
[17/06/2023 21:30:51 0000186c] ParentalControl is enabled
[17/06/2023 21:30:51 0000186c] Antispam license ok
[17/06/2023 21:30:51 00001860] Loading the predefined URL-filter lists from C:\ProgramData\Doctor Web\DWS\
[17/06/2023 21:30:51 00001860] <DEBUG:1> trying url filter base file: C:\ProgramData\Doctor Web\DWS\dwfanonym00.dws
[17/06/2023 21:30:51 00001860] <DEBUG:1> TIMER: file C:\ProgramData\Doctor Web\DWS\dwfanonym00.dws time 1 ms
[17/06/2023 21:30:51 00001860] Url filter ignored (file name = dwfanonym00.dws, type=anonymizer, timestamp=2020-07-07 15:45:23)
[17/06/2023 21:30:51 00001860] <DEBUG:1> trying url filter base file: C:\ProgramData\Doctor Web\DWS\dwfcht00.dws
[17/06/2023 21:30:51 00001860] <DEBUG:1> TIMER: file C:\ProgramData\Doctor Web\DWS\dwfcht00.dws time 4 ms
[17/06/2023 21:30:51 00001860] Url filter ignored (file name = dwfcht00.dws, type=chats, timestamp=2020-11-23 13:00:08)
[17/06/2023 21:30:51 00001860] <DEBUG:1> trying url filter base file: C:\ProgramData\Doctor Web\DWS\dwfdrg00.dws
[17/06/2023 21:30:51 00001860] <DEBUG:1> TIMER: file C:\ProgramData\Doctor Web\DWS\dwfdrg00.dws time 2 ms
[17/06/2023 21:30:51 00001860] Url filter ignored (file name = dwfdrg00.dws, type=drugs, timestamp=2020-11-29 10:30:30)
[17/06/2023 21:30:51 00001860] <DEBUG:1> trying url filter base file: C:\ProgramData\Doctor Web\DWS\dwfeml00.dws
[17/06/2023 21:30:51 00001860] <DEBUG:1> TIMER: file C:\ProgramData\Doctor Web\DWS\dwfeml00.dws time 6 ms
[17/06/2023 21:30:51 00001860] Url filter ignored (file name = dwfeml00.dws, type=e-mail, timestamp=2018-11-29 07:02:12)
[17/06/2023 21:30:51 00001860] <DEBUG:1> trying url filter base file: C:\ProgramData\Doctor Web\DWS\dwffse00.dws
[17/06/2023 21:30:51 00001860] <DEBUG:1> TIMER: file C:\ProgramData\Doctor Web\DWS\dwffse00.dws time 2 ms
[17/06/2023 21:30:51 00001860] Url filter loaded (file name = dwffse00.dws, type=social_engineering, timestamp=2019-11-24 19:30:31)
[17/06/2023 21:30:51 00001860] <DEBUG:1> trying url filter base file: C:\ProgramData\Doctor Web\DWS\dwffse01.dws
[17/06/2023 21:30:51 00001860] <DEBUG:1> TIMER: file C:\ProgramData\Doctor Web\DWS\dwffse01.dws time 6 ms
[17/06/2023 21:30:51 00001860] Url filter loaded (file name = dwffse01.dws, type=social_engineering, timestamp=2020-10-18 14:49:43)
[17/06/2023 21:30:51 00001860] <DEBUG:1> trying url filter base file: C:\ProgramData\Doctor Web\DWS\dwffse02.dws
[17/06/2023 21:30:51 00001860] <DEBUG:1> TIMER: file C:\ProgramData\Doctor Web\DWS\dwffse02.dws time 2 ms
[17/06/2023 21:30:51 00001860] Url filter loaded (file name = dwffse02.dws, type=social_engineering, timestamp=2019-11-19 17:45:10)
[17/06/2023 21:30:51 00001860] <DEBUG:1> trying url filter base file: C:\ProgramData\Doctor Web\DWS\dwffse03.dws
[17/06/2023 21:30:51 00001860] <DEBUG:1> TIMER: file C:\ProgramData\Doctor Web\DWS\dwffse03.dws time 1 ms
[17/06/2023 21:30:51 00001860] Url filter loaded (file name = dwffse03.dws, type=social_engineering, timestamp=2019-11-19 17:45:20)
[17/06/2023 21:30:51 00001860] <DEBUG:1> trying url filter base file: C:\ProgramData\Doctor Web\DWS\dwffse04.dws
[17/06/2023 21:30:51 00001860] <DEBUG:1> TIMER: file C:\ProgramData\Doctor Web\DWS\dwffse04.dws time 2 ms
[17/06/2023 21:30:51 00001860] Url filter loaded (file name = dwffse04.dws, type=social_engineering, timestamp=2019-11-19 15:15:52)
[17/06/2023 21:30:51 00001860] <DEBUG:1> trying url filter base file: C:\ProgramData\Doctor Web\DWS\dwffse05.dws
[17/06/2023 21:30:51 00001860] <DEBUG:1> TIMER: file C:\ProgramData\Doctor Web\DWS\dwffse05.dws time 10 ms
[17/06/2023 21:30:51 00001860] Url filter loaded (file name = dwffse05.dws, type=social_engineering, timestamp=2020-09-12 17:00:31)
[17/06/2023 21:30:51 00001860] <DEBUG:1> trying url filter base file: C:\ProgramData\Doctor Web\DWS\dwffse06.dws
[17/06/2023 21:30:51 00001860] <DEBUG:1> TIMER: file C:\ProgramData\Doctor Web\DWS\dwffse06.dws time 0 ms
[17/06/2023 21:30:51 00001860] Url filter loaded (file name = dwffse06.dws, type=social_engineering, timestamp=2020-09-21 15:15:35)
[17/06/2023 21:30:51 00001860] <DEBUG:1> trying url filter base file: C:\ProgramData\Doctor Web\DWS\dwffse07.dws
[17/06/2023 21:30:51 00001860] <DEBUG:1> TIMER: file C:\ProgramData\Doctor Web\DWS\dwffse07.dws time 2 ms
[17/06/2023 21:30:51 00001860] Url filter loaded (file name = dwffse07.dws, type=social_engineering, timestamp=2020-07-07 10:00:35)
[17/06/2023 21:30:51 00001860] <DEBUG:1> trying url filter base file: C:\ProgramData\Doctor Web\DWS\dwffse08.dws
[17/06/2023 21:30:51 00001860] <DEBUG:1> TIMER: file C:\ProgramData\Doctor Web\DWS\dwffse08.dws time 4 ms
[17/06/2023 21:30:51 00001860] Url filter loaded (file name = dwffse08.dws, type=social_engineering, timestamp=2020-09-19 10:15:37)
[17/06/2023 21:30:51 00001860] <DEBUG:1> trying url filter base file: C:\ProgramData\Doctor Web\DWS\dwffse09.dws
[17/06/2023 21:30:51 00001860] <DEBUG:1> TIMER: file C:\ProgramData\Doctor Web\DWS\dwffse09.dws time 3 ms
[17/06/2023 21:30:51 00001860] Url filter loaded (file name = dwffse09.dws, type=social_engineering, timestamp=2020-11-25 13:00:23)
[17/06/2023 21:30:51 00001860] <DEBUG:1> trying url filter base file: C:\ProgramData\Doctor Web\DWS\dwffse_addon.dws
[17/06/2023 21:30:51 00001860] <DEBUG:1> TIMER: file C:\ProgramData\Doctor Web\DWS\dwffse_addon.dws time 7 ms
[17/06/2023 21:30:51 00001860] Url filter loaded (file name = dwffse_addon.dws, type=social_engineering, timestamp=2021-00-04 09:15:04)
[17/06/2023 21:30:51 00001860] <DEBUG:1> trying url filter base file: C:\ProgramData\Doctor Web\DWS\dwfgml00.dws
[17/06/2023 21:30:51 00001860] <DEBUG:1> TIMER: file C:\ProgramData\Doctor Web\DWS\dwfgml00.dws time 5 ms
[17/06/2023 21:30:51 00001860] Url filter ignored (file name = dwfgml00.dws, type=gamble, timestamp=2019-11-22 03:45:37)
[17/06/2023 21:30:51 00001860] <DEBUG:1> trying url filter base file: C:\ProgramData\Doctor Web\DWS\dwfgml01.dws
[17/06/2023 21:30:51 00001860] <DEBUG:1> TIMER: file C:\ProgramData\Doctor Web\DWS\dwfgml01.dws time 3 ms
[17/06/2023 21:30:51 00001860] Url filter ignored (file name = dwfgml01.dws, type=gamble, timestamp=2019-11-21 15:00:08)
[17/06/2023 21:30:51 00001860] <DEBUG:1> trying url filter base file: C:\ProgramData\Doctor Web\DWS\dwfgml02.dws
[17/06/2023 21:30:51 00001860] <DEBUG:1> TIMER: file C:\ProgramData\Doctor Web\DWS\dwfgml02.dws time 9 ms
[17/06/2023 21:30:51 00001860] Url filter ignored (file name = dwfgml02.dws, type=gamble, timestamp=2019-11-20 17:45:14)
[17/06/2023 21:30:51 00001860] <DEBUG:1> trying url filter base file: C:\ProgramData\Doctor Web\DWS\dwfgml03.dws
[17/06/2023 21:30:51 00001860] <DEBUG:1> TIMER: file C:\ProgramData\Doctor Web\DWS\dwfgml03.dws time 3 ms
[17/06/2023 21:30:51 00001860] Url filter ignored (file name = dwfgml03.dws, type=gamble, timestamp=2019-11-21 09:01:41)
[17/06/2023 21:30:51 00001860] <DEBUG:1> trying url filter base file: C:\ProgramData\Doctor Web\DWS\dwfgml04.dws
[17/06/2023 21:30:51 00001860] <DEBUG:1> TIMER: file C:\ProgramData\Doctor Web\DWS\dwfgml04.dws time 2 ms
[17/06/2023 21:30:51 00001860] Url filter ignored (file name = dwfgml04.dws, type=gamble, timestamp=2019-11-21 09:00:36)
[17/06/2023 21:30:51 00001860] <DEBUG:1> trying url filter base file: C:\ProgramData\Doctor Web\DWS\dwfgml05.dws
[17/06/2023 21:30:51 00001860] <DEBUG:1> TIMER: file C:\ProgramData\Doctor Web\DWS\dwfgml05.dws time 3 ms
[17/06/2023 21:30:51 00001860] Url filter ignored (file name = dwfgml05.dws, type=gamble, timestamp=2019-11-21 09:01:26)
[17/06/2023 21:30:51 00001860] <DEBUG:1> trying url filter base file: C:\ProgramData\Doctor Web\DWS\dwfgml06.dws
[17/06/2023 21:30:51 00001860] <DEBUG:1> TIMER: file C:\ProgramData\Doctor Web\DWS\dwfgml06.dws time 6 ms
[17/06/2023 21:30:51 00001860] Url filter ignored (file name = dwfgml06.dws, type=gamble, timestamp=2019-11-21 09:01:11)
[17/06/2023 21:30:51 00001860] <DEBUG:1> trying url filter base file: C:\ProgramData\Doctor Web\DWS\dwfgml07.dws
[17/06/2023 21:30:51 00001860] <DEBUG:1> TIMER: file C:\ProgramData\Doctor Web\DWS\dwfgml07.dws time 3 ms
[17/06/2023 21:30:51 00001860] Url filter ignored (file name = dwfgml07.dws, type=gamble, timestamp=2019-11-21 14:45:40)
[17/06/2023 21:30:51 00001860] <DEBUG:1> trying url filter base file: C:\ProgramData\Doctor Web\DWS\dwfgml08.dws
[17/06/2023 21:30:51 00001860] <DEBUG:1> TIMER: file C:\ProgramData\Doctor Web\DWS\dwfgml08.dws time 3 ms
[17/06/2023 21:30:51 00001860] Url filter ignored (file name = dwfgml08.dws, type=gamble, timestamp=2019-11-21 14:45:58)
[17/06/2023 21:30:51 00001860] <DEBUG:1> trying url filter base file: C:\ProgramData\Doctor Web\DWS\dwfgml09.dws
[17/06/2023 21:30:51 00001860] <DEBUG:1> TIMER: file C:\ProgramData\Doctor Web\DWS\dwfgml09.dws time 2 ms
[17/06/2023 21:30:51 00001860] Url filter ignored (file name = dwfgml09.dws, type=gamble, timestamp=2019-11-21 14:45:51)
[17/06/2023 21:30:51 00001860] <DEBUG:1> trying url filter base file: C:\ProgramData\Doctor Web\DWS\dwfgml10.dws
[17/06/2023 21:30:51 00001860] <DEBUG:1> TIMER: file C:\ProgramData\Doctor Web\DWS\dwfgml10.dws time 4 ms
[17/06/2023 21:30:51 00001860] Url filter ignored (file name = dwfgml10.dws, type=gamble, timestamp=2019-11-21 14:45:28)
[17/06/2023 21:30:51 00001860] <DEBUG:1> trying url filter base file: C:\ProgramData\Doctor Web\DWS\dwfgml11.dws
[17/06/2023 21:30:51 00001860] <DEBUG:1> TIMER: file C:\ProgramData\Doctor Web\DWS\dwfgml11.dws time 2 ms
[17/06/2023 21:30:51 00001860] Url filter ignored (file name = dwfgml11.dws, type=gamble, timestamp=2019-11-21 20:30:30)
[17/06/2023 21:30:51 00001860] <DEBUG:1> trying url filter base file: C:\ProgramData\Doctor Web\DWS\dwfgml12.dws
[17/06/2023 21:30:51 00001860] <DEBUG:1> TIMER: file C:\ProgramData\Doctor Web\DWS\dwfgml12.dws time 1 ms
[17/06/2023 21:30:51 00001860] Url filter ignored (file name = dwfgml12.dws, type=gamble, timestamp=2019-11-21 20:30:34)
[17/06/2023 21:30:51 00001860] <DEBUG:1> trying url filter base file: C:\ProgramData\Doctor Web\DWS\dwfgml13.dws
[17/06/2023 21:30:51 00001860] <DEBUG:1> TIMER: file C:\ProgramData\Doctor Web\DWS\dwfgml13.dws time 2 ms
[17/06/2023 21:30:51 00001860] Url filter ignored (file name = dwfgml13.dws, type=gamble, timestamp=2019-11-21 20:30:19)
[17/06/2023 21:30:51 00001860] <DEBUG:1> trying url filter base file: C:\ProgramData\Doctor Web\DWS\dwfgml14.dws
[17/06/2023 21:30:51 00001860] <DEBUG:1> TIMER: file C:\ProgramData\Doctor Web\DWS\dwfgml14.dws time 3 ms
[17/06/2023 21:30:51 00001860] Url filter ignored (file name = dwfgml14.dws, type=gamble, timestamp=2019-11-22 03:45:20)
[17/06/2023 21:30:51 00001860] <DEBUG:1> trying url filter base file: C:\ProgramData\Doctor Web\DWS\dwfgml15.dws
[17/06/2023 21:30:51 00001860] <DEBUG:1> TIMER: file C:\ProgramData\Doctor Web\DWS\dwfgml15.dws time 1 ms
[17/06/2023 21:30:51 00001860] Url filter ignored (file name = dwfgml15.dws, type=gamble, timestamp=2019-11-22 03:45:13)
[17/06/2023 21:30:51 00001860] <DEBUG:1> trying url filter base file: C:\ProgramData\Doctor Web\DWS\dwfgml16.dws
[17/06/2023 21:30:51 00001860] <DEBUG:1> TIMER: file C:\ProgramData\Doctor Web\DWS\dwfgml16.dws time 1 ms
[17/06/2023 21:30:51 00001860] Url filter ignored (file name = dwfgml16.dws, type=gamble, timestamp=2019-11-22 14:31:54)
[17/06/2023 21:30:51 00001860] <DEBUG:1> trying url filter base file: C:\ProgramData\Doctor Web\DWS\dwfgml17.dws
[17/06/2023 21:30:51 00001860] <DEBUG:1> TIMER: file C:\ProgramData\Doctor Web\DWS\dwfgml17.dws time 1 ms
[17/06/2023 21:30:51 00001860] Url filter ignored (file name = dwfgml17.dws, type=gamble, timestamp=2019-11-22 14:31:13)
[17/06/2023 21:30:51 00001860] <DEBUG:1> trying url filter base file: C:\ProgramData\Doctor Web\DWS\dwfgml18.dws
[17/06/2023 21:30:51 00001860] <DEBUG:1> TIMER: file C:\ProgramData\Doctor Web\DWS\dwfgml18.dws time 6 ms
[17/06/2023 21:30:51 00001860] Url filter ignored (file name = dwfgml18.dws, type=gamble, timestamp=2019-11-23 12:15:38)
[17/06/2023 21:30:51 00001860] <DEBUG:1> trying url filter base file: C:\ProgramData\Doctor Web\DWS\dwfgml19.dws
[17/06/2023 21:30:51 00001860] <DEBUG:1> TIMER: file C:\ProgramData\Doctor Web\DWS\dwfgml19.dws time 1 ms
[17/06/2023 21:30:51 00001860] Url filter ignored (file name = dwfgml19.dws, type=gamble, timestamp=2020-11-30 14:45:25)
[17/06/2023 21:30:51 00001860] <DEBUG:1> trying url filter base file: C:\ProgramData\Doctor Web\DWS\dwfminers00.dws
[17/06/2023 21:30:51 00001860] <DEBUG:1> TIMER: file C:\ProgramData\Doctor Web\DWS\dwfminers00.dws time 1 ms
[17/06/2023 21:30:51 00001860] Url filter ignored (file name = dwfminers00.dws, type=miners, timestamp=2020-11-07 11:15:03)
[17/06/2023 21:30:51 00001860] <DEBUG:1> trying url filter base file: C:\ProgramData\Doctor Web\DWS\dwfmlw00.dws
[17/06/2023 21:30:51 00001860] <DEBUG:1> TIMER: file C:\ProgramData\Doctor Web\DWS\dwfmlw00.dws time 3 ms
[17/06/2023 21:30:51 00001860] Url filter loaded (file name = dwfmlw00.dws, type=malware, timestamp=2019-10-07 19:56:25)
[17/06/2023 21:30:51 00001860] <DEBUG:1> trying url filter base file: C:\ProgramData\Doctor Web\DWS\dwfmlw01.dws
[17/06/2023 21:30:51 00001860] <DEBUG:1> TIMER: file C:\ProgramData\Doctor Web\DWS\dwfmlw01.dws time 1 ms
[17/06/2023 21:30:51 00001860] Url filter loaded (file name = dwfmlw01.dws, type=malware, timestamp=2019-11-16 16:46:19)
[17/06/2023 21:30:51 00001860] <DEBUG:1> trying url filter base file: C:\ProgramData\Doctor Web\DWS\dwfmlw02.dws
[17/06/2023 21:30:51 00001860] <DEBUG:1> TIMER: file C:\ProgramData\Doctor Web\DWS\dwfmlw02.dws time 1 ms
[17/06/2023 21:30:51 00001860] Url filter loaded (file name = dwfmlw02.dws, type=malware, timestamp=2019-11-17 12:31:13)
[17/06/2023 21:30:51 00001860] <DEBUG:1> trying url filter base file: C:\ProgramData\Doctor Web\DWS\dwfmlw03.dws
[17/06/2023 21:30:51 00001860] <DEBUG:1> TIMER: file C:\ProgramData\Doctor Web\DWS\dwfmlw03.dws time 2 ms
[17/06/2023 21:30:51 00001860] Url filter loaded (file name = dwfmlw03.dws, type=malware, timestamp=2019-11-18 13:01:39)
[17/06/2023 21:30:51 00001860] <DEBUG:1> trying url filter base file: C:\ProgramData\Doctor Web\DWS\dwfmlw04.dws
[17/06/2023 21:30:51 00001860] <DEBUG:1> TIMER: file C:\ProgramData\Doctor Web\DWS\dwfmlw04.dws time 1 ms
[17/06/2023 21:30:51 00001860] Url filter loaded (file name = dwfmlw04.dws, type=malware, timestamp=2019-11-18 18:30:20)
[17/06/2023 21:30:51 00001860] <DEBUG:1> trying url filter base file: C:\ProgramData\Doctor Web\DWS\dwfmlw05.dws
[17/06/2023 21:30:51 00001860] <DEBUG:1> TIMER: file C:\ProgramData\Doctor Web\DWS\dwfmlw05.dws time 1 ms
[17/06/2023 21:30:51 00001860] Url filter loaded (file name = dwfmlw05.dws, type=malware, timestamp=2020-11-12 00:45:16)
[17/06/2023 21:30:51 00001860] <DEBUG:1> trying url filter base file: C:\ProgramData\Doctor Web\DWS\dwfmlw06.dws
[17/06/2023 21:30:51 00001860] <DEBUG:1> TIMER: file C:\ProgramData\Doctor Web\DWS\dwfmlw06.dws time 1 ms
[17/06/2023 21:30:51 00001860] Url filter loaded (file name = dwfmlw06.dws, type=malware, timestamp=2019-11-13 15:45:59)
[17/06/2023 21:30:51 00001860] <DEBUG:1> trying url filter base file: C:\ProgramData\Doctor Web\DWS\dwfmlw07.dws
[17/06/2023 21:30:51 00001860] <DEBUG:1> TIMER: file C:\ProgramData\Doctor Web\DWS\dwfmlw07.dws time 2 ms
[17/06/2023 21:30:51 00001860] Url filter loaded (file name = dwfmlw07.dws, type=malware, timestamp=2019-11-16 12:45:36)
[17/06/2023 21:30:51 00001860] <DEBUG:1> trying url filter base file: C:\ProgramData\Doctor Web\DWS\dwfmlw08.dws
[17/06/2023 21:30:51 00001860] <DEBUG:1> TIMER: file C:\ProgramData\Doctor Web\DWS\dwfmlw08.dws time 1 ms
[17/06/2023 21:30:51 00001860] Url filter loaded (file name = dwfmlw08.dws, type=malware, timestamp=2019-11-18 01:15:36)
[17/06/2023 21:30:51 00001860] <DEBUG:1> trying url filter base file: C:\ProgramData\Doctor Web\DWS\dwfmlw09.dws
[17/06/2023 21:30:51 00001860] <DEBUG:1> TIMER: file C:\ProgramData\Doctor Web\DWS\dwfmlw09.dws time 1 ms
[17/06/2023 21:30:51 00001860] Url filter loaded (file name = dwfmlw09.dws, type=malware, timestamp=2019-11-19 00:30:54)
[17/06/2023 21:30:51 00001860] <DEBUG:1> trying url filter base file: C:\ProgramData\Doctor Web\DWS\dwfmlw10.dws
[17/06/2023 21:30:51 00001860] <DEBUG:1> TIMER: file C:\ProgramData\Doctor Web\DWS\dwfmlw10.dws time 1 ms
[17/06/2023 21:30:51 00001860] Url filter loaded (file name = dwfmlw10.dws, type=malware, timestamp=2020-05-26 09:15:33)
[17/06/2023 21:30:51 00001860] <DEBUG:1> trying url filter base file: C:\ProgramData\Doctor Web\DWS\dwfmlw11.dws
[17/06/2023 21:30:51 00001860] <DEBUG:1> TIMER: file C:\ProgramData\Doctor Web\DWS\dwfmlw11.dws time 2 ms
[17/06/2023 21:30:51 00001860] Url filter loaded (file name = dwfmlw11.dws, type=malware, timestamp=2020-10-10 16:15:21)
[17/06/2023 21:30:51 00001860] <DEBUG:1> trying url filter base file: C:\ProgramData\Doctor Web\DWS\dwfmlw_addon.dws
[17/06/2023 21:30:51 00001860] <DEBUG:1> TIMER: file C:\ProgramData\Doctor Web\DWS\dwfmlw_addon.dws time 1 ms
[17/06/2023 21:30:51 00001860] Url filter loaded (file name = dwfmlw_addon.dws, type=malware, timestamp=2021-00-06 06:30:18)
[17/06/2023 21:30:51 00001860] <DEBUG:1> trying url filter base file: C:\ProgramData\Doctor Web\DWS\dwfobs00.dws
[17/06/2023 21:30:51 00001860] <DEBUG:1> TIMER: file C:\ProgramData\Doctor Web\DWS\dwfobs00.dws time 1 ms
[17/06/2023 21:30:51 00001860] Url filter ignored (file name = dwfobs00.dws, type=obscenity, timestamp=2018-09-02 13:30:06)
[17/06/2023 21:30:51 00001860] <DEBUG:1> trying url filter base file: C:\ProgramData\Doctor Web\DWS\dwfogm00.dws
[17/06/2023 21:30:51 00001860] <DEBUG:1> TIMER: file C:\ProgramData\Doctor Web\DWS\dwfogm00.dws time 2 ms
[17/06/2023 21:30:51 00001860] Url filter ignored (file name = dwfogm00.dws, type=online_games, timestamp=2020-10-27 19:30:06)
[17/06/2023 21:30:51 00001860] <DEBUG:1> trying url filter base file: C:\ProgramData\Doctor Web\DWS\dwfprc00.dws
[17/06/2023 21:30:51 00001860] <DEBUG:1> TIMER: file C:\ProgramData\Doctor Web\DWS\dwfprc00.dws time 1 ms
[17/06/2023 21:30:51 00001860] Url filter loaded (file name = dwfprc00.dws, type=piracy, timestamp=2020-09-28 11:00:05)
[17/06/2023 21:30:51 00001860] <DEBUG:1> trying url filter base file: C:\ProgramData\Doctor Web\DWS\dwfprn00.dws
[17/06/2023 21:30:51 00001860] <DEBUG:1> TIMER: file C:\ProgramData\Doctor Web\DWS\dwfprn00.dws time 2 ms
[17/06/2023 21:30:51 00001860] Url filter ignored (file name = dwfprn00.dws, type=porno, timestamp=2019-10-12 19:05:37)
[17/06/2023 21:30:51 00001860] <DEBUG:1> trying url filter base file: C:\ProgramData\Doctor Web\DWS\dwfprn01.dws
[17/06/2023 21:30:51 00001860] <DEBUG:1> TIMER: file C:\ProgramData\Doctor Web\DWS\dwfprn01.dws time 2 ms
[17/06/2023 21:30:51 00001860] Url filter ignored (file name = dwfprn01.dws, type=porno, timestamp=2019-10-12 13:16:54)
[17/06/2023 21:30:51 00001860] <DEBUG:1> trying url filter base file: C:\ProgramData\Doctor Web\DWS\dwfprn02.dws
[17/06/2023 21:30:51 00001860] <DEBUG:1> TIMER: file C:\ProgramData\Doctor Web\DWS\dwfprn02.dws time 1 ms
[17/06/2023 21:30:51 00001860] Url filter ignored (file name = dwfprn02.dws, type=porno, timestamp=2019-10-10 00:02:26)
[17/06/2023 21:30:51 00001860] <DEBUG:1> trying url filter base file: C:\ProgramData\Doctor Web\DWS\dwfprn03.dws
[17/06/2023 21:30:51 00001860] <DEBUG:1> TIMER: file C:\ProgramData\Doctor Web\DWS\dwfprn03.dws time 1 ms
[17/06/2023 21:30:51 00001860] Url filter ignored (file name = dwfprn03.dws, type=porno, timestamp=2019-10-10 03:47:29)
[17/06/2023 21:30:51 00001860] <DEBUG:1> trying url filter base file: C:\ProgramData\Doctor Web\DWS\dwfprn04.dws
[17/06/2023 21:30:51 00001860] <DEBUG:1> TIMER: file C:\ProgramData\Doctor Web\DWS\dwfprn04.dws time 1 ms
[17/06/2023 21:30:51 00001860] Url filter ignored (file name = dwfprn04.dws, type=porno, timestamp=2019-10-08 01:30:56)
[17/06/2023 21:30:51 00001860] <DEBUG:1> trying url filter base file: C:\ProgramData\Doctor Web\DWS\dwfprn05.dws
[17/06/2023 21:30:51 00001860] <DEBUG:1> TIMER: file C:\ProgramData\Doctor Web\DWS\dwfprn05.dws time 2 ms
[17/06/2023 21:30:51 00001860] Url filter ignored (file name = dwfprn05.dws, type=porno, timestamp=2019-10-08 01:15:19)
[17/06/2023 21:30:51 00001860] <DEBUG:1> trying url filter base file: C:\ProgramData\Doctor Web\DWS\dwfprn06.dws
[17/06/2023 21:30:51 00001860] <DEBUG:1> TIMER: file C:\ProgramData\Doctor Web\DWS\dwfprn06.dws time 2 ms
[17/06/2023 21:30:51 00001860] Url filter ignored (file name = dwfprn06.dws, type=porno, timestamp=2019-10-10 03:46:57)
[17/06/2023 21:30:51 00001860] <DEBUG:1> trying url filter base file: C:\ProgramData\Doctor Web\DWS\dwfprn07.dws
[17/06/2023 21:30:51 00001860] <DEBUG:1> TIMER: file C:\ProgramData\Doctor Web\DWS\dwfprn07.dws time 1 ms
[17/06/2023 21:30:51 00001860] Url filter ignored (file name = dwfprn07.dws, type=porno, timestamp=2019-10-27 12:48:17)
[17/06/2023 21:30:51 00001860] <DEBUG:1> trying url filter base file: C:\ProgramData\Doctor Web\DWS\dwfprn08.dws
[17/06/2023 21:30:51 00001860] <DEBUG:1> TIMER: file C:\ProgramData\Doctor Web\DWS\dwfprn08.dws time 1 ms
[17/06/2023 21:30:51 00001860] Url filter ignored (file name = dwfprn08.dws, type=porno, timestamp=2019-10-27 12:47:03)
[17/06/2023 21:30:51 00001860] <DEBUG:1> trying url filter base file: C:\ProgramData\Doctor Web\DWS\dwfprn09.dws
[17/06/2023 21:30:51 00001860] <DEBUG:1> TIMER: file C:\ProgramData\Doctor Web\DWS\dwfprn09.dws time 2 ms
[17/06/2023 21:30:51 00001860] Url filter ignored (file name = dwfprn09.dws, type=porno, timestamp=2019-10-27 12:46:01)
[17/06/2023 21:30:51 00001860] <DEBUG:1> trying url filter base file: C:\ProgramData\Doctor Web\DWS\dwfprn10.dws
[17/06/2023 21:30:51 00001860] <DEBUG:1> TIMER: file C:\ProgramData\Doctor Web\DWS\dwfprn10.dws time 2 ms
[17/06/2023 21:30:51 00001860] Url filter ignored (file name = dwfprn10.dws, type=porno, timestamp=2019-10-11 03:00:50)
[17/06/2023 21:30:51 00001860] <DEBUG:1> trying url filter base file: C:\ProgramData\Doctor Web\DWS\dwfprn11.dws
[17/06/2023 21:30:51 00001860] <DEBUG:1> TIMER: file C:\ProgramData\Doctor Web\DWS\dwfprn11.dws time 1 ms
[17/06/2023 21:30:51 00001860] Url filter ignored (file name = dwfprn11.dws, type=porno, timestamp=2019-10-10 00:00:51)
[17/06/2023 21:30:51 00001860] <DEBUG:1> trying url filter base file: C:\ProgramData\Doctor Web\DWS\dwfprn12.dws
[17/06/2023 21:30:51 00001860] <DEBUG:1> TIMER: file C:\ProgramData\Doctor Web\DWS\dwfprn12.dws time 1 ms
[17/06/2023 21:30:51 00001860] Url filter ignored (file name = dwfprn12.dws, type=porno, timestamp=2019-10-08 17:00:32)
[17/06/2023 21:30:51 00001860] <DEBUG:1> trying url filter base file: C:\ProgramData\Doctor Web\DWS\dwfprn13.dws
[17/06/2023 21:30:51 00001860] <DEBUG:1> TIMER: file C:\ProgramData\Doctor Web\DWS\dwfprn13.dws time 2 ms
[17/06/2023 21:30:51 00001860] Url filter ignored (file name = dwfprn13.dws, type=porno, timestamp=2019-10-10 03:45:11)
[17/06/2023 21:30:51 00001860] <DEBUG:1> trying url filter base file: C:\ProgramData\Doctor Web\DWS\dwfprn14.dws
[17/06/2023 21:30:51 00001860] <DEBUG:1> TIMER: file C:\ProgramData\Doctor Web\DWS\dwfprn14.dws time 1 ms
[17/06/2023 21:30:51 00001860] Url filter ignored (file name = dwfprn14.dws, type=porno, timestamp=2019-10-09 01:00:37)
[17/06/2023 21:30:51 00001860] <DEBUG:1> trying url filter base file: C:\ProgramData\Doctor Web\DWS\dwfprn15.dws
[17/06/2023 21:30:51 00001860] <DEBUG:1> TIMER: file C:\ProgramData\Doctor Web\DWS\dwfprn15.dws time 1 ms
[17/06/2023 21:30:51 00001860] Url filter ignored (file name = dwfprn15.dws, type=porno, timestamp=2019-10-10 03:46:16)
[17/06/2023 21:30:51 00001860] <DEBUG:1> trying url filter base file: C:\ProgramData\Doctor Web\DWS\dwfprn16.dws
[17/06/2023 21:30:51 00001860] <DEBUG:1> TIMER: file C:\ProgramData\Doctor Web\DWS\dwfprn16.dws time 2 ms
[17/06/2023 21:30:51 00001860] Url filter ignored (file name = dwfprn16.dws, type=porno, timestamp=2019-10-11 03:01:27)
[17/06/2023 21:30:51 00001860] <DEBUG:1> trying url filter base file: C:\ProgramData\Doctor Web\DWS\dwfprn17.dws
[17/06/2023 21:30:51 00001860] <DEBUG:1> TIMER: file C:\ProgramData\Doctor Web\DWS\dwfprn17.dws time 4 ms
[17/06/2023 21:30:51 00001860] Url filter ignored (file name = dwfprn17.dws, type=porno, timestamp=2019-10-11 03:01:53)
[17/06/2023 21:30:51 00001860] <DEBUG:1> trying url filter base file: C:\ProgramData\Doctor Web\DWS\dwfprn18.dws
[17/06/2023 21:30:51 00001860] <DEBUG:1> TIMER: file C:\ProgramData\Doctor Web\DWS\dwfprn18.dws time 1 ms
[17/06/2023 21:30:51 00001860] Url filter ignored (file name = dwfprn18.dws, type=porno, timestamp=2019-10-10 03:45:53)
[17/06/2023 21:30:51 00001860] <DEBUG:1> trying url filter base file: C:\ProgramData\Doctor Web\DWS\dwfprn19.dws
[17/06/2023 21:30:51 00001860] <DEBUG:1> TIMER: file C:\ProgramData\Doctor Web\DWS\dwfprn19.dws time 3 ms
[17/06/2023 21:30:51 00001860] Url filter ignored (file name = dwfprn19.dws, type=porno, timestamp=2019-11-04 09:46:16)
[17/06/2023 21:30:51 00001860] <DEBUG:1> trying url filter base file: C:\ProgramData\Doctor Web\DWS\dwfprn20.dws
[17/06/2023 21:30:51 00001860] <DEBUG:1> TIMER: file C:\ProgramData\Doctor Web\DWS\dwfprn20.dws time 1 ms
[17/06/2023 21:30:51 00001860] Url filter ignored (file name = dwfprn20.dws, type=porno, timestamp=2020-03-22 13:30:29)
[17/06/2023 21:30:51 00001860] <DEBUG:1> trying url filter base file: C:\ProgramData\Doctor Web\DWS\dwfprn21.dws
[17/06/2023 21:30:51 00001860] <DEBUG:1> TIMER: file C:\ProgramData\Doctor Web\DWS\dwfprn21.dws time 2 ms
[17/06/2023 21:30:51 00001860] Url filter ignored (file name = dwfprn21.dws, type=porno, timestamp=2020-08-09 13:15:52)
[17/06/2023 21:30:51 00001860] <DEBUG:1> trying url filter base file: C:\ProgramData\Doctor Web\DWS\dwfprn22.dws
[17/06/2023 21:30:51 00001860] <DEBUG:1> TIMER: file C:\ProgramData\Doctor Web\DWS\dwfprn22.dws time 1 ms
[17/06/2023 21:30:51 00001860] Url filter ignored (file name = dwfprn22.dws, type=porno, timestamp=2020-11-28 12:15:25)
[17/06/2023 21:30:51 00001860] <DEBUG:1> trying url filter base file: C:\ProgramData\Doctor Web\DWS\dwfprn_addon.dws
[17/06/2023 21:30:51 00001860] <DEBUG:1> TIMER: file C:\ProgramData\Doctor Web\DWS\dwfprn_addon.dws time 2 ms
[17/06/2023 21:30:51 00001860] Url filter ignored (file name = dwfprn_addon.dws, type=porno, timestamp=2021-00-05 09:45:03)
[17/06/2023 21:30:51 00001860] <DEBUG:1> trying url filter base file: C:\ProgramData\Doctor Web\DWS\dwfscl00.dws
[17/06/2023 21:30:51 00001860] <DEBUG:1> TIMER: file C:\ProgramData\Doctor Web\DWS\dwfscl00.dws time 1 ms
[17/06/2023 21:30:51 00001860] Url filter ignored (file name = dwfscl00.dws, type=socialnetwork, timestamp=2019-11-23 16:30:23)
[17/06/2023 21:30:51 00001860] <DEBUG:1> trying url filter base file: C:\ProgramData\Doctor Web\DWS\dwfscl01.dws
[17/06/2023 21:30:51 00001860] <DEBUG:1> TIMER: file C:\ProgramData\Doctor Web\DWS\dwfscl01.dws time 2 ms
[17/06/2023 21:30:51 00001860] Url filter ignored (file name = dwfscl01.dws, type=socialnetwork, timestamp=2019-11-23 17:45:23)
[17/06/2023 21:30:51 00001860] <DEBUG:1> trying url filter base file: C:\ProgramData\Doctor Web\DWS\dwfscl02.dws
[17/06/2023 21:30:51 00001860] <DEBUG:1> TIMER: file C:\ProgramData\Doctor Web\DWS\dwfscl02.dws time 1 ms
[17/06/2023 21:30:51 00001860] Url filter ignored (file name = dwfscl02.dws, type=socialnetwork, timestamp=2019-11-23 17:45:28)
[17/06/2023 21:30:51 00001860] <DEBUG:1> trying url filter base file: C:\ProgramData\Doctor Web\DWS\dwfscl03.dws
[17/06/2023 21:30:51 00001860] <DEBUG:1> TIMER: file C:\ProgramData\Doctor Web\DWS\dwfscl03.dws time 2 ms
[17/06/2023 21:30:51 00001860] Url filter ignored (file name = dwfscl03.dws, type=socialnetwork, timestamp=2019-11-23 17:45:33)
[17/06/2023 21:30:51 00001860] <DEBUG:1> trying url filter base file: C:\ProgramData\Doctor Web\DWS\dwfscl04.dws
[17/06/2023 21:30:51 00001860] <DEBUG:1> TIMER: file C:\ProgramData\Doctor Web\DWS\dwfscl04.dws time 1 ms
[17/06/2023 21:30:51 00001860] Url filter ignored (file name = dwfscl04.dws, type=socialnetwork, timestamp=2019-11-23 17:45:16)
[17/06/2023 21:30:51 00001860] <DEBUG:1> trying url filter base file: C:\ProgramData\Doctor Web\DWS\dwfscl05.dws
[17/06/2023 21:30:51 00001860] <DEBUG:1> TIMER: file C:\ProgramData\Doctor Web\DWS\dwfscl05.dws time 2 ms
[17/06/2023 21:30:51 00001860] Url filter ignored (file name = dwfscl05.dws, type=socialnetwork, timestamp=2019-11-24 01:45:24)
[17/06/2023 21:30:51 00001860] <DEBUG:1> trying url filter base file: C:\ProgramData\Doctor Web\DWS\dwfscl06.dws
[17/06/2023 21:30:51 00001860] <DEBUG:1> TIMER: file C:\ProgramData\Doctor Web\DWS\dwfscl06.dws time 1 ms
[17/06/2023 21:30:51 00001860] Url filter ignored (file name = dwfscl06.dws, type=socialnetwork, timestamp=2019-11-24 01:45:33)
[17/06/2023 21:30:51 00001860] <DEBUG:1> trying url filter base file: C:\ProgramData\Doctor Web\DWS\dwfscl07.dws
[17/06/2023 21:30:51 00001860] <DEBUG:1> TIMER: file C:\ProgramData\Doctor Web\DWS\dwfscl07.dws time 1 ms
[17/06/2023 21:30:51 00001860] Url filter ignored (file name = dwfscl07.dws, type=socialnetwork, timestamp=2019-11-24 01:45:18)
[17/06/2023 21:30:51 00001860] <DEBUG:1> trying url filter base file: C:\ProgramData\Doctor Web\DWS\dwfscl08.dws
[17/06/2023 21:30:51 00001860] <DEBUG:1> TIMER: file C:\ProgramData\Doctor Web\DWS\dwfscl08.dws time 1 ms
[17/06/2023 21:30:51 00001860] Url filter ignored (file name = dwfscl08.dws, type=socialnetwork, timestamp=2019-11-24 01:45:41)
[17/06/2023 21:30:51 00001860] <DEBUG:1> trying url filter base file: C:\ProgramData\Doctor Web\DWS\dwfscl09.dws
[17/06/2023 21:30:51 00001860] <DEBUG:1> TIMER: file C:\ProgramData\Doctor Web\DWS\dwfscl09.dws time 2 ms
[17/06/2023 21:30:51 00001860] Url filter ignored (file name = dwfscl09.dws, type=socialnetwork, timestamp=2019-11-24 01:45:27)
[17/06/2023 21:30:51 00001860] <DEBUG:1> trying url filter base file: C:\ProgramData\Doctor Web\DWS\dwfscl10.dws
[17/06/2023 21:30:51 00001860] <DEBUG:1> TIMER: file C:\ProgramData\Doctor Web\DWS\dwfscl10.dws time 1 ms
[17/06/2023 21:30:51 00001860] Url filter ignored (file name = dwfscl10.dws, type=socialnetwork, timestamp=2019-11-24 01:45:51)
[17/06/2023 21:30:51 00001860] <DEBUG:1> trying url filter base file: C:\ProgramData\Doctor Web\DWS\dwfscl11.dws
[17/06/2023 21:30:51 00001860] <DEBUG:1> TIMER: file C:\ProgramData\Doctor Web\DWS\dwfscl11.dws time 1 ms
[17/06/2023 21:30:51 00001860] Url filter ignored (file name = dwfscl11.dws, type=socialnetwork, timestamp=2019-11-24 12:15:16)
[17/06/2023 21:30:51 00001860] <DEBUG:1> trying url filter base file: C:\ProgramData\Doctor Web\DWS\dwfscl12.dws
[17/06/2023 21:30:51 00001860] <DEBUG:1> TIMER: file C:\ProgramData\Doctor Web\DWS\dwfscl12.dws time 1 ms
[17/06/2023 21:30:51 00001860] Url filter ignored (file name = dwfscl12.dws, type=socialnetwork, timestamp=2019-11-24 12:15:23)
[17/06/2023 21:30:51 00001860] <DEBUG:1> trying url filter base file: C:\ProgramData\Doctor Web\DWS\dwfscl13.dws
[17/06/2023 21:30:51 00001860] <DEBUG:1> TIMER: file C:\ProgramData\Doctor Web\DWS\dwfscl13.dws time 3 ms
[17/06/2023 21:30:51 00001860] Url filter ignored (file name = dwfscl13.dws, type=socialnetwork, timestamp=2019-11-24 18:15:39)
[17/06/2023 21:30:51 00001860] <DEBUG:1> trying url filter base file: C:\ProgramData\Doctor Web\DWS\dwfscl14.dws
[17/06/2023 21:30:51 00001860] <DEBUG:1> TIMER: file C:\ProgramData\Doctor Web\DWS\dwfscl14.dws time 1 ms
[17/06/2023 21:30:51 00001860] Url filter ignored (file name = dwfscl14.dws, type=socialnetwork, timestamp=2019-11-24 19:15:36)
[17/06/2023 21:30:51 00001860] <DEBUG:1> trying url filter base file: C:\ProgramData\Doctor Web\DWS\dwfscl15.dws
[17/06/2023 21:30:51 00001860] <DEBUG:1> TIMER: file C:\ProgramData\Doctor Web\DWS\dwfscl15.dws time 1 ms
[17/06/2023 21:30:51 00001860] Url filter ignored (file name = dwfscl15.dws, type=socialnetwork, timestamp=2021-00-05 09:15:05)
[17/06/2023 21:30:51 00001860] <DEBUG:1> trying url filter base file: C:\ProgramData\Doctor Web\DWS\dwfter00.dws
[17/06/2023 21:30:51 00001860] <DEBUG:1> TIMER: file C:\ProgramData\Doctor Web\DWS\dwfter00.dws time 1 ms
[17/06/2023 21:30:51 00001860] Url filter ignored (file name = dwfter00.dws, type=terrorism, timestamp=2019-04-20 17:15:14)
[17/06/2023 21:30:51 00001860] <DEBUG:1> trying url filter base file: C:\ProgramData\Doctor Web\DWS\dwfvln00.dws
[17/06/2023 21:30:51 00001860] <DEBUG:1> TIMER: file C:\ProgramData\Doctor Web\DWS\dwfvln00.dws time 2 ms
[17/06/2023 21:30:51 00001860] Url filter ignored (file name = dwfvln00.dws, type=violence, timestamp=2011-11-01 09:31:02)
[17/06/2023 21:30:51 00001860] <DEBUG:1> trying url filter base file: C:\ProgramData\Doctor Web\DWS\dwfvln01.dws
[17/06/2023 21:30:51 00001860] <DEBUG:1> TIMER: file C:\ProgramData\Doctor Web\DWS\dwfvln01.dws time 2 ms
[17/06/2023 21:30:51 00001860] Url filter ignored (file name = dwfvln01.dws, type=violence, timestamp=2020-09-26 16:15:04)
[17/06/2023 21:30:51 00001860] <DEBUG:1> trying url filter base file: C:\ProgramData\Doctor Web\DWS\dwfwpn00.dws
[17/06/2023 21:30:51 00001860] <DEBUG:1> TIMER: file C:\ProgramData\Doctor Web\DWS\dwfwpn00.dws time 1 ms
[17/06/2023 21:30:51 00001860] Url filter ignored (file name = dwfwpn00.dws, type=weapon, timestamp=2020-09-26 16:15:05)
[17/06/2023 21:30:51 00001860] <DEBUG:1> trying url filter base file: C:\ProgramData\Doctor Web\DWS\white_dwfanonym.dws
[17/06/2023 21:30:51 00001860] <DEBUG:1> TIMER: file C:\ProgramData\Doctor Web\DWS\white_dwfanonym.dws time 1 ms
[17/06/2023 21:30:51 00001860] Url filter ignored (file name = white_dwfanonym.dws, type=whitelist_anonymizer, timestamp=2019-03-22 18:15:06)
[17/06/2023 21:30:51 00001860] <DEBUG:1> trying url filter base file: C:\ProgramData\Doctor Web\DWS\white_dwfcht.dws
[17/06/2023 21:30:51 00001860] <DEBUG:1> TIMER: file C:\ProgramData\Doctor Web\DWS\white_dwfcht.dws time 3 ms
[17/06/2023 21:30:51 00001860] Url filter ignored (file name = white_dwfcht.dws, type=whitelist_chats, timestamp=2019-03-22 18:15:06)
[17/06/2023 21:30:51 00001860] <DEBUG:1> trying url filter base file: C:\ProgramData\Doctor Web\DWS\white_dwfdrg.dws
[17/06/2023 21:30:51 00001860] <DEBUG:1> TIMER: file C:\ProgramData\Doctor Web\DWS\white_dwfdrg.dws time 1 ms
[17/06/2023 21:30:51 00001860] Url filter ignored (file name = white_dwfdrg.dws, type=whitelist_drugs, timestamp=2020-07-04 07:15:14)
[17/06/2023 21:30:51 00001860] <DEBUG:1> trying url filter base file: C:\ProgramData\Doctor Web\DWS\white_dwfeml.dws
[17/06/2023 21:30:51 00001860] <DEBUG:1> TIMER: file C:\ProgramData\Doctor Web\DWS\white_dwfeml.dws time 1 ms
[17/06/2023 21:30:51 00001860] Url filter ignored (file name = white_dwfeml.dws, type=whitelist_e-mail, timestamp=2019-03-22 18:15:06)
[17/06/2023 21:30:51 00001860] <DEBUG:1> trying url filter base file: C:\ProgramData\Doctor Web\DWS\white_dwffse.dws
[17/06/2023 21:30:51 00001860] <DEBUG:1> TIMER: file C:\ProgramData\Doctor Web\DWS\white_dwffse.dws time 1 ms
[17/06/2023 21:30:51 00001860] Url exclude filter loaded (file name = white_dwffse.dws, type=whitelist_social_engineering, timestamp=2021-00-06 07:00:59)
[17/06/2023 21:30:51 00001860] <DEBUG:1> trying url filter base file: C:\ProgramData\Doctor Web\DWS\white_dwfgml.dws
[17/06/2023 21:30:51 00001860] <DEBUG:1> TIMER: file C:\ProgramData\Doctor Web\DWS\white_dwfgml.dws time 1 ms
[17/06/2023 21:30:51 00001860] Url filter ignored (file name = white_dwfgml.dws, type=whitelist_gamble, timestamp=2020-11-22 10:00:14)
[17/06/2023 21:30:51 00001860] <DEBUG:1> trying url filter base file: C:\ProgramData\Doctor Web\DWS\white_dwfminers.dws
[17/06/2023 21:30:51 00001860] <DEBUG:1> TIMER: file C:\ProgramData\Doctor Web\DWS\white_dwfminers.dws time 1 ms
[17/06/2023 21:30:51 00001860] Url filter ignored (file name = white_dwfminers.dws, type=whitelist_miners, timestamp=2018-04-31 07:00:08)
[17/06/2023 21:30:51 00001860] <DEBUG:1> trying url filter base file: C:\ProgramData\Doctor Web\DWS\white_dwfmlw.dws
[17/06/2023 21:30:51 00001860] <DEBUG:1> TIMER: file C:\ProgramData\Doctor Web\DWS\white_dwfmlw.dws time 1 ms
[17/06/2023 21:30:51 00001860] Url exclude filter loaded (file name = white_dwfmlw.dws, type=whitelist_malware, timestamp=2021-00-05 07:30:52)
[17/06/2023 21:30:51 00001860] <DEBUG:1> trying url filter base file: C:\ProgramData\Doctor Web\DWS\white_dwfobs.dws
[17/06/2023 21:30:51 00001860] <DEBUG:1> TIMER: file C:\ProgramData\Doctor Web\DWS\white_dwfobs.dws time 0 ms
[17/06/2023 21:30:51 00001860] Url filter ignored (file name = white_dwfobs.dws, type=whitelist_obscenity, timestamp=2019-03-22 18:15:06)
[17/06/2023 21:30:51 00001860] <DEBUG:1> trying url filter base file: C:\ProgramData\Doctor Web\DWS\white_dwfogm.dws
[17/06/2023 21:30:51 00001860] <DEBUG:1> TIMER: file C:\ProgramData\Doctor Web\DWS\white_dwfogm.dws time 1 ms
[17/06/2023 21:30:51 00001860] Url filter ignored (file name = white_dwfogm.dws, type=whitelist_online_games, timestamp=2019-03-22 18:15:06)
[17/06/2023 21:30:51 00001860] <DEBUG:1> trying url filter base file: C:\ProgramData\Doctor Web\DWS\white_dwfprc.dws
[17/06/2023 21:30:51 00001860] <DEBUG:1> TIMER: file C:\ProgramData\Doctor Web\DWS\white_dwfprc.dws time 0 ms
[17/06/2023 21:30:51 00001860] Url exclude filter loaded (file name = white_dwfprc.dws, type=whitelist_piracy, timestamp=2020-09-29 07:45:21)
[17/06/2023 21:30:51 00001860] <DEBUG:1> trying url filter base file: C:\ProgramData\Doctor Web\DWS\white_dwfprn.dws
[17/06/2023 21:30:51 00001860] <DEBUG:1> TIMER: file C:\ProgramData\Doctor Web\DWS\white_dwfprn.dws time 1 ms
[17/06/2023 21:30:51 00001860] Url filter ignored (file name = white_dwfprn.dws, type=whitelist_porno, timestamp=2020-11-29 07:00:03)
[17/06/2023 21:30:51 00001860] <DEBUG:1> trying url filter base file: C:\ProgramData\Doctor Web\DWS\white_dwfscl.dws
[17/06/2023 21:30:51 00001860] <DEBUG:1> TIMER: file C:\ProgramData\Doctor Web\DWS\white_dwfscl.dws time 1 ms
[17/06/2023 21:30:51 00001860] Url filter ignored (file name = white_dwfscl.dws, type=whitelist_socialnetwork, timestamp=2020-09-25 08:00:04)
[17/06/2023 21:30:51 00001860] <DEBUG:1> trying url filter base file: C:\ProgramData\Doctor Web\DWS\white_dwfter.dws
[17/06/2023 21:30:51 00001860] <DEBUG:1> TIMER: file C:\ProgramData\Doctor Web\DWS\white_dwfter.dws time 1 ms
[17/06/2023 21:30:51 00001860] Url filter ignored (file name = white_dwfter.dws, type=whitelist_terrorism, timestamp=2019-03-22 18:15:06)
[17/06/2023 21:30:51 00001860] <DEBUG:1> trying url filter base file: C:\ProgramData\Doctor Web\DWS\white_dwfvln.dws
[17/06/2023 21:30:51 00001860] <DEBUG:1> TIMER: file C:\ProgramData\Doctor Web\DWS\white_dwfvln.dws time 1 ms
[17/06/2023 21:30:51 00001860] Url filter ignored (file name = white_dwfvln.dws, type=whitelist_violence, timestamp=2019-03-22 18:15:06)
[17/06/2023 21:30:51 00001860] <DEBUG:1> trying url filter base file: C:\ProgramData\Doctor Web\DWS\white_dwfwpn.dws
[17/06/2023 21:30:51 00001860] <DEBUG:1> TIMER: file C:\ProgramData\Doctor Web\DWS\white_dwfwpn.dws time 0 ms
[17/06/2023 21:30:51 00001860] Url filter ignored (file name = white_dwfwpn.dws, type=whitelist_weapon, timestamp=2020-04-29 07:15:04)
[17/06/2023 21:30:51 00001860] <DEBUG:1> TIMER: total 294 ms loading 270 ms
[21/11/2023 20:26:29 0000184c] Service shutdown received
[21/11/2023 20:26:29 0000186c] <DEBUG:1> Managed shutdown started.
[21/11/2023 20:26:29 0000186c] <DEBUG:1> Closing driver accept threads...
[21/11/2023 20:26:29 0000186c] <DEBUG:1> Closing connections...
[21/11/2023 20:26:29 0000186c] <DEBUG:1> Detaching config...
[21/11/2023 20:26:29 0000186c] <DEBUG:1> Reporting service as stopped...
[21/11/2023 20:26:29 0000186c] <DEBUG:1> Managed shutdown completed. Global objects are to be destroyed.

=============================================================================
DrWeb Net Filtering Service for Windows Workstations v11.5.4.02210
Copyright (c) Doctor Web, Ltd., 1992-2020
Operating System: Windows 10 Starter x64/native (Build 19045)
Command line: "C:\Program Files\DrWeb\dwnetfilter.exe" --ats
=============================================================================
[21/11/2023 20:27:16 0000186c] WFP driver i0.0 v11.1.10.09130
[21/11/2023 20:27:16 0000186c] WFP server created
[21/11/2023 20:27:16 00001874] Service: new standalone
[21/11/2023 20:27:16 0000186c] <DEBUG:1> Config update 00000019 00000047
[21/11/2023 20:27:16 0000186c] LogLevelMail = 1
[21/11/2023 20:27:16 0000186c] LogLevelHttp = 1
[21/11/2023 20:27:16 0000186c] CheckIncoming = Yes
[21/11/2023 20:27:16 0000186c] CheckOutgoing = No
[21/11/2023 20:27:16 0000186c] CheckArchives = No
[21/11/2023 20:27:16 0000186c] CheckContainners = No
[21/11/2023 20:27:16 0000186c] CheckIM = Yes
[21/11/2023 20:27:16 0000186c] SpeedBalance = 125
[21/11/2023 20:27:16 0000186c] BlockMalwareUrls = Yes
[21/11/2023 20:27:16 0000186c] BlockScamAndFraud = Yes
[21/11/2023 20:27:16 0000186c] BlockPiracy = Yes
[21/11/2023 20:27:16 0000186c] BlockAdware = Yes
[21/11/2023 20:27:16 0000186c] BlockDialers = Yes
[21/11/2023 20:27:16 0000186c] BlockRiskware = No
[21/11/2023 20:27:16 0000186c] BlockHacktools = No
[21/11/2023 20:27:16 0000186c] BlockJokes = No
[21/11/2023 20:27:16 0000186c] BlockSuspicious = Yes
[21/11/2023 20:27:16 0000186c] BlockNotChecked = No
[21/11/2023 20:27:16 0000186c] BlockMalformed = No
[21/11/2023 20:27:16 0000186c] ProxyPort = 0
[21/11/2023 20:27:16 0000186c] ChainProxyAddr = ""
[21/11/2023 20:27:16 0000186c] ChainProxyPort = 0
[21/11/2023 20:27:16 0000186c] QueryDNSWhenProxy = Yes
[21/11/2023 20:27:16 0000186c] UrlFilter = No
[21/11/2023 20:27:16 0000186c] BlockSites = No
[21/11/2023 20:27:16 0000186c] SafeSearch = Yes
[21/11/2023 20:27:16 0000186c] ProfileEnabled = Yes
[21/11/2023 20:27:16 0000186c] OfficeControl = No
[21/11/2023 20:27:16 0000186c] LngFileName = "ru-drweb.dwl"
[21/11/2023 20:27:16 0000186c] ParentalControlInstalled = Yes
[21/11/2023 20:27:16 0000186c] ActionInfected = 1
[21/11/2023 20:27:16 0000186c] ActionIncurable = 2
[21/11/2023 20:27:16 0000186c] ActionSuspicious = 2
[21/11/2023 20:27:16 0000186c] ActionNotChecked = 8
[21/11/2023 20:27:16 0000186c] ActionMalformed = 8
[21/11/2023 20:27:16 0000186c] ActionAdware = 2
[21/11/2023 20:27:16 0000186c] ActionDialers = 2
[21/11/2023 20:27:16 0000186c] ActionRiskware = 8
[21/11/2023 20:27:16 0000186c] ActionHacktools = 8
[21/11/2023 20:27:16 0000186c] ActionJokes = 8
[21/11/2023 20:27:16 0000186c] HeuristicAnalysis = Yes
[21/11/2023 20:27:16 0000186c] VirusActivityControl = Yes
[21/11/2023 20:27:16 0000186c] CheckArchivesMail = No
[21/11/2023 20:27:16 0000186c] CheckContainersMail = No
[21/11/2023 20:27:16 0000186c] InsertXAntiVirus = Yes
[21/11/2023 20:27:16 0000186c] DeleteMessagesOnServer = No
[21/11/2023 20:27:16 0000186c] MessageScanTimeout = 250
[21/11/2023 20:27:16 0000186c] MaxFileSizeToExtract = 30720
[21/11/2023 20:27:16 0000186c] MaxCompressionRatio = 0
[21/11/2023 20:27:16 0000186c] MaxArchiveLevel = 64
[21/11/2023 20:27:16 0000186c] CheckSpam = Yes
[21/11/2023 20:27:16 0000186c] SpamAllowCyrillic = Yes
[21/11/2023 20:27:16 0000186c] SpamAllowCJK = Yes
[21/11/2023 20:27:16 0000186c] AddSpamSubj = Yes
[21/11/2023 20:27:16 0000186c] SpamSubj = "[SPAM]"
[21/11/2023 20:27:16 0000186c] SSL = No
[21/11/2023 20:27:16 0000186c] CertificateSubject = "0 Dr.Web for Windows"
[21/11/2023 20:27:16 0000186c] CertificateHash = ""
[21/11/2023 20:27:16 0000186c] UseProfiles = Yes
[21/11/2023 20:27:16 0000186c] Parental Control profiles = 0
[21/11/2023 20:27:16 0000186c]     SID = ""
[21/11/2023 20:27:16 0000186c]         UrlFilter = No
[21/11/2023 20:27:16 0000186c]         BlockSites = No
[21/11/2023 20:27:16 0000186c]         SafeSearch = Yes
[21/11/2023 20:27:16 0000186c]         ProfileEnabled = Yes
[21/11/2023 20:27:16 0000186c]         \settings\ParentalControl\BlockPorno = Yes
[21/11/2023 20:27:16 0000186c]         \settings\ParentalControl\BlockViolence = Yes
[21/11/2023 20:27:16 0000186c]         \settings\ParentalControl\BlockWeapon = Yes
[21/11/2023 20:27:16 0000186c]         \settings\ParentalControl\BlockGamble = Yes
[21/11/2023 20:27:16 0000186c]         \settings\ParentalControl\BlockDrugs = Yes
[21/11/2023 20:27:16 0000186c]         \settings\ParentalControl\BlockObscenity = Yes
[21/11/2023 20:27:16 0000186c]         \settings\ParentalControl\BlockChats = No
[21/11/2023 20:27:16 0000186c]         \settings\ParentalControl\BlockTerrorism = Yes
[21/11/2023 20:27:16 0000186c]         \settings\ParentalControl\BlockE_Mail = No
[21/11/2023 20:27:16 0000186c]         \settings\ParentalControl\BlockSocialNetwork = No
[21/11/2023 20:27:16 0000186c]         \settings\ParentalControl\BlockOnlineGames = No
[21/11/2023 20:27:16 0000186c]         \settings\ParentalControl\BlockAnonymizers = No
[21/11/2023 20:27:16 0000186c]         \settings\ParentalControl\BlockMiners = No
[21/11/2023 20:27:16 0000186c]         ProfileAccessMode = 0
[21/11/2023 20:27:16 0000186c]         InternetAccess[sun] = "111111111111111111111111111111111111111111111111"
[21/11/2023 20:27:16 0000186c]         InternetAccess[mon] = "111111111111111111111111111111111111111111111111"
[21/11/2023 20:27:16 0000186c]         InternetAccess[tue] = "111111111111111111111111111111111111111111111111"
[21/11/2023 20:27:16 0000186c]         InternetAccess[wed] = "111111111111111111111111111111111111111111111111"
[21/11/2023 20:27:16 0000186c]         InternetAccess[thu] = "111111111111111111111111111111111111111111111111"
[21/11/2023 20:27:16 0000186c]         InternetAccess[fri] = "111111111111111111111111111111111111111111111111"
[21/11/2023 20:27:16 0000186c]         InternetAccess[sat] = "111111111111111111111111111111111111111111111111"
[21/11/2023 20:27:16 0000186c]         LogonAccess[sun] = "111111111111111111111111111111111111111111111111"
[21/11/2023 20:27:16 0000186c]         LogonAccess[mon] = "111111111111111111111111111111111111111111111111"
[21/11/2023 20:27:16 0000186c]         LogonAccess[tue] = "111111111111111111111111111111111111111111111111"
[21/11/2023 20:27:16 0000186c]         LogonAccess[wed] = "111111111111111111111111111111111111111111111111"
[21/11/2023 20:27:16 0000186c]         LogonAccess[thu] = "111111111111111111111111111111111111111111111111"
[21/11/2023 20:27:16 0000186c]         LogonAccess[fri] = "111111111111111111111111111111111111111111111111"
[21/11/2023 20:27:16 0000186c]         LogonAccess[sat] = "111111111111111111111111111111111111111111111111"
[21/11/2023 20:27:16 0000186c]         DayLimitWorkdays.enabled = No
[21/11/2023 20:27:16 0000186c]         DayLimitWorkdays.limit = 10800
[21/11/2023 20:27:16 0000186c]         DayLimitWeekend.enabled = No
[21/11/2023 20:27:16 0000186c]         DayLimitWeekend.limit = 10800
[21/11/2023 20:27:16 0000186c]         NightLimitWorkdays.enabled = No
[21/11/2023 20:27:16 0000186c]         NightLimitWorkdays.start = 82800
[21/11/2023 20:27:16 0000186c]         NightLimitWorkdays.end = 25200
[21/11/2023 20:27:16 0000186c]         NightLimitWeekend.enabled = No
[21/11/2023 20:27:16 0000186c]         NightLimitWeekend.start = 82800
[21/11/2023 20:27:16 0000186c]         NightLimitWeekend.end = 25200
[21/11/2023 20:27:16 0000186c] UseCloud = Yes
[21/11/2023 20:27:16 0000186c] SpiderMail is enabled, license ok
[21/11/2023 20:27:16 0000186c] SpiderGate is enabled, license ok
[21/11/2023 20:27:16 0000186c] ParentalControl is enabled
[21/11/2023 20:27:16 0000186c] Antispam license ok
[21/11/2023 20:27:16 00001860] Loading the predefined URL-filter lists from C:\ProgramData\Doctor Web\DWS\
[21/11/2023 20:27:16 00001860] <DEBUG:1> trying url filter base file: C:\ProgramData\Doctor Web\DWS\dwfanonym00.dws
[21/11/2023 20:27:16 00001860] <DEBUG:1> TIMER: file C:\ProgramData\Doctor Web\DWS\dwfanonym00.dws time 2 ms
[21/11/2023 20:27:16 00001860] Url filter ignored (file name = dwfanonym00.dws, type=anonymizer, timestamp=2020-07-07 15:45:23)
[21/11/2023 20:27:16 00001860] <DEBUG:1> trying url filter base file: C:\ProgramData\Doctor Web\DWS\dwfcht00.dws
[21/11/2023 20:27:16 00001860] <DEBUG:1> TIMER: file C:\ProgramData\Doctor Web\DWS\dwfcht00.dws time 1 ms
[21/11/2023 20:27:16 00001860] Url filter ignored (file name = dwfcht00.dws, type=chats, timestamp=2020-11-23 13:00:08)
[21/11/2023 20:27:16 00001860] <DEBUG:1> trying url filter base file: C:\ProgramData\Doctor Web\DWS\dwfdrg00.dws
[21/11/2023 20:27:16 00001860] <DEBUG:1> TIMER: file C:\ProgramData\Doctor Web\DWS\dwfdrg00.dws time 3 ms
[21/11/2023 20:27:16 00001860] Url filter ignored (file name = dwfdrg00.dws, type=drugs, timestamp=2020-11-29 10:30:30)
[21/11/2023 20:27:16 00001860] <DEBUG:1> trying url filter base file: C:\ProgramData\Doctor Web\DWS\dwfeml00.dws
[21/11/2023 20:27:16 00001860] <DEBUG:1> TIMER: file C:\ProgramData\Doctor Web\DWS\dwfeml00.dws time 1 ms
[21/11/2023 20:27:16 00001860] Url filter ignored (file name = dwfeml00.dws, type=e-mail, timestamp=2018-11-29 07:02:12)
[21/11/2023 20:27:16 00001860] <DEBUG:1> trying url filter base file: C:\ProgramData\Doctor Web\DWS\dwffse00.dws
[21/11/2023 20:27:16 00001860] <DEBUG:1> TIMER: file C:\ProgramData\Doctor Web\DWS\dwffse00.dws time 1 ms
[21/11/2023 20:27:16 00001860] Url filter loaded (file name = dwffse00.dws, type=social_engineering, timestamp=2019-11-24 19:30:31)
[21/11/2023 20:27:16 00001860] <DEBUG:1> trying url filter base file: C:\ProgramData\Doctor Web\DWS\dwffse01.dws
[21/11/2023 20:27:16 00001860] <DEBUG:1> TIMER: file C:\ProgramData\Doctor Web\DWS\dwffse01.dws time 10 ms
[21/11/2023 20:27:16 00001860] Url filter loaded (file name = dwffse01.dws, type=social_engineering, timestamp=2020-10-18 14:49:43)
[21/11/2023 20:27:16 00001860] <DEBUG:1> trying url filter base file: C:\ProgramData\Doctor Web\DWS\dwffse02.dws
[21/11/2023 20:27:16 00001860] <DEBUG:1> TIMER: file C:\ProgramData\Doctor Web\DWS\dwffse02.dws time 1 ms
[21/11/2023 20:27:16 00001860] Url filter loaded (file name = dwffse02.dws, type=social_engineering, timestamp=2019-11-19 17:45:10)
[21/11/2023 20:27:16 00001860] <DEBUG:1> trying url filter base file: C:\ProgramData\Doctor Web\DWS\dwffse03.dws
[21/11/2023 20:27:16 00001860] <DEBUG:1> TIMER: file C:\ProgramData\Doctor Web\DWS\dwffse03.dws time 1 ms
[21/11/2023 20:27:16 00001860] Url filter loaded (file name = dwffse03.dws, type=social_engineering, timestamp=2019-11-19 17:45:20)
[21/11/2023 20:27:16 00001860] <DEBUG:1> trying url filter base file: C:\ProgramData\Doctor Web\DWS\dwffse04.dws
[21/11/2023 20:27:16 00001860] <DEBUG:1> TIMER: file C:\ProgramData\Doctor Web\DWS\dwffse04.dws time 1 ms
[21/11/2023 20:27:16 00001860] Url filter loaded (file name = dwffse04.dws, type=social_engineering, timestamp=2019-11-19 15:15:52)
[21/11/2023 20:27:16 00001860] <DEBUG:1> trying url filter base file: C:\ProgramData\Doctor Web\DWS\dwffse05.dws
[21/11/2023 20:27:16 00001860] <DEBUG:1> TIMER: file C:\ProgramData\Doctor Web\DWS\dwffse05.dws time 1 ms
[21/11/2023 20:27:16 00001860] Url filter loaded (file name = dwffse05.dws, type=social_engineering, timestamp=2020-09-12 17:00:31)
[21/11/2023 20:27:16 00001860] <DEBUG:1> trying url filter base file: C:\ProgramData\Doctor Web\DWS\dwffse06.dws
[21/11/2023 20:27:16 00001860] <DEBUG:1> TIMER: file C:\ProgramData\Doctor Web\DWS\dwffse06.dws time 0 ms
[21/11/2023 20:27:16 00001860] Url filter loaded (file name = dwffse06.dws, type=social_engineering, timestamp=2020-09-21 15:15:35)
[21/11/2023 20:27:16 00001860] <DEBUG:1> trying url filter base file: C:\ProgramData\Doctor Web\DWS\dwffse07.dws
[21/11/2023 20:27:16 00001860] <DEBUG:1> TIMER: file C:\ProgramData\Doctor Web\DWS\dwffse07.dws time 0 ms
[21/11/2023 20:27:16 00001860] Url filter loaded (file name = dwffse07.dws, type=social_engineering, timestamp=2020-07-07 10:00:35)
[21/11/2023 20:27:16 00001860] <DEBUG:1> trying url filter base file: C:\ProgramData\Doctor Web\DWS\dwffse08.dws
[21/11/2023 20:27:16 00001860] <DEBUG:1> TIMER: file C:\ProgramData\Doctor Web\DWS\dwffse08.dws time 0 ms
[21/11/2023 20:27:16 00001860] Url filter loaded (file name = dwffse08.dws, type=social_engineering, timestamp=2020-09-19 10:15:37)
[21/11/2023 20:27:16 00001860] <DEBUG:1> trying url filter base file: C:\ProgramData\Doctor Web\DWS\dwffse09.dws
[21/11/2023 20:27:16 00001860] <DEBUG:1> TIMER: file C:\ProgramData\Doctor Web\DWS\dwffse09.dws time 0 ms
[21/11/2023 20:27:16 00001860] Url filter loaded (file name = dwffse09.dws, type=social_engineering, timestamp=2020-11-25 13:00:23)
[21/11/2023 20:27:16 00001860] <DEBUG:1> trying url filter base file: C:\ProgramData\Doctor Web\DWS\dwffse_addon.dws
[21/11/2023 20:27:16 00001860] <DEBUG:1> TIMER: file C:\ProgramData\Doctor Web\DWS\dwffse_addon.dws time 1 ms
[21/11/2023 20:27:16 00001860] Url filter loaded (file name = dwffse_addon.dws, type=social_engineering, timestamp=2021-00-04 09:15:04)
[21/11/2023 20:27:16 00001860] <DEBUG:1> trying url filter base file: C:\ProgramData\Doctor Web\DWS\dwfgml00.dws
[21/11/2023 20:27:16 00001860] <DEBUG:1> TIMER: file C:\ProgramData\Doctor Web\DWS\dwfgml00.dws time 0 ms
[21/11/2023 20:27:16 00001860] Url filter ignored (file name = dwfgml00.dws, type=gamble, timestamp=2019-11-22 03:45:37)
[21/11/2023 20:27:16 00001860] <DEBUG:1> trying url filter base file: C:\ProgramData\Doctor Web\DWS\dwfgml01.dws
[21/11/2023 20:27:16 00001860] <DEBUG:1> TIMER: file C:\ProgramData\Doctor Web\DWS\dwfgml01.dws time 3 ms
[21/11/2023 20:27:16 00001860] Url filter ignored (file name = dwfgml01.dws, type=gamble, timestamp=2019-11-21 15:00:08)
[21/11/2023 20:27:16 00001860] <DEBUG:1> trying url filter base file: C:\ProgramData\Doctor Web\DWS\dwfgml02.dws
[21/11/2023 20:27:16 00001860] <DEBUG:1> TIMER: file C:\ProgramData\Doctor Web\DWS\dwfgml02.dws time 0 ms
[21/11/2023 20:27:16 00001860] Url filter ignored (file name = dwfgml02.dws, type=gamble, timestamp=2019-11-20 17:45:14)
[21/11/2023 20:27:16 00001860] <DEBUG:1> trying url filter base file: C:\ProgramData\Doctor Web\DWS\dwfgml03.dws
[21/11/2023 20:27:16 00001860] <DEBUG:1> TIMER: file C:\ProgramData\Doctor Web\DWS\dwfgml03.dws time 0 ms
[21/11/2023 20:27:16 00001860] Url filter ignored (file name = dwfgml03.dws, type=gamble, timestamp=2019-11-21 09:01:41)
[21/11/2023 20:27:16 00001860] <DEBUG:1> trying url filter base file: C:\ProgramData\Doctor Web\DWS\dwfgml04.dws
[21/11/2023 20:27:16 00001860] <DEBUG:1> TIMER: file C:\ProgramData\Doctor Web\DWS\dwfgml04.dws time 1 ms
[21/11/2023 20:27:16 00001860] Url filter ignored (file name = dwfgml04.dws, type=gamble, timestamp=2019-11-21 09:00:36)
[21/11/2023 20:27:16 00001860] <DEBUG:1> trying url filter base file: C:\ProgramData\Doctor Web\DWS\dwfgml05.dws
[21/11/2023 20:27:16 00001860] <DEBUG:1> TIMER: file C:\ProgramData\Doctor Web\DWS\dwfgml05.dws time 0 ms
[21/11/2023 20:27:16 00001860] Url filter ignored (file name = dwfgml05.dws, type=gamble, timestamp=2019-11-21 09:01:26)
[21/11/2023 20:27:16 00001860] <DEBUG:1> trying url filter base file: C:\ProgramData\Doctor Web\DWS\dwfgml06.dws
[21/11/2023 20:27:16 00001860] <DEBUG:1> TIMER: file C:\ProgramData\Doctor Web\DWS\dwfgml06.dws time 4 ms
[21/11/2023 20:27:16 00001860] Url filter ignored (file name = dwfgml06.dws, type=gamble, timestamp=2019-11-21 09:01:11)
[21/11/2023 20:27:16 00001860] <DEBUG:1> trying url filter base file: C:\ProgramData\Doctor Web\DWS\dwfgml07.dws
[21/11/2023 20:27:16 00001860] <DEBUG:1> TIMER: file C:\ProgramData\Doctor Web\DWS\dwfgml07.dws time 1 ms
[21/11/2023 20:27:16 00001860] Url filter ignored (file name = dwfgml07.dws, type=gamble, timestamp=2019-11-21 14:45:40)
[21/11/2023 20:27:16 00001860] <DEBUG:1> trying url filter base file: C:\ProgramData\Doctor Web\DWS\dwfgml08.dws
[21/11/2023 20:27:16 00001860] <DEBUG:1> TIMER: file C:\ProgramData\Doctor Web\DWS\dwfgml08.dws time 0 ms
[21/11/2023 20:27:16 00001860] Url filter ignored (file name = dwfgml08.dws, type=gamble, timestamp=2019-11-21 14:45:58)
[21/11/2023 20:27:16 00001860] <DEBUG:1> trying url filter base file: C:\ProgramData\Doctor Web\DWS\dwfgml09.dws
[21/11/2023 20:27:16 00001860] <DEBUG:1> TIMER: file C:\ProgramData\Doctor Web\DWS\dwfgml09.dws time 1 ms
[21/11/2023 20:27:16 00001860] Url filter ignored (file name = dwfgml09.dws, type=gamble, timestamp=2019-11-21 14:45:51)
[21/11/2023 20:27:16 00001860] <DEBUG:1> trying url filter base file: C:\ProgramData\Doctor Web\DWS\dwfgml10.dws
[21/11/2023 20:27:16 00001860] <DEBUG:1> TIMER: file C:\ProgramData\Doctor Web\DWS\dwfgml10.dws time 1 ms
[21/11/2023 20:27:16 00001860] Url filter ignored (file name = dwfgml10.dws, type=gamble, timestamp=2019-11-21 14:45:28)
[21/11/2023 20:27:16 00001860] <DEBUG:1> trying url filter base file: C:\ProgramData\Doctor Web\DWS\dwfgml11.dws
[21/11/2023 20:27:16 00001860] <DEBUG:1> TIMER: file C:\ProgramData\Doctor Web\DWS\dwfgml11.dws time 1 ms
[21/11/2023 20:27:16 00001860] Url filter ignored (file name = dwfgml11.dws, type=gamble, timestamp=2019-11-21 20:30:30)
[21/11/2023 20:27:16 00001860] <DEBUG:1> trying url filter base file: C:\ProgramData\Doctor Web\DWS\dwfgml12.dws
[21/11/2023 20:27:16 00001860] <DEBUG:1> TIMER: file C:\ProgramData\Doctor Web\DWS\dwfgml12.dws time 0 ms
[21/11/2023 20:27:16 00001860] Url filter ignored (file name = dwfgml12.dws, type=gamble, timestamp=2019-11-21 20:30:34)
[21/11/2023 20:27:16 00001860] <DEBUG:1> trying url filter base file: C:\ProgramData\Doctor Web\DWS\dwfgml13.dws
[21/11/2023 20:27:16 00001860] <DEBUG:1> TIMER: file C:\ProgramData\Doctor Web\DWS\dwfgml13.dws time 0 ms
[21/11/2023 20:27:16 00001860] Url filter ignored (file name = dwfgml13.dws, type=gamble, timestamp=2019-11-21 20:30:19)
[21/11/2023 20:27:16 00001860] <DEBUG:1> trying url filter base file: C:\ProgramData\Doctor Web\DWS\dwfgml14.dws
[21/11/2023 20:27:16 00001860] <DEBUG:1> TIMER: file C:\ProgramData\Doctor Web\DWS\dwfgml14.dws time 1 ms
[21/11/2023 20:27:16 00001860] Url filter ignored (file name = dwfgml14.dws, type=gamble, timestamp=2019-11-22 03:45:20)
[21/11/2023 20:27:16 00001860] <DEBUG:1> trying url filter base file: C:\ProgramData\Doctor Web\DWS\dwfgml15.dws
[21/11/2023 20:27:16 00001860] <DEBUG:1> TIMER: file C:\ProgramData\Doctor Web\DWS\dwfgml15.dws time 0 ms
[21/11/2023 20:27:16 00001860] Url filter ignored (file name = dwfgml15.dws, type=gamble, timestamp=2019-11-22 03:45:13)
[21/11/2023 20:27:16 00001860] <DEBUG:1> trying url filter base file: C:\ProgramData\Doctor Web\DWS\dwfgml16.dws
[21/11/2023 20:27:16 00001860] <DEBUG:1> TIMER: file C:\ProgramData\Doctor Web\DWS\dwfgml16.dws time 1 ms
[21/11/2023 20:27:16 00001860] Url filter ignored (file name = dwfgml16.dws, type=gamble, timestamp=2019-11-22 14:31:54)
[21/11/2023 20:27:16 00001860] <DEBUG:1> trying url filter base file: C:\ProgramData\Doctor Web\DWS\dwfgml17.dws
[21/11/2023 20:27:16 00001860] <DEBUG:1> TIMER: file C:\ProgramData\Doctor Web\DWS\dwfgml17.dws time 0 ms
[21/11/2023 20:27:16 00001860] Url filter ignored (file name = dwfgml17.dws, type=gamble, timestamp=2019-11-22 14:31:13)
[21/11/2023 20:27:16 00001860] <DEBUG:1> trying url filter base file: C:\ProgramData\Doctor Web\DWS\dwfgml18.dws
[21/11/2023 20:27:16 00001860] <DEBUG:1> TIMER: file C:\ProgramData\Doctor Web\DWS\dwfgml18.dws time 1 ms
[21/11/2023 20:27:16 00001860] Url filter ignored (file name = dwfgml18.dws, type=gamble, timestamp=2019-11-23 12:15:38)
[21/11/2023 20:27:16 00001860] <DEBUG:1> trying url filter base file: C:\ProgramData\Doctor Web\DWS\dwfgml19.dws
[21/11/2023 20:27:16 00001860] <DEBUG:1> TIMER: file C:\ProgramData\Doctor Web\DWS\dwfgml19.dws time 0 ms
[21/11/2023 20:27:16 00001860] Url filter ignored (file name = dwfgml19.dws, type=gamble, timestamp=2020-11-30 14:45:25)
[21/11/2023 20:27:16 00001860] <DEBUG:1> trying url filter base file: C:\ProgramData\Doctor Web\DWS\dwfminers00.dws
[21/11/2023 20:27:16 00001860] <DEBUG:1> TIMER: file C:\ProgramData\Doctor Web\DWS\dwfminers00.dws time 1 ms
[21/11/2023 20:27:16 00001860] Url filter ignored (file name = dwfminers00.dws, type=miners, timestamp=2020-11-07 11:15:03)
[21/11/2023 20:27:16 00001860] <DEBUG:1> trying url filter base file: C:\ProgramData\Doctor Web\DWS\dwfmlw00.dws
[21/11/2023 20:27:16 00001860] <DEBUG:1> TIMER: file C:\ProgramData\Doctor Web\DWS\dwfmlw00.dws time 1 ms
[21/11/2023 20:27:16 00001860] Url filter loaded (file name = dwfmlw00.dws, type=malware, timestamp=2019-10-07 19:56:25)
[21/11/2023 20:27:16 00001860] <DEBUG:1> trying url filter base file: C:\ProgramData\Doctor Web\DWS\dwfmlw01.dws
[21/11/2023 20:27:16 00001860] <DEBUG:1> TIMER: file C:\ProgramData\Doctor Web\DWS\dwfmlw01.dws time 0 ms
[21/11/2023 20:27:16 00001860] Url filter loaded (file name = dwfmlw01.dws, type=malware, timestamp=2019-11-16 16:46:19)
[21/11/2023 20:27:16 00001860] <DEBUG:1> trying url filter base file: C:\ProgramData\Doctor Web\DWS\dwfmlw02.dws
[21/11/2023 20:27:16 00001860] <DEBUG:1> TIMER: file C:\ProgramData\Doctor Web\DWS\dwfmlw02.dws time 0 ms
[21/11/2023 20:27:16 00001860] Url filter loaded (file name = dwfmlw02.dws, type=malware, timestamp=2019-11-17 12:31:13)
[21/11/2023 20:27:16 00001860] <DEBUG:1> trying url filter base file: C:\ProgramData\Doctor Web\DWS\dwfmlw03.dws
[21/11/2023 20:27:16 00001860] <DEBUG:1> TIMER: file C:\ProgramData\Doctor Web\DWS\dwfmlw03.dws time 1 ms
[21/11/2023 20:27:16 00001860] Url filter loaded (file name = dwfmlw03.dws, type=malware, timestamp=2019-11-18 13:01:39)
[21/11/2023 20:27:16 00001860] <DEBUG:1> trying url filter base file: C:\ProgramData\Doctor Web\DWS\dwfmlw04.dws
[21/11/2023 20:27:16 00001860] <DEBUG:1> TIMER: file C:\ProgramData\Doctor Web\DWS\dwfmlw04.dws time 1 ms
[21/11/2023 20:27:16 00001860] Url filter loaded (file name = dwfmlw04.dws, type=malware, timestamp=2019-11-18 18:30:20)
[21/11/2023 20:27:16 00001860] <DEBUG:1> trying url filter base file: C:\ProgramData\Doctor Web\DWS\dwfmlw05.dws
[21/11/2023 20:27:16 00001860] <DEBUG:1> TIMER: file C:\ProgramData\Doctor Web\DWS\dwfmlw05.dws time 0 ms
[21/11/2023 20:27:16 00001860] Url filter loaded (file name = dwfmlw05.dws, type=malware, timestamp=2020-11-12 00:45:16)
[21/11/2023 20:27:16 00001860] <DEBUG:1> trying url filter base file: C:\ProgramData\Doctor Web\DWS\dwfmlw06.dws
[21/11/2023 20:27:16 00001860] <DEBUG:1> TIMER: file C:\ProgramData\Doctor Web\DWS\dwfmlw06.dws time 0 ms
[21/11/2023 20:27:16 00001860] Url filter loaded (file name = dwfmlw06.dws, type=malware, timestamp=2019-11-13 15:45:59)
[21/11/2023 20:27:16 00001860] <DEBUG:1> trying url filter base file: C:\ProgramData\Doctor Web\DWS\dwfmlw07.dws
[21/11/2023 20:27:16 00001860] <DEBUG:1> TIMER: file C:\ProgramData\Doctor Web\DWS\dwfmlw07.dws time 1 ms
[21/11/2023 20:27:16 00001860] Url filter loaded (file name = dwfmlw07.dws, type=malware, timestamp=2019-11-16 12:45:36)
[21/11/2023 20:27:16 00001860] <DEBUG:1> trying url filter base file: C:\ProgramData\Doctor Web\DWS\dwfmlw08.dws
[21/11/2023 20:27:16 00001860] <DEBUG:1> TIMER: file C:\ProgramData\Doctor Web\DWS\dwfmlw08.dws time 0 ms
[21/11/2023 20:27:16 00001860] Url filter loaded (file name = dwfmlw08.dws, type=malware, timestamp=2019-11-18 01:15:36)
[21/11/2023 20:27:16 00001860] <DEBUG:1> trying url filter base file: C:\ProgramData\Doctor Web\DWS\dwfmlw09.dws
[21/11/2023 20:27:16 00001860] <DEBUG:1> TIMER: file C:\ProgramData\Doctor Web\DWS\dwfmlw09.dws time 0 ms
[21/11/2023 20:27:16 00001860] Url filter loaded (file name = dwfmlw09.dws, type=malware, timestamp=2019-11-19 00:30:54)
[21/11/2023 20:27:16 00001860] <DEBUG:1> trying url filter base file: C:\ProgramData\Doctor Web\DWS\dwfmlw10.dws
[21/11/2023 20:27:16 00001860] <DEBUG:1> TIMER: file C:\ProgramData\Doctor Web\DWS\dwfmlw10.dws time 1 ms
[21/11/2023 20:27:16 00001860] Url filter loaded (file name = dwfmlw10.dws, type=malware, timestamp=2020-05-26 09:15:33)
[21/11/2023 20:27:16 00001860] <DEBUG:1> trying url filter base file: C:\ProgramData\Doctor Web\DWS\dwfmlw11.dws
[21/11/2023 20:27:16 00001860] <DEBUG:1> TIMER: file C:\ProgramData\Doctor Web\DWS\dwfmlw11.dws time 1 ms
[21/11/2023 20:27:16 00001860] Url filter loaded (file name = dwfmlw11.dws, type=malware, timestamp=2020-10-10 16:15:21)
[21/11/2023 20:27:16 00001860] <DEBUG:1> trying url filter base file: C:\ProgramData\Doctor Web\DWS\dwfmlw_addon.dws
[21/11/2023 20:27:16 00001860] <DEBUG:1> TIMER: file C:\ProgramData\Doctor Web\DWS\dwfmlw_addon.dws time 0 ms
[21/11/2023 20:27:16 00001860] Url filter loaded (file name = dwfmlw_addon.dws, type=malware, timestamp=2021-00-06 06:30:18)
[21/11/2023 20:27:16 00001860] <DEBUG:1> trying url filter base file: C:\ProgramData\Doctor Web\DWS\dwfobs00.dws
[21/11/2023 20:27:16 00001860] <DEBUG:1> TIMER: file C:\ProgramData\Doctor Web\DWS\dwfobs00.dws time 0 ms
[21/11/2023 20:27:16 00001860] Url filter ignored (file name = dwfobs00.dws, type=obscenity, timestamp=2018-09-02 13:30:06)
[21/11/2023 20:27:16 00001860] <DEBUG:1> trying url filter base file: C:\ProgramData\Doctor Web\DWS\dwfogm00.dws
[21/11/2023 20:27:16 00001860] <DEBUG:1> TIMER: file C:\ProgramData\Doctor Web\DWS\dwfogm00.dws time 0 ms
[21/11/2023 20:27:16 00001860] Url filter ignored (file name = dwfogm00.dws, type=online_games, timestamp=2020-10-27 19:30:06)
[21/11/2023 20:27:16 00001860] <DEBUG:1> trying url filter base file: C:\ProgramData\Doctor Web\DWS\dwfprc00.dws
[21/11/2023 20:27:16 00001860] <DEBUG:1> TIMER: file C:\ProgramData\Doctor Web\DWS\dwfprc00.dws time 1 ms
[21/11/2023 20:27:16 00001860] Url filter loaded (file name = dwfprc00.dws, type=piracy, timestamp=2020-09-28 11:00:05)
[21/11/2023 20:27:16 00001860] <DEBUG:1> trying url filter base file: C:\ProgramData\Doctor Web\DWS\dwfprn00.dws
[21/11/2023 20:27:16 00001860] <DEBUG:1> TIMER: file C:\ProgramData\Doctor Web\DWS\dwfprn00.dws time 1 ms
[21/11/2023 20:27:16 00001860] Url filter ignored (file name = dwfprn00.dws, type=porno, timestamp=2019-10-12 19:05:37)
[21/11/2023 20:27:16 00001860] <DEBUG:1> trying url filter base file: C:\ProgramData\Doctor Web\DWS\dwfprn01.dws
[21/11/2023 20:27:16 00001860] <DEBUG:1> TIMER: file C:\ProgramData\Doctor Web\DWS\dwfprn01.dws time 1 ms
[21/11/2023 20:27:16 00001860] Url filter ignored (file name = dwfprn01.dws, type=porno, timestamp=2019-10-12 13:16:54)
[21/11/2023 20:27:16 00001860] <DEBUG:1> trying url filter base file: C:\ProgramData\Doctor Web\DWS\dwfprn02.dws
[21/11/2023 20:27:16 00001860] <DEBUG:1> TIMER: file C:\ProgramData\Doctor Web\DWS\dwfprn02.dws time 0 ms
[21/11/2023 20:27:16 00001860] Url filter ignored (file name = dwfprn02.dws, type=porno, timestamp=2019-10-10 00:02:26)
[21/11/2023 20:27:16 00001860] <DEBUG:1> trying url filter base file: C:\ProgramData\Doctor Web\DWS\dwfprn03.dws
[21/11/2023 20:27:16 00001860] <DEBUG:1> TIMER: file C:\ProgramData\Doctor Web\DWS\dwfprn03.dws time 0 ms
[21/11/2023 20:27:16 00001860] Url filter ignored (file name = dwfprn03.dws, type=porno, timestamp=2019-10-10 03:47:29)
[21/11/2023 20:27:16 00001860] <DEBUG:1> trying url filter base file: C:\ProgramData\Doctor Web\DWS\dwfprn04.dws
[21/11/2023 20:27:16 00001860] <DEBUG:1> TIMER: file C:\ProgramData\Doctor Web\DWS\dwfprn04.dws time 0 ms
[21/11/2023 20:27:16 00001860] Url filter ignored (file name = dwfprn04.dws, type=porno, timestamp=2019-10-08 01:30:56)
[21/11/2023 20:27:16 00001860] <DEBUG:1> trying url filter base file: C:\ProgramData\Doctor Web\DWS\dwfprn05.dws
[21/11/2023 20:27:16 00001860] <DEBUG:1> TIMER: file C:\ProgramData\Doctor Web\DWS\dwfprn05.dws time 0 ms
[21/11/2023 20:27:16 00001860] Url filter ignored (file name = dwfprn05.dws, type=porno, timestamp=2019-10-08 01:15:19)
[21/11/2023 20:27:16 00001860] <DEBUG:1> trying url filter base file: C:\ProgramData\Doctor Web\DWS\dwfprn06.dws
[21/11/2023 20:27:16 00001860] <DEBUG:1> TIMER: file C:\ProgramData\Doctor Web\DWS\dwfprn06.dws time 0 ms
[21/11/2023 20:27:16 00001860] Url filter ignored (file name = dwfprn06.dws, type=porno, timestamp=2019-10-10 03:46:57)
[21/11/2023 20:27:16 00001860] <DEBUG:1> trying url filter base file: C:\ProgramData\Doctor Web\DWS\dwfprn07.dws
[21/11/2023 20:27:16 00001860] <DEBUG:1> TIMER: file C:\ProgramData\Doctor Web\DWS\dwfprn07.dws time 0 ms
[21/11/2023 20:27:16 00001860] Url filter ignored (file name = dwfprn07.dws, type=porno, timestamp=2019-10-27 12:48:17)
[21/11/2023 20:27:16 00001860] <DEBUG:1> trying url filter base file: C:\ProgramData\Doctor Web\DWS\dwfprn08.dws
[21/11/2023 20:27:16 00001860] <DEBUG:1> TIMER: file C:\ProgramData\Doctor Web\DWS\dwfprn08.dws time 0 ms
[21/11/2023 20:27:16 00001860] Url filter ignored (file name = dwfprn08.dws, type=porno, timestamp=2019-10-27 12:47:03)
[21/11/2023 20:27:16 00001860] <DEBUG:1> trying url filter base file: C:\ProgramData\Doctor Web\DWS\dwfprn09.dws
[21/11/2023 20:27:16 00001860] <DEBUG:1> TIMER: file C:\ProgramData\Doctor Web\DWS\dwfprn09.dws time 1 ms
[21/11/2023 20:27:16 00001860] Url filter ignored (file name = dwfprn09.dws, type=porno, timestamp=2019-10-27 12:46:01)
[21/11/2023 20:27:16 00001860] <DEBUG:1> trying url filter base file: C:\ProgramData\Doctor Web\DWS\dwfprn10.dws
[21/11/2023 20:27:16 00001860] <DEBUG:1> TIMER: file C:\ProgramData\Doctor Web\DWS\dwfprn10.dws time 1 ms
[21/11/2023 20:27:16 00001860] Url filter ignored (file name = dwfprn10.dws, type=porno, timestamp=2019-10-11 03:00:50)
[21/11/2023 20:27:16 00001860] <DEBUG:1> trying url filter base file: C:\ProgramData\Doctor Web\DWS\dwfprn11.dws
[21/11/2023 20:27:16 00001860] <DEBUG:1> TIMER: file C:\ProgramData\Doctor Web\DWS\dwfprn11.dws time 0 ms
[21/11/2023 20:27:16 00001860] Url filter ignored (file name = dwfprn11.dws, type=porno, timestamp=2019-10-10 00:00:51)
[21/11/2023 20:27:16 00001860] <DEBUG:1> trying url filter base file: C:\ProgramData\Doctor Web\DWS\dwfprn12.dws
[21/11/2023 20:27:16 00001860] <DEBUG:1> TIMER: file C:\ProgramData\Doctor Web\DWS\dwfprn12.dws time 0 ms
[21/11/2023 20:27:16 00001860] Url filter ignored (file name = dwfprn12.dws, type=porno, timestamp=2019-10-08 17:00:32)
[21/11/2023 20:27:16 00001860] <DEBUG:1> trying url filter base file: C:\ProgramData\Doctor Web\DWS\dwfprn13.dws
[21/11/2023 20:27:16 00001860] <DEBUG:1> TIMER: file C:\ProgramData\Doctor Web\DWS\dwfprn13.dws time 1 ms
[21/11/2023 20:27:16 00001860] Url filter ignored (file name = dwfprn13.dws, type=porno, timestamp=2019-10-10 03:45:11)
[21/11/2023 20:27:16 00001860] <DEBUG:1> trying url filter base file: C:\ProgramData\Doctor Web\DWS\dwfprn14.dws
[21/11/2023 20:27:16 00001860] <DEBUG:1> TIMER: file C:\ProgramData\Doctor Web\DWS\dwfprn14.dws time 1 ms
[21/11/2023 20:27:16 00001860] Url filter ignored (file name = dwfprn14.dws, type=porno, timestamp=2019-10-09 01:00:37)
[21/11/2023 20:27:16 00001860] <DEBUG:1> trying url filter base file: C:\ProgramData\Doctor Web\DWS\dwfprn15.dws
[21/11/2023 20:27:16 00001860] <DEBUG:1> TIMER: file C:\ProgramData\Doctor Web\DWS\dwfprn15.dws time 1 ms
[21/11/2023 20:27:16 00001860] Url filter ignored (file name = dwfprn15.dws, type=porno, timestamp=2019-10-10 03:46:16)
[21/11/2023 20:27:16 00001860] <DEBUG:1> trying url filter base file: C:\ProgramData\Doctor Web\DWS\dwfprn16.dws
[21/11/2023 20:27:16 00001860] <DEBUG:1> TIMER: file C:\ProgramData\Doctor Web\DWS\dwfprn16.dws time 0 ms
[21/11/2023 20:27:16 00001860] Url filter ignored (file name = dwfprn16.dws, type=porno, timestamp=2019-10-11 03:01:27)
[21/11/2023 20:27:16 00001860] <DEBUG:1> trying url filter base file: C:\ProgramData\Doctor Web\DWS\dwfprn17.dws
[21/11/2023 20:27:16 00001860] <DEBUG:1> TIMER: file C:\ProgramData\Doctor Web\DWS\dwfprn17.dws time 0 ms
[21/11/2023 20:27:16 00001860] Url filter ignored (file name = dwfprn17.dws, type=porno, timestamp=2019-10-11 03:01:53)
[21/11/2023 20:27:16 00001860] <DEBUG:1> trying url filter base file: C:\ProgramData\Doctor Web\DWS\dwfprn18.dws
[21/11/2023 20:27:16 00001860] <DEBUG:1> TIMER: file C:\ProgramData\Doctor Web\DWS\dwfprn18.dws time 0 ms
[21/11/2023 20:27:16 00001860] Url filter ignored (file name = dwfprn18.dws, type=porno, timestamp=2019-10-10 03:45:53)
[21/11/2023 20:27:16 00001860] <DEBUG:1> trying url filter base file: C:\ProgramData\Doctor Web\DWS\dwfprn19.dws
[21/11/2023 20:27:16 00001860] <DEBUG:1> TIMER: file C:\ProgramData\Doctor Web\DWS\dwfprn19.dws time 0 ms
[21/11/2023 20:27:16 00001860] Url filter ignored (file name = dwfprn19.dws, type=porno, timestamp=2019-11-04 09:46:16)
[21/11/2023 20:27:16 00001860] <DEBUG:1> trying url filter base file: C:\ProgramData\Doctor Web\DWS\dwfprn20.dws
[21/11/2023 20:27:16 00001860] <DEBUG:1> TIMER: file C:\ProgramData\Doctor Web\DWS\dwfprn20.dws time 1 ms
[21/11/2023 20:27:16 00001860] Url filter ignored (file name = dwfprn20.dws, type=porno, timestamp=2020-03-22 13:30:29)
[21/11/2023 20:27:16 00001860] <DEBUG:1> trying url filter base file: C:\ProgramData\Doctor Web\DWS\dwfprn21.dws
[21/11/2023 20:27:16 00001860] <DEBUG:1> TIMER: file C:\ProgramData\Doctor Web\DWS\dwfprn21.dws time 1 ms
[21/11/2023 20:27:16 00001860] Url filter ignored (file name = dwfprn21.dws, type=porno, timestamp=2020-08-09 13:15:52)
[21/11/2023 20:27:16 00001860] <DEBUG:1> trying url filter base file: C:\ProgramData\Doctor Web\DWS\dwfprn22.dws
[21/11/2023 20:27:16 00001860] <DEBUG:1> TIMER: file C:\ProgramData\Doctor Web\DWS\dwfprn22.dws time 0 ms
[21/11/2023 20:27:16 00001860] Url filter ignored (file name = dwfprn22.dws, type=porno, timestamp=2020-11-28 12:15:25)
[21/11/2023 20:27:16 00001860] <DEBUG:1> trying url filter base file: C:\ProgramData\Doctor Web\DWS\dwfprn_addon.dws
[21/11/2023 20:27:16 00001860] <DEBUG:1> TIMER: file C:\ProgramData\Doctor Web\DWS\dwfprn_addon.dws time 0 ms
[21/11/2023 20:27:16 00001860] Url filter ignored (file name = dwfprn_addon.dws, type=porno, timestamp=2021-00-05 09:45:03)
[21/11/2023 20:27:16 00001860] <DEBUG:1> trying url filter base file: C:\ProgramData\Doctor Web\DWS\dwfscl00.dws
[21/11/2023 20:27:16 00001860] <DEBUG:1> TIMER: file C:\ProgramData\Doctor Web\DWS\dwfscl00.dws time 0 ms
[21/11/2023 20:27:16 00001860] Url filter ignored (file name = dwfscl00.dws, type=socialnetwork, timestamp=2019-11-23 16:30:23)
[21/11/2023 20:27:16 00001860] <DEBUG:1> trying url filter base file: C:\ProgramData\Doctor Web\DWS\dwfscl01.dws
[21/11/2023 20:27:16 00001860] <DEBUG:1> TIMER: file C:\ProgramData\Doctor Web\DWS\dwfscl01.dws time 1 ms
[21/11/2023 20:27:16 00001860] Url filter ignored (file name = dwfscl01.dws, type=socialnetwork, timestamp=2019-11-23 17:45:23)
[21/11/2023 20:27:16 00001860] <DEBUG:1> trying url filter base file: C:\ProgramData\Doctor Web\DWS\dwfscl02.dws
[21/11/2023 20:27:16 00001860] <DEBUG:1> TIMER: file C:\ProgramData\Doctor Web\DWS\dwfscl02.dws time 0 ms
[21/11/2023 20:27:16 00001860] Url filter ignored (file name = dwfscl02.dws, type=socialnetwork, timestamp=2019-11-23 17:45:28)
[21/11/2023 20:27:16 00001860] <DEBUG:1> trying url filter base file: C:\ProgramData\Doctor Web\DWS\dwfscl03.dws
[21/11/2023 20:27:16 00001860] <DEBUG:1> TIMER: file C:\ProgramData\Doctor Web\DWS\dwfscl03.dws time 0 ms
[21/11/2023 20:27:16 00001860] Url filter ignored (file name = dwfscl03.dws, type=socialnetwork, timestamp=2019-11-23 17:45:33)
[21/11/2023 20:27:16 00001860] <DEBUG:1> trying url filter base file: C:\ProgramData\Doctor Web\DWS\dwfscl04.dws
[21/11/2023 20:27:16 00001860] <DEBUG:1> TIMER: file C:\ProgramData\Doctor Web\DWS\dwfscl04.dws time 0 ms
[21/11/2023 20:27:16 00001860] Url filter ignored (file name = dwfscl04.dws, type=socialnetwork, timestamp=2019-11-23 17:45:16)
[21/11/2023 20:27:16 00001860] <DEBUG:1> trying url filter base file: C:\ProgramData\Doctor Web\DWS\dwfscl05.dws
[21/11/2023 20:27:16 00001860] <DEBUG:1> TIMER: file C:\ProgramData\Doctor Web\DWS\dwfscl05.dws time 0 ms
[21/11/2023 20:27:16 00001860] Url filter ignored (file name = dwfscl05.dws, type=socialnetwork, timestamp=2019-11-24 01:45:24)
[21/11/2023 20:27:16 00001860] <DEBUG:1> trying url filter base file: C:\ProgramData\Doctor Web\DWS\dwfscl06.dws
[21/11/2023 20:27:16 00001860] <DEBUG:1> TIMER: file C:\ProgramData\Doctor Web\DWS\dwfscl06.dws time 0 ms
[21/11/2023 20:27:16 00001860] Url filter ignored (file name = dwfscl06.dws, type=socialnetwork, timestamp=2019-11-24 01:45:33)
[21/11/2023 20:27:16 00001860] <DEBUG:1> trying url filter base file: C:\ProgramData\Doctor Web\DWS\dwfscl07.dws
[21/11/2023 20:27:16 00001860] <DEBUG:1> TIMER: file C:\ProgramData\Doctor Web\DWS\dwfscl07.dws time 0 ms
[21/11/2023 20:27:16 00001860] Url filter ignored (file name = dwfscl07.dws, type=socialnetwork, timestamp=2019-11-24 01:45:18)
[21/11/2023 20:27:16 00001860] <DEBUG:1> trying url filter base file: C:\ProgramData\Doctor Web\DWS\dwfscl08.dws
[21/11/2023 20:27:16 00001860] <DEBUG:1> TIMER: file C:\ProgramData\Doctor Web\DWS\dwfscl08.dws time 0 ms
[21/11/2023 20:27:16 00001860] Url filter ignored (file name = dwfscl08.dws, type=socialnetwork, timestamp=2019-11-24 01:45:41)
[21/11/2023 20:27:16 00001860] <DEBUG:1> trying url filter base file: C:\ProgramData\Doctor Web\DWS\dwfscl09.dws
[21/11/2023 20:27:16 00001860] <DEBUG:1> TIMER: file C:\ProgramData\Doctor Web\DWS\dwfscl09.dws time 0 ms
[21/11/2023 20:27:16 00001860] Url filter ignored (file name = dwfscl09.dws, type=socialnetwork, timestamp=2019-11-24 01:45:27)
[21/11/2023 20:27:16 00001860] <DEBUG:1> trying url filter base file: C:\ProgramData\Doctor Web\DWS\dwfscl10.dws
[21/11/2023 20:27:16 00001860] <DEBUG:1> TIMER: file C:\ProgramData\Doctor Web\DWS\dwfscl10.dws time 0 ms
[21/11/2023 20:27:16 00001860] Url filter ignored (file name = dwfscl10.dws, type=socialnetwork, timestamp=2019-11-24 01:45:51)
[21/11/2023 20:27:16 00001860] <DEBUG:1> trying url filter base file: C:\ProgramData\Doctor Web\DWS\dwfscl11.dws
[21/11/2023 20:27:16 00001860] <DEBUG:1> TIMER: file C:\ProgramData\Doctor Web\DWS\dwfscl11.dws time 0 ms
[21/11/2023 20:27:16 00001860] Url filter ignored (file name = dwfscl11.dws, type=socialnetwork, timestamp=2019-11-24 12:15:16)
[21/11/2023 20:27:16 00001860] <DEBUG:1> trying url filter base file: C:\ProgramData\Doctor Web\DWS\dwfscl12.dws
[21/11/2023 20:27:16 00001860] <DEBUG:1> TIMER: file C:\ProgramData\Doctor Web\DWS\dwfscl12.dws time 0 ms
[21/11/2023 20:27:16 00001860] Url filter ignored (file name = dwfscl12.dws, type=socialnetwork, timestamp=2019-11-24 12:15:23)
[21/11/2023 20:27:16 00001860] <DEBUG:1> trying url filter base file: C:\ProgramData\Doctor Web\DWS\dwfscl13.dws
[21/11/2023 20:27:16 00001860] <DEBUG:1> TIMER: file C:\ProgramData\Doctor Web\DWS\dwfscl13.dws time 0 ms
[21/11/2023 20:27:16 00001860] Url filter ignored (file name = dwfscl13.dws, type=socialnetwork, timestamp=2019-11-24 18:15:39)
[21/11/2023 20:27:16 00001860] <DEBUG:1> trying url filter base file: C:\ProgramData\Doctor Web\DWS\dwfscl14.dws
[21/11/2023 20:27:16 00001860] <DEBUG:1> TIMER: file C:\ProgramData\Doctor Web\DWS\dwfscl14.dws time 1 ms
[21/11/2023 20:27:16 00001860] Url filter ignored (file name = dwfscl14.dws, type=socialnetwork, timestamp=2019-11-24 19:15:36)
[21/11/2023 20:27:16 00001860] <DEBUG:1> trying url filter base file: C:\ProgramData\Doctor Web\DWS\dwfscl15.dws
[21/11/2023 20:27:16 00001860] <DEBUG:1> TIMER: file C:\ProgramData\Doctor Web\DWS\dwfscl15.dws time 1 ms
[21/11/2023 20:27:16 00001860] Url filter ignored (file name = dwfscl15.dws, type=socialnetwork, timestamp=2021-00-05 09:15:05)
[21/11/2023 20:27:16 00001860] <DEBUG:1> trying url filter base file: C:\ProgramData\Doctor Web\DWS\dwfter00.dws
[21/11/2023 20:27:16 00001860] <DEBUG:1> TIMER: file C:\ProgramData\Doctor Web\DWS\dwfter00.dws time 0 ms
[21/11/2023 20:27:16 00001860] Url filter ignored (file name = dwfter00.dws, type=terrorism, timestamp=2019-04-20 17:15:14)
[21/11/2023 20:27:16 00001860] <DEBUG:1> trying url filter base file: C:\ProgramData\Doctor Web\DWS\dwfvln00.dws
[21/11/2023 20:27:16 00001860] <DEBUG:1> TIMER: file C:\ProgramData\Doctor Web\DWS\dwfvln00.dws time 1 ms
[21/11/2023 20:27:16 00001860] Url filter ignored (file name = dwfvln00.dws, type=violence, timestamp=2011-11-01 09:31:02)
[21/11/2023 20:27:16 00001860] <DEBUG:1> trying url filter base file: C:\ProgramData\Doctor Web\DWS\dwfvln01.dws
[21/11/2023 20:27:16 00001860] <DEBUG:1> TIMER: file C:\ProgramData\Doctor Web\DWS\dwfvln01.dws time 0 ms
[21/11/2023 20:27:16 00001860] Url filter ignored (file name = dwfvln01.dws, type=violence, timestamp=2020-09-26 16:15:04)
[21/11/2023 20:27:16 00001860] <DEBUG:1> trying url filter base file: C:\ProgramData\Doctor Web\DWS\dwfwpn00.dws
[21/11/2023 20:27:16 00001860] <DEBUG:1> TIMER: file C:\ProgramData\Doctor Web\DWS\dwfwpn00.dws time 1 ms
[21/11/2023 20:27:16 00001860] Url filter ignored (file name = dwfwpn00.dws, type=weapon, timestamp=2020-09-26 16:15:05)
[21/11/2023 20:27:16 00001860] <DEBUG:1> trying url filter base file: C:\ProgramData\Doctor Web\DWS\white_dwfanonym.dws
[21/11/2023 20:27:16 00001860] <DEBUG:1> TIMER: file C:\ProgramData\Doctor Web\DWS\white_dwfanonym.dws time 0 ms
[21/11/2023 20:27:16 00001860] Url filter ignored (file name = white_dwfanonym.dws, type=whitelist_anonymizer, timestamp=2019-03-22 18:15:06)
[21/11/2023 20:27:16 00001860] <DEBUG:1> trying url filter base file: C:\ProgramData\Doctor Web\DWS\white_dwfcht.dws
[21/11/2023 20:27:16 00001860] <DEBUG:1> TIMER: file C:\ProgramData\Doctor Web\DWS\white_dwfcht.dws time 0 ms
[21/11/2023 20:27:16 00001860] Url filter ignored (file name = white_dwfcht.dws, type=whitelist_chats, timestamp=2019-03-22 18:15:06)
[21/11/2023 20:27:16 00001860] <DEBUG:1> trying url filter base file: C:\ProgramData\Doctor Web\DWS\white_dwfdrg.dws
[21/11/2023 20:27:16 00001860] <DEBUG:1> TIMER: file C:\ProgramData\Doctor Web\DWS\white_dwfdrg.dws time 0 ms
[21/11/2023 20:27:16 00001860] Url filter ignored (file name = white_dwfdrg.dws, type=whitelist_drugs, timestamp=2020-07-04 07:15:14)
[21/11/2023 20:27:16 00001860] <DEBUG:1> trying url filter base file: C:\ProgramData\Doctor Web\DWS\white_dwfeml.dws
[21/11/2023 20:27:16 00001860] <DEBUG:1> TIMER: file C:\ProgramData\Doctor Web\DWS\white_dwfeml.dws time 1 ms
[21/11/2023 20:27:16 00001860] Url filter ignored (file name = white_dwfeml.dws, type=whitelist_e-mail, timestamp=2019-03-22 18:15:06)
[21/11/2023 20:27:16 00001860] <DEBUG:1> trying url filter base file: C:\ProgramData\Doctor Web\DWS\white_dwffse.dws
[21/11/2023 20:27:16 00001860] <DEBUG:1> TIMER: file C:\ProgramData\Doctor Web\DWS\white_dwffse.dws time 1 ms
[21/11/2023 20:27:16 00001860] Url exclude filter loaded (file name = white_dwffse.dws, type=whitelist_social_engineering, timestamp=2021-00-06 07:00:59)
[21/11/2023 20:27:16 00001860] <DEBUG:1> trying url filter base file: C:\ProgramData\Doctor Web\DWS\white_dwfgml.dws
[21/11/2023 20:27:16 00001860] <DEBUG:1> TIMER: file C:\ProgramData\Doctor Web\DWS\white_dwfgml.dws time 0 ms
[21/11/2023 20:27:16 00001860] Url filter ignored (file name = white_dwfgml.dws, type=whitelist_gamble, timestamp=2020-11-22 10:00:14)
[21/11/2023 20:27:16 00001860] <DEBUG:1> trying url filter base file: C:\ProgramData\Doctor Web\DWS\white_dwfminers.dws
[21/11/2023 20:27:16 00001860] <DEBUG:1> TIMER: file C:\ProgramData\Doctor Web\DWS\white_dwfminers.dws time 0 ms
[21/11/2023 20:27:16 00001860] Url filter ignored (file name = white_dwfminers.dws, type=whitelist_miners, timestamp=2018-04-31 07:00:08)
[21/11/2023 20:27:16 00001860] <DEBUG:1> trying url filter base file: C:\ProgramData\Doctor Web\DWS\white_dwfmlw.dws
[21/11/2023 20:27:16 00001860] <DEBUG:1> TIMER: file C:\ProgramData\Doctor Web\DWS\white_dwfmlw.dws time 3 ms
[21/11/2023 20:27:16 00001860] Url exclude filter loaded (file name = white_dwfmlw.dws, type=whitelist_malware, timestamp=2021-00-05 07:30:52)
[21/11/2023 20:27:16 00001860] <DEBUG:1> trying url filter base file: C:\ProgramData\Doctor Web\DWS\white_dwfobs.dws
[21/11/2023 20:27:16 00001860] <DEBUG:1> TIMER: file C:\ProgramData\Doctor Web\DWS\white_dwfobs.dws time 0 ms
[21/11/2023 20:27:16 00001860] Url filter ignored (file name = white_dwfobs.dws, type=whitelist_obscenity, timestamp=2019-03-22 18:15:06)
[21/11/2023 20:27:16 00001860] <DEBUG:1> trying url filter base file: C:\ProgramData\Doctor Web\DWS\white_dwfogm.dws
[21/11/2023 20:27:16 00001860] <DEBUG:1> TIMER: file C:\ProgramData\Doctor Web\DWS\white_dwfogm.dws time 0 ms
[21/11/2023 20:27:16 00001860] Url filter ignored (file name = white_dwfogm.dws, type=whitelist_online_games, timestamp=2019-03-22 18:15:06)
[21/11/2023 20:27:16 00001860] <DEBUG:1> trying url filter base file: C:\ProgramData\Doctor Web\DWS\white_dwfprc.dws
[21/11/2023 20:27:16 00001860] <DEBUG:1> TIMER: file C:\ProgramData\Doctor Web\DWS\white_dwfprc.dws time 0 ms
[21/11/2023 20:27:16 00001860] Url exclude filter loaded (file name = white_dwfprc.dws, type=whitelist_piracy, timestamp=2020-09-29 07:45:21)
[21/11/2023 20:27:16 00001860] <DEBUG:1> trying url filter base file: C:\ProgramData\Doctor Web\DWS\white_dwfprn.dws
[21/11/2023 20:27:16 00001860] <DEBUG:1> TIMER: file C:\ProgramData\Doctor Web\DWS\white_dwfprn.dws time 0 ms
[21/11/2023 20:27:16 00001860] Url filter ignored (file name = white_dwfprn.dws, type=whitelist_porno, timestamp=2020-11-29 07:00:03)
[21/11/2023 20:27:16 00001860] <DEBUG:1> trying url filter base file: C:\ProgramData\Doctor Web\DWS\white_dwfscl.dws
[21/11/2023 20:27:16 00001860] <DEBUG:1> TIMER: file C:\ProgramData\Doctor Web\DWS\white_dwfscl.dws time 0 ms
[21/11/2023 20:27:16 00001860] Url filter ignored (file name = white_dwfscl.dws, type=whitelist_socialnetwork, timestamp=2020-09-25 08:00:04)
[21/11/2023 20:27:16 00001860] <DEBUG:1> trying url filter base file: C:\ProgramData\Doctor Web\DWS\white_dwfter.dws
[21/11/2023 20:27:16 00001860] <DEBUG:1> TIMER: file C:\ProgramData\Doctor Web\DWS\white_dwfter.dws time 0 ms
[21/11/2023 20:27:16 00001860] Url filter ignored (file name = white_dwfter.dws, type=whitelist_terrorism, timestamp=2019-03-22 18:15:06)
[21/11/2023 20:27:16 00001860] <DEBUG:1> trying url filter base file: C:\ProgramData\Doctor Web\DWS\white_dwfvln.dws
[21/11/2023 20:27:16 00001860] <DEBUG:1> TIMER: file C:\ProgramData\Doctor Web\DWS\white_dwfvln.dws time 0 ms
[21/11/2023 20:27:16 00001860] Url filter ignored (file name = white_dwfvln.dws, type=whitelist_violence, timestamp=2019-03-22 18:15:06)
[21/11/2023 20:27:16 00001860] <DEBUG:1> trying url filter base file: C:\ProgramData\Doctor Web\DWS\white_dwfwpn.dws
[21/11/2023 20:27:16 00001860] <DEBUG:1> TIMER: file C:\ProgramData\Doctor Web\DWS\white_dwfwpn.dws time 0 ms
[21/11/2023 20:27:16 00001860] Url filter ignored (file name = white_dwfwpn.dws, type=whitelist_weapon, timestamp=2020-04-29 07:15:04)
[21/11/2023 20:27:16 00001860] <DEBUG:1> TIMER: total 165 ms loading 131 ms
[21/11/2023 20:29:07 00001874] <DEBUG:1> Config update 00000010 00000040
[21/11/2023 20:29:07 00001874] LogLevelMail = 1
[21/11/2023 20:29:07 00001874] LogLevelHttp = 1
[21/11/2023 20:29:07 00001874] CheckIncoming = Yes
[21/11/2023 20:29:07 00001874] CheckOutgoing = No
[21/11/2023 20:29:07 00001874] CheckArchives = No
[21/11/2023 20:29:07 00001874] CheckContainners = No
[21/11/2023 20:29:07 00001874] CheckIM = Yes
[21/11/2023 20:29:07 00001874] SpeedBalance = 125
[21/11/2023 20:29:07 00001874] BlockMalwareUrls = Yes
[21/11/2023 20:29:07 00001874] BlockScamAndFraud = Yes
[21/11/2023 20:29:07 00001874] BlockPiracy = Yes
[21/11/2023 20:29:07 00001874] BlockAdware = Yes
[21/11/2023 20:29:07 00001874] BlockDialers = Yes
[21/11/2023 20:29:07 00001874] BlockRiskware = No
[21/11/2023 20:29:07 00001874] BlockHacktools = No
[21/11/2023 20:29:07 00001874] BlockJokes = No
[21/11/2023 20:29:07 00001874] BlockSuspicious = Yes
[21/11/2023 20:29:07 00001874] BlockNotChecked = No
[21/11/2023 20:29:07 00001874] BlockMalformed = No
[21/11/2023 20:29:07 00001874] ProxyPort = 0
[21/11/2023 20:29:07 00001874] ChainProxyAddr = ""
[21/11/2023 20:29:07 00001874] ChainProxyPort = 0
[21/11/2023 20:29:07 00001874] QueryDNSWhenProxy = Yes
[21/11/2023 20:29:07 00001874] UrlFilter = No
[21/11/2023 20:29:07 00001874] BlockSites = No
[21/11/2023 20:29:07 00001874] SafeSearch = Yes
[21/11/2023 20:29:07 00001874] ProfileEnabled = Yes
[21/11/2023 20:29:07 00001874] OfficeControl = No
[21/11/2023 20:29:07 00001874] LngFileName = "ru-drweb.dwl"
[21/11/2023 20:29:07 00001874] ParentalControlInstalled = Yes
[21/11/2023 20:29:07 00001874] ActionInfected = 1
[21/11/2023 20:29:07 00001874] ActionIncurable = 2
[21/11/2023 20:29:07 00001874] ActionSuspicious = 2
[21/11/2023 20:29:07 00001874] ActionNotChecked = 8
[21/11/2023 20:29:07 00001874] ActionMalformed = 8
[21/11/2023 20:29:07 00001874] ActionAdware = 2
[21/11/2023 20:29:07 00001874] ActionDialers = 2
[21/11/2023 20:29:07 00001874] ActionRiskware = 8
[21/11/2023 20:29:07 00001874] ActionHacktools = 8
[21/11/2023 20:29:07 00001874] ActionJokes = 8
[21/11/2023 20:29:07 00001874] HeuristicAnalysis = Yes
[21/11/2023 20:29:07 00001874] VirusActivityControl = Yes
[21/11/2023 20:29:07 00001874] CheckArchivesMail = No
[21/11/2023 20:29:07 00001874] CheckContainersMail = No
[21/11/2023 20:29:07 00001874] InsertXAntiVirus = Yes
[21/11/2023 20:29:07 00001874] DeleteMessagesOnServer = No
[21/11/2023 20:29:07 00001874] MessageScanTimeout = 250
[21/11/2023 20:29:07 00001874] MaxFileSizeToExtract = 30720
[21/11/2023 20:29:07 00001874] MaxCompressionRatio = 0
[21/11/2023 20:29:07 00001874] MaxArchiveLevel = 64
[21/11/2023 20:29:07 00001874] CheckSpam = No
[21/11/2023 20:29:07 00001874] SpamAllowCyrillic = Yes
[21/11/2023 20:29:07 00001874] SpamAllowCJK = Yes
[21/11/2023 20:29:07 00001874] AddSpamSubj = Yes
[21/11/2023 20:29:07 00001874] SpamSubj = "[SPAM]"
[21/11/2023 20:29:07 00001874] SSL = No
[21/11/2023 20:29:07 00001874] CertificateSubject = "0 Dr.Web for Windows"
[21/11/2023 20:29:07 00001874] CertificateHash = ""
[21/11/2023 20:29:07 00001874] UseProfiles = Yes
[21/11/2023 20:29:07 00001874] Parental Control profiles = 0
[21/11/2023 20:29:07 00001874]     SID = ""
[21/11/2023 20:29:07 00001874]         UrlFilter = No
[21/11/2023 20:29:07 00001874]         BlockSites = No
[21/11/2023 20:29:07 00001874]         SafeSearch = Yes
[21/11/2023 20:29:07 00001874]         ProfileEnabled = Yes
[21/11/2023 20:29:07 00001874]         \settings\ParentalControl\BlockPorno = Yes
[21/11/2023 20:29:07 00001874]         \settings\ParentalControl\BlockViolence = Yes
[21/11/2023 20:29:07 00001874]         \settings\ParentalControl\BlockWeapon = Yes
[21/11/2023 20:29:07 00001874]         \settings\ParentalControl\BlockGamble = Yes
[21/11/2023 20:29:07 00001874]         \settings\ParentalControl\BlockDrugs = Yes
[21/11/2023 20:29:07 00001874]         \settings\ParentalControl\BlockObscenity = Yes
[21/11/2023 20:29:07 00001874]         \settings\ParentalControl\BlockChats = No
[21/11/2023 20:29:07 00001874]         \settings\ParentalControl\BlockTerrorism = Yes
[21/11/2023 20:29:07 00001874]         \settings\ParentalControl\BlockE_Mail = No
[21/11/2023 20:29:07 00001874]         \settings\ParentalControl\BlockSocialNetwork = No
[21/11/2023 20:29:07 00001874]         \settings\ParentalControl\BlockOnlineGames = No
[21/11/2023 20:29:07 00001874]         \settings\ParentalControl\BlockAnonymizers = No
[21/11/2023 20:29:07 00001874]         \settings\ParentalControl\BlockMiners = No
[21/11/2023 20:29:07 00001874]         ProfileAccessMode = 0
[21/11/2023 20:29:07 00001874]         InternetAccess[sun] = "111111111111111111111111111111111111111111111111"
[21/11/2023 20:29:07 00001874]         InternetAccess[mon] = "111111111111111111111111111111111111111111111111"
[21/11/2023 20:29:07 00001874]         InternetAccess[tue] = "111111111111111111111111111111111111111111111111"
[21/11/2023 20:29:07 00001874]         InternetAccess[wed] = "111111111111111111111111111111111111111111111111"
[21/11/2023 20:29:07 00001874]         InternetAccess[thu] = "111111111111111111111111111111111111111111111111"
[21/11/2023 20:29:07 00001874]         InternetAccess[fri] = "111111111111111111111111111111111111111111111111"
[21/11/2023 20:29:07 00001874]         InternetAccess[sat] = "111111111111111111111111111111111111111111111111"
[21/11/2023 20:29:07 00001874]         LogonAccess[sun] = "111111111111111111111111111111111111111111111111"
[21/11/2023 20:29:07 00001874]         LogonAccess[mon] = "111111111111111111111111111111111111111111111111"
[21/11/2023 20:29:07 00001874]         LogonAccess[tue] = "111111111111111111111111111111111111111111111111"
[21/11/2023 20:29:07 00001874]         LogonAccess[wed] = "111111111111111111111111111111111111111111111111"
[21/11/2023 20:29:07 00001874]         LogonAccess[thu] = "111111111111111111111111111111111111111111111111"
[21/11/2023 20:29:07 00001874]         LogonAccess[fri] = "111111111111111111111111111111111111111111111111"
[21/11/2023 20:29:07 00001874]         LogonAccess[sat] = "111111111111111111111111111111111111111111111111"
[21/11/2023 20:29:07 00001874]         DayLimitWorkdays.enabled = No
[21/11/2023 20:29:07 00001874]         DayLimitWorkdays.limit = 10800
[21/11/2023 20:29:07 00001874]         DayLimitWeekend.enabled = No
[21/11/2023 20:29:07 00001874]         DayLimitWeekend.limit = 10800
[21/11/2023 20:29:07 00001874]         NightLimitWorkdays.enabled = No
[21/11/2023 20:29:07 00001874]         NightLimitWorkdays.start = 82800
[21/11/2023 20:29:07 00001874]         NightLimitWorkdays.end = 25200
[21/11/2023 20:29:07 00001874]         NightLimitWeekend.enabled = No
[21/11/2023 20:29:07 00001874]         NightLimitWeekend.start = 82800
[21/11/2023 20:29:07 00001874]         NightLimitWeekend.end = 25200
[21/11/2023 20:29:07 00001874] UseCloud = Yes
[21/11/2023 20:29:07 00001874] SpiderMail is enabled, license ok
[21/11/2023 20:29:07 00001874] SpiderGate is enabled, license ok
[21/11/2023 20:29:07 00001874] ParentalControl is enabled
[21/11/2023 20:29:07 00001874] Antispam license ok
[21/11/2023 20:29:07 00001874] Can't load language resource ru-drweb.dwl
[21/11/2023 20:29:14 00001874] <DEBUG:1> Config update 00000009 00000001
[21/11/2023 20:29:14 00001874] LogLevelMail = 1
[21/11/2023 20:29:14 00001874] LogLevelHttp = 1
[21/11/2023 20:29:14 00001874] CheckIncoming = Yes
[21/11/2023 20:29:14 00001874] CheckOutgoing = No
[21/11/2023 20:29:14 00001874] CheckArchives = No
[21/11/2023 20:29:14 00001874] CheckContainners = No
[21/11/2023 20:29:14 00001874] CheckIM = Yes
[21/11/2023 20:29:14 00001874] SpeedBalance = 125
[21/11/2023 20:29:14 00001874] BlockMalwareUrls = Yes
[21/11/2023 20:29:14 00001874] BlockScamAndFraud = Yes
[21/11/2023 20:29:14 00001874] BlockPiracy = Yes
[21/11/2023 20:29:14 00001874] BlockAdware = Yes
[21/11/2023 20:29:14 00001874] BlockDialers = Yes
[21/11/2023 20:29:14 00001874] BlockRiskware = No
[21/11/2023 20:29:14 00001874] BlockHacktools = No
[21/11/2023 20:29:14 00001874] BlockJokes = No
[21/11/2023 20:29:14 00001874] BlockSuspicious = Yes
[21/11/2023 20:29:14 00001874] BlockNotChecked = No
[21/11/2023 20:29:14 00001874] BlockMalformed = No
[21/11/2023 20:29:14 00001874] ProxyPort = 0
[21/11/2023 20:29:14 00001874] ChainProxyAddr = ""
[21/11/2023 20:29:14 00001874] ChainProxyPort = 0
[21/11/2023 20:29:14 00001874] QueryDNSWhenProxy = Yes
[21/11/2023 20:29:14 00001874] UrlFilter = No
[21/11/2023 20:29:14 00001874] BlockSites = No
[21/11/2023 20:29:14 00001874] SafeSearch = Yes
[21/11/2023 20:29:14 00001874] ProfileEnabled = Yes
[21/11/2023 20:29:14 00001874] OfficeControl = No
[21/11/2023 20:29:14 00001874] LngFileName = "ru-drweb.dwl"
[21/11/2023 20:29:14 00001874] ParentalControlInstalled = No
[21/11/2023 20:29:14 00001874] ActionInfected = 1
[21/11/2023 20:29:14 00001874] ActionIncurable = 2
[21/11/2023 20:29:14 00001874] ActionSuspicious = 2
[21/11/2023 20:29:14 00001874] ActionNotChecked = 8
[21/11/2023 20:29:14 00001874] ActionMalformed = 8
[21/11/2023 20:29:14 00001874] ActionAdware = 2
[21/11/2023 20:29:14 00001874] ActionDialers = 2
[21/11/2023 20:29:14 00001874] ActionRiskware = 8
[21/11/2023 20:29:14 00001874] ActionHacktools = 8
[21/11/2023 20:29:14 00001874] ActionJokes = 8
[21/11/2023 20:29:14 00001874] HeuristicAnalysis = Yes
[21/11/2023 20:29:14 00001874] VirusActivityControl = Yes
[21/11/2023 20:29:14 00001874] CheckArchivesMail = No
[21/11/2023 20:29:14 00001874] CheckContainersMail = No
[21/11/2023 20:29:14 00001874] InsertXAntiVirus = Yes
[21/11/2023 20:29:14 00001874] DeleteMessagesOnServer = No
[21/11/2023 20:29:14 00001874] MessageScanTimeout = 250
[21/11/2023 20:29:14 00001874] MaxFileSizeToExtract = 30720
[21/11/2023 20:29:14 00001874] MaxCompressionRatio = 0
[21/11/2023 20:29:14 00001874] MaxArchiveLevel = 64
[21/11/2023 20:29:14 00001874] CheckSpam = No
[21/11/2023 20:29:14 00001874] SpamAllowCyrillic = Yes
[21/11/2023 20:29:14 00001874] SpamAllowCJK = Yes
[21/11/2023 20:29:14 00001874] AddSpamSubj = Yes
[21/11/2023 20:29:14 00001874] SpamSubj = "[SPAM]"
[21/11/2023 20:29:14 00001874] SSL = No
[21/11/2023 20:29:14 00001874] CertificateSubject = "0 Dr.Web for Windows"
[21/11/2023 20:29:14 00001874] CertificateHash = ""
[21/11/2023 20:29:14 00001874] UseProfiles = Yes
[21/11/2023 20:29:14 00001874] Parental Control profiles = 0
[21/11/2023 20:29:14 00001874]     SID = ""
[21/11/2023 20:29:14 00001874]         UrlFilter = No
[21/11/2023 20:29:14 00001874]         BlockSites = No
[21/11/2023 20:29:14 00001874]         SafeSearch = Yes
[21/11/2023 20:29:14 00001874]         ProfileEnabled = Yes
[21/11/2023 20:29:14 00001874]         \settings\ParentalControl\BlockPorno = Yes
[21/11/2023 20:29:14 00001874]         \settings\ParentalControl\BlockViolence = Yes
[21/11/2023 20:29:14 00001874]         \settings\ParentalControl\BlockWeapon = Yes
[21/11/2023 20:29:14 00001874]         \settings\ParentalControl\BlockGamble = Yes
[21/11/2023 20:29:14 00001874]         \settings\ParentalControl\BlockDrugs = Yes
[21/11/2023 20:29:14 00001874]         \settings\ParentalControl\BlockObscenity = Yes
[21/11/2023 20:29:14 00001874]         \settings\ParentalControl\BlockChats = No
[21/11/2023 20:29:14 00001874]         \settings\ParentalControl\BlockTerrorism = Yes
[21/11/2023 20:29:14 00001874]         \settings\ParentalControl\BlockE_Mail = No
[21/11/2023 20:29:14 00001874]         \settings\ParentalControl\BlockSocialNetwork = No
[21/11/2023 20:29:14 00001874]         \settings\ParentalControl\BlockOnlineGames = No
[21/11/2023 20:29:14 00001874]         \settings\ParentalControl\BlockAnonymizers = No
[21/11/2023 20:29:14 00001874]         \settings\ParentalControl\BlockMiners = No
[21/11/2023 20:29:14 00001874]         ProfileAccessMode = 0
[21/11/2023 20:29:14 00001874]         InternetAccess[sun] = "111111111111111111111111111111111111111111111111"
[21/11/2023 20:29:14 00001874]         InternetAccess[mon] = "111111111111111111111111111111111111111111111111"
[21/11/2023 20:29:14 00001874]         InternetAccess[tue] = "111111111111111111111111111111111111111111111111"
[21/11/2023 20:29:14 00001874]         InternetAccess[wed] = "111111111111111111111111111111111111111111111111"
[21/11/2023 20:29:14 00001874]         InternetAccess[thu] = "111111111111111111111111111111111111111111111111"
[21/11/2023 20:29:14 00001874]         InternetAccess[fri] = "111111111111111111111111111111111111111111111111"
[21/11/2023 20:29:14 00001874]         InternetAccess[sat] = "111111111111111111111111111111111111111111111111"
[21/11/2023 20:29:14 00001874]         LogonAccess[sun] = "111111111111111111111111111111111111111111111111"
[21/11/2023 20:29:14 00001874]         LogonAccess[mon] = "111111111111111111111111111111111111111111111111"
[21/11/2023 20:29:14 00001874]         LogonAccess[tue] = "111111111111111111111111111111111111111111111111"
[21/11/2023 20:29:14 00001874]         LogonAccess[wed] = "111111111111111111111111111111111111111111111111"
[21/11/2023 20:29:14 00001874]         LogonAccess[thu] = "111111111111111111111111111111111111111111111111"
[21/11/2023 20:29:14 00001874]         LogonAccess[fri] = "111111111111111111111111111111111111111111111111"
[21/11/2023 20:29:14 00001874]         LogonAccess[sat] = "111111111111111111111111111111111111111111111111"
[21/11/2023 20:29:14 00001874]         DayLimitWorkdays.enabled = No
[21/11/2023 20:29:14 00001874]         DayLimitWorkdays.limit = 10800
[21/11/2023 20:29:14 00001874]         DayLimitWeekend.enabled = No
[21/11/2023 20:29:14 00001874]         DayLimitWeekend.limit = 10800
[21/11/2023 20:29:14 00001874]         NightLimitWorkdays.enabled = No
[21/11/2023 20:29:14 00001874]         NightLimitWorkdays.start = 82800
[21/11/2023 20:29:14 00001874]         NightLimitWorkdays.end = 25200
[21/11/2023 20:29:14 00001874]         NightLimitWeekend.enabled = No
[21/11/2023 20:29:14 00001874]         NightLimitWeekend.start = 82800
[21/11/2023 20:29:14 00001874]         NightLimitWeekend.end = 25200
[21/11/2023 20:29:14 00001874] UseCloud = Yes
[21/11/2023 20:29:14 00001874] SpiderMail is not installed
[21/11/2023 20:29:14 00001874] SpiderGate is not installed
[21/11/2023 20:29:14 00001874] ParentalControl is not installed
[21/11/2023 20:29:14 00001874] Antispam license ok
[21/11/2023 20:29:14 00001874] Can't load language resource ru-drweb.dwl
[21/11/2023 20:29:15 00001870] service connection FATAL error
[21/11/2023 20:29:36 0000185c] Service shutdown received
[21/11/2023 20:29:36 0000186c] <DEBUG:1> Managed shutdown started.
[21/11/2023 20:29:36 0000186c] <DEBUG:1> Closing driver accept threads...
[21/11/2023 20:29:36 0000186c] <DEBUG:1> Closing connections...
[21/11/2023 20:29:36 0000186c] <DEBUG:1> Detaching config...
[21/11/2023 20:29:36 0000186c] <DEBUG:1> Reporting service as stopped...
[21/11/2023 20:29:36 0000186c] <DEBUG:1> Managed shutdown completed. Global objects are to be destroyed.

=============================================================================
DrWeb Net Filtering Service for Windows Workstations v11.5.4.02210
Copyright (c) Doctor Web, Ltd., 1992-2020
Operating System: Windows 10 Starter x64/native (Build 19045)
Command line: "C:\Program Files\DrWeb\dwnetfilter.exe" --ats
=============================================================================
[21/11/2023 20:33:54 000004cc] Cannot start the service: System error; (Unable to open pipe.)
[21/11/2023 20:33:54 000004cc] <DEBUG:1> Managed shutdown started.
[21/11/2023 20:33:54 000004cc] <DEBUG:1> Closing driver accept threads...
[21/11/2023 20:33:54 000004cc] <DEBUG:1> Closing connections...
[21/11/2023 20:33:54 000004cc] <DEBUG:1> Detaching config...
[21/11/2023 20:33:54 000004cc] <DEBUG:1> Reporting service as stopped...
[21/11/2023 20:33:54 000004cc] <DEBUG:1> Managed shutdown completed. Global objects are to be destroyed.

=============================================================================
DrWeb Net Filtering Service for Windows Workstations v11.5.4.02210
Copyright (c) Doctor Web, Ltd., 1992-2020
Operating System: Windows 10 Starter x64/native (Build 19045)
Command line: "C:\Program Files\DrWeb\dwnetfilter.exe" --ats
=============================================================================
[21/11/2023 20:33:57 000013d8] Cannot create the WFP server: Driver not loaded: 80070002
[21/11/2023 20:33:57 000013e4] Service: new standalone
[21/11/2023 20:33:57 000013d8] <DEBUG:1> Config update 00000019 00000047
[21/11/2023 20:33:57 000013d8] GetTimeProtect() error System error; (device::open: The system cannot find the file specified. (2))
[21/11/2023 20:33:57 000013d8] GetTimeProtect() error System error; (device::open: The system cannot find the file specified. (2))
[21/11/2023 20:33:57 000013d8] GetSessionTimeData() error Invalid value; (NetFilter:PC:SessionTimeData)
[21/11/2023 20:33:57 000013d8] LogLevelMail = 1
[21/11/2023 20:33:57 000013d8] LogLevelHttp = 1
[21/11/2023 20:33:57 000013d8] CheckIncoming = Yes
[21/11/2023 20:33:57 000013d8] CheckOutgoing = No
[21/11/2023 20:33:57 000013d8] CheckArchives = No
[21/11/2023 20:33:57 000013d8] CheckContainners = No
[21/11/2023 20:33:57 000013d8] CheckIM = Yes
[21/11/2023 20:33:57 000013d8] SpeedBalance = 125
[21/11/2023 20:33:57 000013d8] BlockMalwareUrls = Yes
[21/11/2023 20:33:57 000013d8] BlockScamAndFraud = Yes
[21/11/2023 20:33:57 000013d8] BlockPiracy = Yes
[21/11/2023 20:33:57 000013d8] BlockAdware = Yes
[21/11/2023 20:33:57 000013d8] BlockDialers = Yes
[21/11/2023 20:33:57 000013d8] BlockRiskware = No
[21/11/2023 20:33:57 000013d8] BlockHacktools = No
[21/11/2023 20:33:57 000013d8] BlockJokes = No
[21/11/2023 20:33:57 000013d8] BlockSuspicious = Yes
[21/11/2023 20:33:57 000013d8] BlockNotChecked = No
[21/11/2023 20:33:57 000013d8] BlockMalformed = No
[21/11/2023 20:33:57 000013d8] ProxyPort = 0
[21/11/2023 20:33:57 000013d8] ChainProxyAddr = ""
[21/11/2023 20:33:57 000013d8] ChainProxyPort = 0
[21/11/2023 20:33:57 000013d8] QueryDNSWhenProxy = Yes
[21/11/2023 20:33:57 000013d8] UrlFilter = No
[21/11/2023 20:33:57 000013d8] BlockSites = No
[21/11/2023 20:33:57 000013d8] SafeSearch = Yes
[21/11/2023 20:33:57 000013d8] ProfileEnabled = Yes
[21/11/2023 20:33:57 000013d8] OfficeControl = No
[21/11/2023 20:33:57 000013d8] LngFileName = ""
[21/11/2023 20:33:57 000013d8] ParentalControlInstalled = Yes
[21/11/2023 20:33:57 000013d8] ActionInfected = 1
[21/11/2023 20:33:57 000013d8] ActionIncurable = 2
[21/11/2023 20:33:57 000013d8] ActionSuspicious = 2
[21/11/2023 20:33:57 000013d8] ActionNotChecked = 8
[21/11/2023 20:33:57 000013d8] ActionMalformed = 8
[21/11/2023 20:33:57 000013d8] ActionAdware = 2
[21/11/2023 20:33:57 000013d8] ActionDialers = 2
[21/11/2023 20:33:57 000013d8] ActionRiskware = 8
[21/11/2023 20:33:57 000013d8] ActionHacktools = 8
[21/11/2023 20:33:57 000013d8] ActionJokes = 8
[21/11/2023 20:33:57 000013d8] HeuristicAnalysis = Yes
[21/11/2023 20:33:57 000013d8] VirusActivityControl = Yes
[21/11/2023 20:33:57 000013d8] CheckArchivesMail = No
[21/11/2023 20:33:57 000013d8] CheckContainersMail = No
[21/11/2023 20:33:57 000013d8] InsertXAntiVirus = Yes
[21/11/2023 20:33:57 000013d8] DeleteMessagesOnServer = No
[21/11/2023 20:33:57 000013d8] MessageScanTimeout = 250
[21/11/2023 20:33:57 000013d8] MaxFileSizeToExtract = 30720
[21/11/2023 20:33:57 000013d8] MaxCompressionRatio = 0
[21/11/2023 20:33:57 000013d8] MaxArchiveLevel = 64
[21/11/2023 20:33:57 000013d8] CheckSpam = Yes
[21/11/2023 20:33:57 000013d8] SpamAllowCyrillic = Yes
[21/11/2023 20:33:57 000013d8] SpamAllowCJK = Yes
[21/11/2023 20:33:57 000013d8] AddSpamSubj = Yes
[21/11/2023 20:33:57 000013d8] SpamSubj = "[SPAM]"
[21/11/2023 20:33:57 000013d8] SSL = No
[21/11/2023 20:33:57 000013d8] CertificateSubject = "0 Dr.Web for Windows"
[21/11/2023 20:33:57 000013d8] CertificateHash = ""
[21/11/2023 20:33:57 000013d8] UseProfiles = Yes
[21/11/2023 20:33:57 000013d8] Parental Control profiles = 0
[21/11/2023 20:33:57 000013d8]     SID = ""
[21/11/2023 20:33:57 000013d8]         UrlFilter = No
[21/11/2023 20:33:57 000013d8]         BlockSites = No
[21/11/2023 20:33:57 000013d8]         SafeSearch = Yes
[21/11/2023 20:33:57 000013d8]         ProfileEnabled = Yes
[21/11/2023 20:33:57 000013d8]         \settings\ParentalControl\BlockPorno = Yes
[21/11/2023 20:33:57 000013d8]         \settings\ParentalControl\BlockViolence = Yes
[21/11/2023 20:33:57 000013d8]         \settings\ParentalControl\BlockWeapon = Yes
[21/11/2023 20:33:57 000013d8]         \settings\ParentalControl\BlockGamble = Yes
[21/11/2023 20:33:57 000013d8]         \settings\ParentalControl\BlockDrugs = Yes
[21/11/2023 20:33:57 000013d8]         \settings\ParentalControl\BlockObscenity = Yes
[21/11/2023 20:33:57 000013d8]         \settings\ParentalControl\BlockChats = No
[21/11/2023 20:33:57 000013d8]         \settings\ParentalControl\BlockTerrorism = Yes
[21/11/2023 20:33:57 000013d8]         \settings\ParentalControl\BlockE_Mail = No
[21/11/2023 20:33:57 000013d8]         \settings\ParentalControl\BlockSocialNetwork = No
[21/11/2023 20:33:57 000013d8]         \settings\ParentalControl\BlockOnlineGames = No
[21/11/2023 20:33:57 000013d8]         \settings\ParentalControl\BlockAnonymizers = No
[21/11/2023 20:33:57 000013d8]         \settings\ParentalControl\BlockMiners = No
[21/11/2023 20:33:57 000013d8]         ProfileAccessMode = 0
[21/11/2023 20:33:57 000013d8]         InternetAccess[sun] = "111111111111111111111111111111111111111111111111"
[21/11/2023 20:33:57 000013d8]         InternetAccess[mon] = "111111111111111111111111111111111111111111111111"
[21/11/2023 20:33:57 000013d8]         InternetAccess[tue] = "111111111111111111111111111111111111111111111111"
[21/11/2023 20:33:57 000013d8]         InternetAccess[wed] = "111111111111111111111111111111111111111111111111"
[21/11/2023 20:33:57 000013d8]         InternetAccess[thu] = "111111111111111111111111111111111111111111111111"
[21/11/2023 20:33:57 000013d8]         InternetAccess[fri] = "111111111111111111111111111111111111111111111111"
[21/11/2023 20:33:57 000013d8]         InternetAccess[sat] = "111111111111111111111111111111111111111111111111"
[21/11/2023 20:33:57 000013d8]         LogonAccess[sun] = "111111111111111111111111111111111111111111111111"
[21/11/2023 20:33:57 000013d8]         LogonAccess[mon] = "111111111111111111111111111111111111111111111111"
[21/11/2023 20:33:57 000013d8]         LogonAccess[tue] = "111111111111111111111111111111111111111111111111"
[21/11/2023 20:33:57 000013d8]         LogonAccess[wed] = "111111111111111111111111111111111111111111111111"
[21/11/2023 20:33:57 000013d8]         LogonAccess[thu] = "111111111111111111111111111111111111111111111111"
[21/11/2023 20:33:57 000013d8]         LogonAccess[fri] = "111111111111111111111111111111111111111111111111"
[21/11/2023 20:33:57 000013d8]         LogonAccess[sat] = "111111111111111111111111111111111111111111111111"
[21/11/2023 20:33:57 000013d8]         DayLimitWorkdays.enabled = No
[21/11/2023 20:33:57 000013d8]         DayLimitWorkdays.limit = 10800
[21/11/2023 20:33:57 000013d8]         DayLimitWeekend.enabled = No
[21/11/2023 20:33:57 000013d8]         DayLimitWeekend.limit = 10800
[21/11/2023 20:33:57 000013d8]         NightLimitWorkdays.enabled = No
[21/11/2023 20:33:57 000013d8]         NightLimitWorkdays.start = 82800
[21/11/2023 20:33:57 000013d8]         NightLimitWorkdays.end = 25200
[21/11/2023 20:33:57 000013d8]         NightLimitWeekend.enabled = No
[21/11/2023 20:33:57 000013d8]         NightLimitWeekend.start = 82800
[21/11/2023 20:33:57 000013d8]         NightLimitWeekend.end = 25200
[21/11/2023 20:33:57 000013d8] UseCloud = No
[21/11/2023 20:33:57 000013d8] SpiderMail is enabled, license ok
[21/11/2023 20:33:57 000013d8] SpiderGate is enabled, license ok
[21/11/2023 20:33:57 000013d8] ParentalControl is enabled
[21/11/2023 20:33:57 000013d8] Antispam license ok
[21/11/2023 20:33:57 00000860] Loading the predefined URL-filter lists from C:\ProgramData\Doctor Web\DWS\
[21/11/2023 20:33:57 00000860] <DEBUG:1> trying url filter base file: C:\ProgramData\Doctor Web\DWS\dwfanonym00.dws
[21/11/2023 20:33:57 00000860] <DEBUG:1> TIMER: file C:\ProgramData\Doctor Web\DWS\dwfanonym00.dws time 0 ms
[21/11/2023 20:33:57 00000860] Url filter ignored (file name = dwfanonym00.dws, type=anonymizer, timestamp=2020-07-07 15:45:23)
[21/11/2023 20:33:57 00000860] <DEBUG:1> trying url filter base file: C:\ProgramData\Doctor Web\DWS\dwfcht00.dws
[21/11/2023 20:33:57 00000860] <DEBUG:1> TIMER: file C:\ProgramData\Doctor Web\DWS\dwfcht00.dws time 0 ms
[21/11/2023 20:33:57 00000860] Url filter ignored (file name = dwfcht00.dws, type=chats, timestamp=2020-11-23 13:00:08)
[21/11/2023 20:33:57 00000860] <DEBUG:1> trying url filter base file: C:\ProgramData\Doctor Web\DWS\dwfdrg00.dws
[21/11/2023 20:33:57 00000860] <DEBUG:1> TIMER: file C:\ProgramData\Doctor Web\DWS\dwfdrg00.dws time 0 ms
[21/11/2023 20:33:57 00000860] Url filter ignored (file name = dwfdrg00.dws, type=drugs, timestamp=2020-11-29 10:30:30)
[21/11/2023 20:33:57 00000860] <DEBUG:1> trying url filter base file: C:\ProgramData\Doctor Web\DWS\dwfeml00.dws
[21/11/2023 20:33:57 00000860] <DEBUG:1> TIMER: file C:\ProgramData\Doctor Web\DWS\dwfeml00.dws time 0 ms
[21/11/2023 20:33:57 00000860] Url filter ignored (file name = dwfeml00.dws, type=e-mail, timestamp=2018-11-29 07:02:12)
[21/11/2023 20:33:57 00000860] <DEBUG:1> trying url filter base file: C:\ProgramData\Doctor Web\DWS\dwffse00.dws
[21/11/2023 20:33:57 00000860] <DEBUG:1> TIMER: file C:\ProgramData\Doctor Web\DWS\dwffse00.dws time 0 ms
[21/11/2023 20:33:57 00000860] Url filter loaded (file name = dwffse00.dws, type=social_engineering, timestamp=2019-11-24 19:30:31)
[21/11/2023 20:33:57 00000860] <DEBUG:1> trying url filter base file: C:\ProgramData\Doctor Web\DWS\dwffse01.dws
[21/11/2023 20:33:57 00000860] <DEBUG:1> TIMER: file C:\ProgramData\Doctor Web\DWS\dwffse01.dws time 0 ms
[21/11/2023 20:33:57 00000860] Url filter loaded (file name = dwffse01.dws, type=social_engineering, timestamp=2020-10-18 14:49:43)
[21/11/2023 20:33:57 00000860] <DEBUG:1> trying url filter base file: C:\ProgramData\Doctor Web\DWS\dwffse02.dws
[21/11/2023 20:33:57 00000860] <DEBUG:1> TIMER: file C:\ProgramData\Doctor Web\DWS\dwffse02.dws time 0 ms
[21/11/2023 20:33:57 00000860] Url filter loaded (file name = dwffse02.dws, type=social_engineering, timestamp=2019-11-19 17:45:10)
[21/11/2023 20:33:57 00000860] <DEBUG:1> trying url filter base file: C:\ProgramData\Doctor Web\DWS\dwffse03.dws
[21/11/2023 20:33:57 00000860] <DEBUG:1> TIMER: file C:\ProgramData\Doctor Web\DWS\dwffse03.dws time 0 ms
[21/11/2023 20:33:57 00000860] Url filter loaded (file name = dwffse03.dws, type=social_engineering, timestamp=2019-11-19 17:45:20)
[21/11/2023 20:33:57 00000860] <DEBUG:1> trying url filter base file: C:\ProgramData\Doctor Web\DWS\dwffse04.dws
[21/11/2023 20:33:57 00000860] <DEBUG:1> TIMER: file C:\ProgramData\Doctor Web\DWS\dwffse04.dws time 0 ms
[21/11/2023 20:33:57 00000860] Url filter loaded (file name = dwffse04.dws, type=social_engineering, timestamp=2019-11-19 15:15:52)
[21/11/2023 20:33:57 00000860] <DEBUG:1> trying url filter base file: C:\ProgramData\Doctor Web\DWS\dwffse05.dws
[21/11/2023 20:33:57 00000860] <DEBUG:1> TIMER: file C:\ProgramData\Doctor Web\DWS\dwffse05.dws time 0 ms
[21/11/2023 20:33:57 00000860] Url filter loaded (file name = dwffse05.dws, type=social_engineering, timestamp=2020-09-12 17:00:31)
[21/11/2023 20:33:57 00000860] <DEBUG:1> trying url filter base file: C:\ProgramData\Doctor Web\DWS\dwffse06.dws
[21/11/2023 20:33:57 00000860] <DEBUG:1> TIMER: file C:\ProgramData\Doctor Web\DWS\dwffse06.dws time 0 ms
[21/11/2023 20:33:57 00000860] Url filter loaded (file name = dwffse06.dws, type=social_engineering, timestamp=2020-09-21 15:15:35)
[21/11/2023 20:33:57 00000860] <DEBUG:1> trying url filter base file: C:\ProgramData\Doctor Web\DWS\dwffse07.dws
[21/11/2023 20:33:57 00000860] <DEBUG:1> TIMER: file C:\ProgramData\Doctor Web\DWS\dwffse07.dws time 0 ms
[21/11/2023 20:33:57 00000860] Url filter loaded (file name = dwffse07.dws, type=social_engineering, timestamp=2020-07-07 10:00:35)
[21/11/2023 20:33:57 00000860] <DEBUG:1> trying url filter base file: C:\ProgramData\Doctor Web\DWS\dwffse08.dws
[21/11/2023 20:33:57 00000860] <DEBUG:1> TIMER: file C:\ProgramData\Doctor Web\DWS\dwffse08.dws time 0 ms
[21/11/2023 20:33:57 00000860] Url filter loaded (file name = dwffse08.dws, type=social_engineering, timestamp=2020-09-19 10:15:37)
[21/11/2023 20:33:57 00000860] <DEBUG:1> trying url filter base file: C:\ProgramData\Doctor Web\DWS\dwffse09.dws
[21/11/2023 20:33:57 00000860] <DEBUG:1> TIMER: file C:\ProgramData\Doctor Web\DWS\dwffse09.dws time 0 ms
[21/11/2023 20:33:57 00000860] Url filter loaded (file name = dwffse09.dws, type=social_engineering, timestamp=2020-11-25 13:00:23)
[21/11/2023 20:33:57 00000860] <DEBUG:1> trying url filter base file: C:\ProgramData\Doctor Web\DWS\dwffse_addon.dws
[21/11/2023 20:33:57 00000860] <DEBUG:1> TIMER: file C:\ProgramData\Doctor Web\DWS\dwffse_addon.dws time 0 ms
[21/11/2023 20:33:57 00000860] Url filter loaded (file name = dwffse_addon.dws, type=social_engineering, timestamp=2021-00-04 09:15:04)
[21/11/2023 20:33:57 00000860] <DEBUG:1> trying url filter base file: C:\ProgramData\Doctor Web\DWS\dwfgml00.dws
[21/11/2023 20:33:57 00000860] <DEBUG:1> TIMER: file C:\ProgramData\Doctor Web\DWS\dwfgml00.dws time 0 ms
[21/11/2023 20:33:57 00000860] Url filter ignored (file name = dwfgml00.dws, type=gamble, timestamp=2019-11-22 03:45:37)
[21/11/2023 20:33:57 00000860] <DEBUG:1> trying url filter base file: C:\ProgramData\Doctor Web\DWS\dwfgml01.dws
[21/11/2023 20:33:57 00000860] <DEBUG:1> TIMER: file C:\ProgramData\Doctor Web\DWS\dwfgml01.dws time 0 ms
[21/11/2023 20:33:57 00000860] Url filter ignored (file name = dwfgml01.dws, type=gamble, timestamp=2019-11-21 15:00:08)
[21/11/2023 20:33:57 00000860] <DEBUG:1> trying url filter base file: C:\ProgramData\Doctor Web\DWS\dwfgml02.dws
[21/11/2023 20:33:57 00000860] <DEBUG:1> TIMER: file C:\ProgramData\Doctor Web\DWS\dwfgml02.dws time 0 ms
[21/11/2023 20:33:57 00000860] Url filter ignored (file name = dwfgml02.dws, type=gamble, timestamp=2019-11-20 17:45:14)
[21/11/2023 20:33:57 00000860] <DEBUG:1> trying url filter base file: C:\ProgramData\Doctor Web\DWS\dwfgml03.dws
[21/11/2023 20:33:57 00000860] <DEBUG:1> TIMER: file C:\ProgramData\Doctor Web\DWS\dwfgml03.dws time 0 ms
[21/11/2023 20:33:57 00000860] Url filter ignored (file name = dwfgml03.dws, type=gamble, timestamp=2019-11-21 09:01:41)
[21/11/2023 20:33:57 00000860] <DEBUG:1> trying url filter base file: C:\ProgramData\Doctor Web\DWS\dwfgml04.dws
[21/11/2023 20:33:57 00000860] <DEBUG:1> TIMER: file C:\ProgramData\Doctor Web\DWS\dwfgml04.dws time 0 ms
[21/11/2023 20:33:57 00000860] Url filter ignored (file name = dwfgml04.dws, type=gamble, timestamp=2019-11-21 09:00:36)
[21/11/2023 20:33:57 00000860] <DEBUG:1> trying url filter base file: C:\ProgramData\Doctor Web\DWS\dwfgml05.dws
[21/11/2023 20:33:57 00000860] <DEBUG:1> TIMER: file C:\ProgramData\Doctor Web\DWS\dwfgml05.dws time 0 ms
[21/11/2023 20:33:57 00000860] Url filter ignored (file name = dwfgml05.dws, type=gamble, timestamp=2019-11-21 09:01:26)
[21/11/2023 20:33:57 00000860] <DEBUG:1> trying url filter base file: C:\ProgramData\Doctor Web\DWS\dwfgml06.dws
[21/11/2023 20:33:57 00000860] <DEBUG:1> TIMER: file C:\ProgramData\Doctor Web\DWS\dwfgml06.dws time 0 ms
[21/11/2023 20:33:57 00000860] Url filter ignored (file name = dwfgml06.dws, type=gamble, timestamp=2019-11-21 09:01:11)
[21/11/2023 20:33:57 00000860] <DEBUG:1> trying url filter base file: C:\ProgramData\Doctor Web\DWS\dwfgml07.dws
[21/11/2023 20:33:57 00000860] <DEBUG:1> TIMER: file C:\ProgramData\Doctor Web\DWS\dwfgml07.dws time 0 ms
[21/11/2023 20:33:57 00000860] Url filter ignored (file name = dwfgml07.dws, type=gamble, timestamp=2019-11-21 14:45:40)
[21/11/2023 20:33:57 00000860] <DEBUG:1> trying url filter base file: C:\ProgramData\Doctor Web\DWS\dwfgml08.dws
[21/11/2023 20:33:57 00000860] <DEBUG:1> TIMER: file C:\ProgramData\Doctor Web\DWS\dwfgml08.dws time 0 ms
[21/11/2023 20:33:57 00000860] Url filter ignored (file name = dwfgml08.dws, type=gamble, timestamp=2019-11-21 14:45:58)
[21/11/2023 20:33:57 00000860] <DEBUG:1> trying url filter base file: C:\ProgramData\Doctor Web\DWS\dwfgml09.dws
[21/11/2023 20:33:57 00000860] <DEBUG:1> TIMER: file C:\ProgramData\Doctor Web\DWS\dwfgml09.dws time 0 ms
[21/11/2023 20:33:57 00000860] Url filter ignored (file name = dwfgml09.dws, type=gamble, timestamp=2019-11-21 14:45:51)
[21/11/2023 20:33:57 00000860] <DEBUG:1> trying url filter base file: C:\ProgramData\Doctor Web\DWS\dwfgml10.dws
[21/11/2023 20:33:57 00000860] <DEBUG:1> TIMER: file C:\ProgramData\Doctor Web\DWS\dwfgml10.dws time 0 ms
[21/11/2023 20:33:57 00000860] Url filter ignored (file name = dwfgml10.dws, type=gamble, timestamp=2019-11-21 14:45:28)
[21/11/2023 20:33:57 00000860] <DEBUG:1> trying url filter base file: C:\ProgramData\Doctor Web\DWS\dwfgml11.dws
[21/11/2023 20:33:57 00000860] <DEBUG:1> TIMER: file C:\ProgramData\Doctor Web\DWS\dwfgml11.dws time 0 ms
[21/11/2023 20:33:57 00000860] Url filter ignored (file name = dwfgml11.dws, type=gamble, timestamp=2019-11-21 20:30:30)
[21/11/2023 20:33:57 00000860] <DEBUG:1> trying url filter base file: C:\ProgramData\Doctor Web\DWS\dwfgml12.dws
[21/11/2023 20:33:57 00000860] <DEBUG:1> TIMER: file C:\ProgramData\Doctor Web\DWS\dwfgml12.dws time 0 ms
[21/11/2023 20:33:57 00000860] Url filter ignored (file name = dwfgml12.dws, type=gamble, timestamp=2019-11-21 20:30:34)
[21/11/2023 20:33:57 00000860] <DEBUG:1> trying url filter base file: C:\ProgramData\Doctor Web\DWS\dwfgml13.dws
[21/11/2023 20:33:57 00000860] <DEBUG:1> TIMER: file C:\ProgramData\Doctor Web\DWS\dwfgml13.dws time 0 ms
[21/11/2023 20:33:57 00000860] Url filter ignored (file name = dwfgml13.dws, type=gamble, timestamp=2019-11-21 20:30:19)
[21/11/2023 20:33:57 00000860] <DEBUG:1> trying url filter base file: C:\ProgramData\Doctor Web\DWS\dwfgml14.dws
[21/11/2023 20:33:57 00000860] <DEBUG:1> TIMER: file C:\ProgramData\Doctor Web\DWS\dwfgml14.dws time 0 ms
[21/11/2023 20:33:57 00000860] Url filter ignored (file name = dwfgml14.dws, type=gamble, timestamp=2019-11-22 03:45:20)
[21/11/2023 20:33:57 00000860] <DEBUG:1> trying url filter base file: C:\ProgramData\Doctor Web\DWS\dwfgml15.dws
[21/11/2023 20:33:57 00000860] <DEBUG:1> TIMER: file C:\ProgramData\Doctor Web\DWS\dwfgml15.dws time 0 ms
[21/11/2023 20:33:57 00000860] Url filter ignored (file name = dwfgml15.dws, type=gamble, timestamp=2019-11-22 03:45:13)
[21/11/2023 20:33:57 00000860] <DEBUG:1> trying url filter base file: C:\ProgramData\Doctor Web\DWS\dwfgml16.dws
[21/11/2023 20:33:57 00000860] <DEBUG:1> TIMER: file C:\ProgramData\Doctor Web\DWS\dwfgml16.dws time 0 ms
[21/11/2023 20:33:57 00000860] Url filter ignored (file name = dwfgml16.dws, type=gamble, timestamp=2019-11-22 14:31:54)
[21/11/2023 20:33:57 00000860] <DEBUG:1> trying url filter base file: C:\ProgramData\Doctor Web\DWS\dwfgml17.dws
[21/11/2023 20:33:57 00000860] <DEBUG:1> TIMER: file C:\ProgramData\Doctor Web\DWS\dwfgml17.dws time 0 ms
[21/11/2023 20:33:57 00000860] Url filter ignored (file name = dwfgml17.dws, type=gamble, timestamp=2019-11-22 14:31:13)
[21/11/2023 20:33:57 00000860] <DEBUG:1> trying url filter base file: C:\ProgramData\Doctor Web\DWS\dwfgml18.dws
[21/11/2023 20:33:57 00000860] <DEBUG:1> TIMER: file C:\ProgramData\Doctor Web\DWS\dwfgml18.dws time 0 ms
[21/11/2023 20:33:57 00000860] Url filter ignored (file name = dwfgml18.dws, type=gamble, timestamp=2019-11-23 12:15:38)
[21/11/2023 20:33:57 00000860] <DEBUG:1> trying url filter base file: C:\ProgramData\Doctor Web\DWS\dwfgml19.dws
[21/11/2023 20:33:57 00000860] <DEBUG:1> TIMER: file C:\ProgramData\Doctor Web\DWS\dwfgml19.dws time 0 ms
[21/11/2023 20:33:57 00000860] Url filter ignored (file name = dwfgml19.dws, type=gamble, timestamp=2020-11-30 14:45:25)
[21/11/2023 20:33:57 00000860] <DEBUG:1> trying url filter base file: C:\ProgramData\Doctor Web\DWS\dwfminers00.dws
[21/11/2023 20:33:57 00000860] <DEBUG:1> TIMER: file C:\ProgramData\Doctor Web\DWS\dwfminers00.dws time 0 ms
[21/11/2023 20:33:57 00000860] Url filter ignored (file name = dwfminers00.dws, type=miners, timestamp=2020-11-07 11:15:03)
[21/11/2023 20:33:57 00000860] <DEBUG:1> trying url filter base file: C:\ProgramData\Doctor Web\DWS\dwfmlw00.dws
[21/11/2023 20:33:57 00000860] <DEBUG:1> TIMER: file C:\ProgramData\Doctor Web\DWS\dwfmlw00.dws time 0 ms
[21/11/2023 20:33:57 00000860] Url filter loaded (file name = dwfmlw00.dws, type=malware, timestamp=2019-10-07 19:56:25)
[21/11/2023 20:33:57 00000860] <DEBUG:1> trying url filter base file: C:\ProgramData\Doctor Web\DWS\dwfmlw01.dws
[21/11/2023 20:33:57 00000860] <DEBUG:1> TIMER: file C:\ProgramData\Doctor Web\DWS\dwfmlw01.dws time 0 ms
[21/11/2023 20:33:57 00000860] Url filter loaded (file name = dwfmlw01.dws, type=malware, timestamp=2019-11-16 16:46:19)
[21/11/2023 20:33:57 00000860] <DEBUG:1> trying url filter base file: C:\ProgramData\Doctor Web\DWS\dwfmlw02.dws
[21/11/2023 20:33:57 00000860] <DEBUG:1> TIMER: file C:\ProgramData\Doctor Web\DWS\dwfmlw02.dws time 0 ms
[21/11/2023 20:33:57 00000860] Url filter loaded (file name = dwfmlw02.dws, type=malware, timestamp=2019-11-17 12:31:13)
[21/11/2023 20:33:57 00000860] <DEBUG:1> trying url filter base file: C:\ProgramData\Doctor Web\DWS\dwfmlw03.dws
[21/11/2023 20:33:57 00000860] <DEBUG:1> TIMER: file C:\ProgramData\Doctor Web\DWS\dwfmlw03.dws time 0 ms
[21/11/2023 20:33:57 00000860] Url filter loaded (file name = dwfmlw03.dws, type=malware, timestamp=2019-11-18 13:01:39)
[21/11/2023 20:33:57 00000860] <DEBUG:1> trying url filter base file: C:\ProgramData\Doctor Web\DWS\dwfmlw04.dws
[21/11/2023 20:33:57 00000860] <DEBUG:1> TIMER: file C:\ProgramData\Doctor Web\DWS\dwfmlw04.dws time 0 ms
[21/11/2023 20:33:57 00000860] Url filter loaded (file name = dwfmlw04.dws, type=malware, timestamp=2019-11-18 18:30:20)
[21/11/2023 20:33:57 00000860] <DEBUG:1> trying url filter base file: C:\ProgramData\Doctor Web\DWS\dwfmlw05.dws
[21/11/2023 20:33:57 00000860] <DEBUG:1> TIMER: file C:\ProgramData\Doctor Web\DWS\dwfmlw05.dws time 0 ms
[21/11/2023 20:33:57 00000860] Url filter loaded (file name = dwfmlw05.dws, type=malware, timestamp=2020-11-12 00:45:16)
[21/11/2023 20:33:57 00000860] <DEBUG:1> trying url filter base file: C:\ProgramData\Doctor Web\DWS\dwfmlw06.dws
[21/11/2023 20:33:57 00000860] <DEBUG:1> TIMER: file C:\ProgramData\Doctor Web\DWS\dwfmlw06.dws time 0 ms
[21/11/2023 20:33:57 00000860] Url filter loaded (file name = dwfmlw06.dws, type=malware, timestamp=2019-11-13 15:45:59)
[21/11/2023 20:33:57 00000860] <DEBUG:1> trying url filter base file: C:\ProgramData\Doctor Web\DWS\dwfmlw07.dws
[21/11/2023 20:33:57 00000860] <DEBUG:1> TIMER: file C:\ProgramData\Doctor Web\DWS\dwfmlw07.dws time 0 ms
[21/11/2023 20:33:57 00000860] Url filter loaded (file name = dwfmlw07.dws, type=malware, timestamp=2019-11-16 12:45:36)
[21/11/2023 20:33:57 00000860] <DEBUG:1> trying url filter base file: C:\ProgramData\Doctor Web\DWS\dwfmlw08.dws
[21/11/2023 20:33:57 00000860] <DEBUG:1> TIMER: file C:\ProgramData\Doctor Web\DWS\dwfmlw08.dws time 0 ms
[21/11/2023 20:33:57 00000860] Url filter loaded (file name = dwfmlw08.dws, type=malware, timestamp=2019-11-18 01:15:36)
[21/11/2023 20:33:57 00000860] <DEBUG:1> trying url filter base file: C:\ProgramData\Doctor Web\DWS\dwfmlw09.dws
[21/11/2023 20:33:57 00000860] <DEBUG:1> TIMER: file C:\ProgramData\Doctor Web\DWS\dwfmlw09.dws time 0 ms
[21/11/2023 20:33:57 00000860] Url filter loaded (file name = dwfmlw09.dws, type=malware, timestamp=2019-11-19 00:30:54)
[21/11/2023 20:33:57 00000860] <DEBUG:1> trying url filter base file: C:\ProgramData\Doctor Web\DWS\dwfmlw10.dws
[21/11/2023 20:33:57 00000860] <DEBUG:1> TIMER: file C:\ProgramData\Doctor Web\DWS\dwfmlw10.dws time 0 ms
[21/11/2023 20:33:57 00000860] Url filter loaded (file name = dwfmlw10.dws, type=malware, timestamp=2020-05-26 09:15:33)
[21/11/2023 20:33:57 00000860] <DEBUG:1> trying url filter base file: C:\ProgramData\Doctor Web\DWS\dwfmlw11.dws
[21/11/2023 20:33:57 00000860] <DEBUG:1> TIMER: file C:\ProgramData\Doctor Web\DWS\dwfmlw11.dws time 0 ms
[21/11/2023 20:33:57 00000860] Url filter loaded (file name = dwfmlw11.dws, type=malware, timestamp=2020-10-10 16:15:21)
[21/11/2023 20:33:57 00000860] <DEBUG:1> trying url filter base file: C:\ProgramData\Doctor Web\DWS\dwfmlw_addon.dws
[21/11/2023 20:33:57 00000860] <DEBUG:1> TIMER: file C:\ProgramData\Doctor Web\DWS\dwfmlw_addon.dws time 0 ms
[21/11/2023 20:33:57 00000860] Url filter loaded (file name = dwfmlw_addon.dws, type=malware, timestamp=2021-00-06 06:30:18)
[21/11/2023 20:33:57 00000860] <DEBUG:1> trying url filter base file: C:\ProgramData\Doctor Web\DWS\dwfobs00.dws
[21/11/2023 20:33:57 00000860] <DEBUG:1> TIMER: file C:\ProgramData\Doctor Web\DWS\dwfobs00.dws time 0 ms
[21/11/2023 20:33:57 00000860] Url filter ignored (file name = dwfobs00.dws, type=obscenity, timestamp=2018-09-02 13:30:06)
[21/11/2023 20:33:57 00000860] <DEBUG:1> trying url filter base file: C:\ProgramData\Doctor Web\DWS\dwfogm00.dws
[21/11/2023 20:33:57 00000860] <DEBUG:1> TIMER: file C:\ProgramData\Doctor Web\DWS\dwfogm00.dws time 0 ms
[21/11/2023 20:33:57 00000860] Url filter ignored (file name = dwfogm00.dws, type=online_games, timestamp=2020-10-27 19:30:06)
[21/11/2023 20:33:57 00000860] <DEBUG:1> trying url filter base file: C:\ProgramData\Doctor Web\DWS\dwfprc00.dws
[21/11/2023 20:33:57 00000860] <DEBUG:1> TIMER: file C:\ProgramData\Doctor Web\DWS\dwfprc00.dws time 0 ms
[21/11/2023 20:33:57 00000860] Url filter loaded (file name = dwfprc00.dws, type=piracy, timestamp=2020-09-28 11:00:05)
[21/11/2023 20:33:57 00000860] <DEBUG:1> trying url filter base file: C:\ProgramData\Doctor Web\DWS\dwfprn00.dws
[21/11/2023 20:33:57 00000860] <DEBUG:1> TIMER: file C:\ProgramData\Doctor Web\DWS\dwfprn00.dws time 0 ms
[21/11/2023 20:33:57 00000860] Url filter ignored (file name = dwfprn00.dws, type=porno, timestamp=2019-10-12 19:05:37)
[21/11/2023 20:33:57 00000860] <DEBUG:1> trying url filter base file: C:\ProgramData\Doctor Web\DWS\dwfprn01.dws
[21/11/2023 20:33:57 00000860] <DEBUG:1> TIMER: file C:\ProgramData\Doctor Web\DWS\dwfprn01.dws time 0 ms
[21/11/2023 20:33:57 00000860] Url filter ignored (file name = dwfprn01.dws, type=porno, timestamp=2019-10-12 13:16:54)
[21/11/2023 20:33:57 00000860] <DEBUG:1> trying url filter base file: C:\ProgramData\Doctor Web\DWS\dwfprn02.dws
[21/11/2023 20:33:57 00000860] <DEBUG:1> TIMER: file C:\ProgramData\Doctor Web\DWS\dwfprn02.dws time 0 ms
[21/11/2023 20:33:57 00000860] Url filter ignored (file name = dwfprn02.dws, type=porno, timestamp=2019-10-10 00:02:26)
[21/11/2023 20:33:57 00000860] <DEBUG:1> trying url filter base file: C:\ProgramData\Doctor Web\DWS\dwfprn03.dws
[21/11/2023 20:33:57 00000860] <DEBUG:1> TIMER: file C:\ProgramData\Doctor Web\DWS\dwfprn03.dws time 0 ms
[21/11/2023 20:33:57 00000860] Url filter ignored (file name = dwfprn03.dws, type=porno, timestamp=2019-10-10 03:47:29)
[21/11/2023 20:33:57 00000860] <DEBUG:1> trying url filter base file: C:\ProgramData\Doctor Web\DWS\dwfprn04.dws
[21/11/2023 20:33:57 00000860] <DEBUG:1> TIMER: file C:\ProgramData\Doctor Web\DWS\dwfprn04.dws time 0 ms
[21/11/2023 20:33:57 00000860] Url filter ignored (file name = dwfprn04.dws, type=porno, timestamp=2019-10-08 01:30:56)
[21/11/2023 20:33:57 00000860] <DEBUG:1> trying url filter base file: C:\ProgramData\Doctor Web\DWS\dwfprn05.dws
[21/11/2023 20:33:57 00000860] <DEBUG:1> TIMER: file C:\ProgramData\Doctor Web\DWS\dwfprn05.dws time 0 ms
[21/11/2023 20:33:57 00000860] Url filter ignored (file name = dwfprn05.dws, type=porno, timestamp=2019-10-08 01:15:19)
[21/11/2023 20:33:57 00000860] <DEBUG:1> trying url filter base file: C:\ProgramData\Doctor Web\DWS\dwfprn06.dws
[21/11/2023 20:33:57 00000860] <DEBUG:1> TIMER: file C:\ProgramData\Doctor Web\DWS\dwfprn06.dws time 0 ms
[21/11/2023 20:33:57 00000860] Url filter ignored (file name = dwfprn06.dws, type=porno, timestamp=2019-10-10 03:46:57)
[21/11/2023 20:33:57 00000860] <DEBUG:1> trying url filter base file: C:\ProgramData\Doctor Web\DWS\dwfprn07.dws
[21/11/2023 20:33:57 00000860] <DEBUG:1> TIMER: file C:\ProgramData\Doctor Web\DWS\dwfprn07.dws time 0 ms
[21/11/2023 20:33:57 00000860] Url filter ignored (file name = dwfprn07.dws, type=porno, timestamp=2019-10-27 12:48:17)
[21/11/2023 20:33:57 00000860] <DEBUG:1> trying url filter base file: C:\ProgramData\Doctor Web\DWS\dwfprn08.dws
[21/11/2023 20:33:57 00000860] <DEBUG:1> TIMER: file C:\ProgramData\Doctor Web\DWS\dwfprn08.dws time 0 ms
[21/11/2023 20:33:57 00000860] Url filter ignored (file name = dwfprn08.dws, type=porno, timestamp=2019-10-27 12:47:03)
[21/11/2023 20:33:57 00000860] <DEBUG:1> trying url filter base file: C:\ProgramData\Doctor Web\DWS\dwfprn09.dws
[21/11/2023 20:33:57 00000860] <DEBUG:1> TIMER: file C:\ProgramData\Doctor Web\DWS\dwfprn09.dws time 0 ms
[21/11/2023 20:33:57 00000860] Url filter ignored (file name = dwfprn09.dws, type=porno, timestamp=2019-10-27 12:46:01)
[21/11/2023 20:33:57 00000860] <DEBUG:1> trying url filter base file: C:\ProgramData\Doctor Web\DWS\dwfprn10.dws
[21/11/2023 20:33:57 00000860] <DEBUG:1> TIMER: file C:\ProgramData\Doctor Web\DWS\dwfprn10.dws time 0 ms
[21/11/2023 20:33:57 00000860] Url filter ignored (file name = dwfprn10.dws, type=porno, timestamp=2019-10-11 03:00:50)
[21/11/2023 20:33:57 00000860] <DEBUG:1> trying url filter base file: C:\ProgramData\Doctor Web\DWS\dwfprn11.dws
[21/11/2023 20:33:57 00000860] <DEBUG:1> TIMER: file C:\ProgramData\Doctor Web\DWS\dwfprn11.dws time 0 ms
[21/11/2023 20:33:57 00000860] Url filter ignored (file name = dwfprn11.dws, type=porno, timestamp=2019-10-10 00:00:51)
[21/11/2023 20:33:57 00000860] <DEBUG:1> trying url filter base file: C:\ProgramData\Doctor Web\DWS\dwfprn12.dws
[21/11/2023 20:33:57 00000860] <DEBUG:1> TIMER: file C:\ProgramData\Doctor Web\DWS\dwfprn12.dws time 0 ms
[21/11/2023 20:33:57 00000860] Url filter ignored (file name = dwfprn12.dws, type=porno, timestamp=2019-10-08 17:00:32)
[21/11/2023 20:33:57 00000860] <DEBUG:1> trying url filter base file: C:\ProgramData\Doctor Web\DWS\dwfprn13.dws
[21/11/2023 20:33:57 00000860] <DEBUG:1> TIMER: file C:\ProgramData\Doctor Web\DWS\dwfprn13.dws time 0 ms
[21/11/2023 20:33:57 00000860] Url filter ignored (file name = dwfprn13.dws, type=porno, timestamp=2019-10-10 03:45:11)
[21/11/2023 20:33:57 00000860] <DEBUG:1> trying url filter base file: C:\ProgramData\Doctor Web\DWS\dwfprn14.dws
[21/11/2023 20:33:57 00000860] <DEBUG:1> TIMER: file C:\ProgramData\Doctor Web\DWS\dwfprn14.dws time 0 ms
[21/11/2023 20:33:57 00000860] Url filter ignored (file name = dwfprn14.dws, type=porno, timestamp=2019-10-09 01:00:37)
[21/11/2023 20:33:57 00000860] <DEBUG:1> trying url filter base file: C:\ProgramData\Doctor Web\DWS\dwfprn15.dws
[21/11/2023 20:33:57 00000860] <DEBUG:1> TIMER: file C:\ProgramData\Doctor Web\DWS\dwfprn15.dws time 0 ms
[21/11/2023 20:33:57 00000860] Url filter ignored (file name = dwfprn15.dws, type=porno, timestamp=2019-10-10 03:46:16)
[21/11/2023 20:33:57 00000860] <DEBUG:1> trying url filter base file: C:\ProgramData\Doctor Web\DWS\dwfprn16.dws
[21/11/2023 20:33:57 00000860] <DEBUG:1> TIMER: file C:\ProgramData\Doctor Web\DWS\dwfprn16.dws time 0 ms
[21/11/2023 20:33:57 00000860] Url filter ignored (file name = dwfprn16.dws, type=porno, timestamp=2019-10-11 03:01:27)
[21/11/2023 20:33:57 00000860] <DEBUG:1> trying url filter base file: C:\ProgramData\Doctor Web\DWS\dwfprn17.dws
[21/11/2023 20:33:57 00000860] <DEBUG:1> TIMER: file C:\ProgramData\Doctor Web\DWS\dwfprn17.dws time 0 ms
[21/11/2023 20:33:57 00000860] Url filter ignored (file name = dwfprn17.dws, type=porno, timestamp=2019-10-11 03:01:53)
[21/11/2023 20:33:57 00000860] <DEBUG:1> trying url filter base file: C:\ProgramData\Doctor Web\DWS\dwfprn18.dws
[21/11/2023 20:33:57 00000860] <DEBUG:1> TIMER: file C:\ProgramData\Doctor Web\DWS\dwfprn18.dws time 0 ms
[21/11/2023 20:33:57 00000860] Url filter ignored (file name = dwfprn18.dws, type=porno, timestamp=2019-10-10 03:45:53)
[21/11/2023 20:33:57 00000860] <DEBUG:1> trying url filter base file: C:\ProgramData\Doctor Web\DWS\dwfprn19.dws
[21/11/2023 20:33:57 00000860] <DEBUG:1> TIMER: file C:\ProgramData\Doctor Web\DWS\dwfprn19.dws time 0 ms
[21/11/2023 20:33:57 00000860] Url filter ignored (file name = dwfprn19.dws, type=porno, timestamp=2019-11-04 09:46:16)
[21/11/2023 20:33:57 00000860] <DEBUG:1> trying url filter base file: C:\ProgramData\Doctor Web\DWS\dwfprn20.dws
[21/11/2023 20:33:57 00000860] <DEBUG:1> TIMER: file C:\ProgramData\Doctor Web\DWS\dwfprn20.dws time 0 ms
[21/11/2023 20:33:57 00000860] Url filter ignored (file name = dwfprn20.dws, type=porno, timestamp=2020-03-22 13:30:29)
[21/11/2023 20:33:57 00000860] <DEBUG:1> trying url filter base file: C:\ProgramData\Doctor Web\DWS\dwfprn21.dws
[21/11/2023 20:33:57 00000860] <DEBUG:1> TIMER: file C:\ProgramData\Doctor Web\DWS\dwfprn21.dws time 0 ms
[21/11/2023 20:33:57 00000860] Url filter ignored (file name = dwfprn21.dws, type=porno, timestamp=2020-08-09 13:15:52)
[21/11/2023 20:33:57 00000860] <DEBUG:1> trying url filter base file: C:\ProgramData\Doctor Web\DWS\dwfprn22.dws
[21/11/2023 20:33:57 00000860] <DEBUG:1> TIMER: file C:\ProgramData\Doctor Web\DWS\dwfprn22.dws time 0 ms
[21/11/2023 20:33:57 00000860] Url filter ignored (file name = dwfprn22.dws, type=porno, timestamp=2020-11-28 12:15:25)
[21/11/2023 20:33:57 00000860] <DEBUG:1> trying url filter base file: C:\ProgramData\Doctor Web\DWS\dwfprn_addon.dws
[21/11/2023 20:33:57 00000860] <DEBUG:1> TIMER: file C:\ProgramData\Doctor Web\DWS\dwfprn_addon.dws time 0 ms
[21/11/2023 20:33:57 00000860] Url filter ignored (file name = dwfprn_addon.dws, type=porno, timestamp=2021-00-05 09:45:03)
[21/11/2023 20:33:57 00000860] <DEBUG:1> trying url filter base file: C:\ProgramData\Doctor Web\DWS\dwfscl00.dws
[21/11/2023 20:33:57 00000860] <DEBUG:1> TIMER: file C:\ProgramData\Doctor Web\DWS\dwfscl00.dws time 0 ms
[21/11/2023 20:33:57 00000860] Url filter ignored (file name = dwfscl00.dws, type=socialnetwork, timestamp=2019-11-23 16:30:23)
[21/11/2023 20:33:57 00000860] <DEBUG:1> trying url filter base file: C:\ProgramData\Doctor Web\DWS\dwfscl01.dws
[21/11/2023 20:33:57 00000860] <DEBUG:1> TIMER: file C:\ProgramData\Doctor Web\DWS\dwfscl01.dws time 0 ms
[21/11/2023 20:33:57 00000860] Url filter ignored (file name = dwfscl01.dws, type=socialnetwork, timestamp=2019-11-23 17:45:23)
[21/11/2023 20:33:57 00000860] <DEBUG:1> trying url filter base file: C:\ProgramData\Doctor Web\DWS\dwfscl02.dws
[21/11/2023 20:33:57 00000860] <DEBUG:1> TIMER: file C:\ProgramData\Doctor Web\DWS\dwfscl02.dws time 0 ms
[21/11/2023 20:33:57 00000860] Url filter ignored (file name = dwfscl02.dws, type=socialnetwork, timestamp=2019-11-23 17:45:28)
[21/11/2023 20:33:57 00000860] <DEBUG:1> trying url filter base file: C:\ProgramData\Doctor Web\DWS\dwfscl03.dws
[21/11/2023 20:33:57 00000860] <DEBUG:1> TIMER: file C:\ProgramData\Doctor Web\DWS\dwfscl03.dws time 0 ms
[21/11/2023 20:33:57 00000860] Url filter ignored (file name = dwfscl03.dws, type=socialnetwork, timestamp=2019-11-23 17:45:33)
[21/11/2023 20:33:57 00000860] <DEBUG:1> trying url filter base file: C:\ProgramData\Doctor Web\DWS\dwfscl04.dws
[21/11/2023 20:33:57 00000860] <DEBUG:1> TIMER: file C:\ProgramData\Doctor Web\DWS\dwfscl04.dws time 0 ms
[21/11/2023 20:33:57 00000860] Url filter ignored (file name = dwfscl04.dws, type=socialnetwork, timestamp=2019-11-23 17:45:16)
[21/11/2023 20:33:57 00000860] <DEBUG:1> trying url filter base file: C:\ProgramData\Doctor Web\DWS\dwfscl05.dws
[21/11/2023 20:33:57 00000860] <DEBUG:1> TIMER: file C:\ProgramData\Doctor Web\DWS\dwfscl05.dws time 0 ms
[21/11/2023 20:33:57 00000860] Url filter ignored (file name = dwfscl05.dws, type=socialnetwork, timestamp=2019-11-24 01:45:24)
[21/11/2023 20:33:57 00000860] <DEBUG:1> trying url filter base file: C:\ProgramData\Doctor Web\DWS\dwfscl06.dws
[21/11/2023 20:33:57 00000860] <DEBUG:1> TIMER: file C:\ProgramData\Doctor Web\DWS\dwfscl06.dws time 0 ms
[21/11/2023 20:33:57 00000860] Url filter ignored (file name = dwfscl06.dws, type=socialnetwork, timestamp=2019-11-24 01:45:33)
[21/11/2023 20:33:57 00000860] <DEBUG:1> trying url filter base file: C:\ProgramData\Doctor Web\DWS\dwfscl07.dws
[21/11/2023 20:33:57 00000860] <DEBUG:1> TIMER: file C:\ProgramData\Doctor Web\DWS\dwfscl07.dws time 0 ms
[21/11/2023 20:33:57 00000860] Url filter ignored (file name = dwfscl07.dws, type=socialnetwork, timestamp=2019-11-24 01:45:18)
[21/11/2023 20:33:57 00000860] <DEBUG:1> trying url filter base file: C:\ProgramData\Doctor Web\DWS\dwfscl08.dws
[21/11/2023 20:33:57 00000860] <DEBUG:1> TIMER: file C:\ProgramData\Doctor Web\DWS\dwfscl08.dws time 0 ms
[21/11/2023 20:33:57 00000860] Url filter ignored (file name = dwfscl08.dws, type=socialnetwork, timestamp=2019-11-24 01:45:41)
[21/11/2023 20:33:57 00000860] <DEBUG:1> trying url filter base file: C:\ProgramData\Doctor Web\DWS\dwfscl09.dws
[21/11/2023 20:33:57 00000860] <DEBUG:1> TIMER: file C:\ProgramData\Doctor Web\DWS\dwfscl09.dws time 0 ms
[21/11/2023 20:33:57 00000860] Url filter ignored (file name = dwfscl09.dws, type=socialnetwork, timestamp=2019-11-24 01:45:27)
[21/11/2023 20:33:57 00000860] <DEBUG:1> trying url filter base file: C:\ProgramData\Doctor Web\DWS\dwfscl10.dws
[21/11/2023 20:33:57 00000860] <DEBUG:1> TIMER: file C:\ProgramData\Doctor Web\DWS\dwfscl10.dws time 0 ms
[21/11/2023 20:33:57 00000860] Url filter ignored (file name = dwfscl10.dws, type=socialnetwork, timestamp=2019-11-24 01:45:51)
[21/11/2023 20:33:57 00000860] <DEBUG:1> trying url filter base file: C:\ProgramData\Doctor Web\DWS\dwfscl11.dws
[21/11/2023 20:33:57 00000860] <DEBUG:1> TIMER: file C:\ProgramData\Doctor Web\DWS\dwfscl11.dws time 0 ms
[21/11/2023 20:33:57 00000860] Url filter ignored (file name = dwfscl11.dws, type=socialnetwork, timestamp=2019-11-24 12:15:16)
[21/11/2023 20:33:57 00000860] <DEBUG:1> trying url filter base file: C:\ProgramData\Doctor Web\DWS\dwfscl12.dws
[21/11/2023 20:33:57 00000860] <DEBUG:1> TIMER: file C:\ProgramData\Doctor Web\DWS\dwfscl12.dws time 0 ms
[21/11/2023 20:33:57 00000860] Url filter ignored (file name = dwfscl12.dws, type=socialnetwork, timestamp=2019-11-24 12:15:23)
[21/11/2023 20:33:57 00000860] <DEBUG:1> trying url filter base file: C:\ProgramData\Doctor Web\DWS\dwfscl13.dws
[21/11/2023 20:33:57 00000860] <DEBUG:1> TIMER: file C:\ProgramData\Doctor Web\DWS\dwfscl13.dws time 0 ms
[21/11/2023 20:33:57 00000860] Url filter ignored (file name = dwfscl13.dws, type=socialnetwork, timestamp=2019-11-24 18:15:39)
[21/11/2023 20:33:57 00000860] <DEBUG:1> trying url filter base file: C:\ProgramData\Doctor Web\DWS\dwfscl14.dws
[21/11/2023 20:33:57 00000860] <DEBUG:1> TIMER: file C:\ProgramData\Doctor Web\DWS\dwfscl14.dws time 0 ms
[21/11/2023 20:33:57 00000860] Url filter ignored (file name = dwfscl14.dws, type=socialnetwork, timestamp=2019-11-24 19:15:36)
[21/11/2023 20:33:57 00000860] <DEBUG:1> trying url filter base file: C:\ProgramData\Doctor Web\DWS\dwfscl15.dws
[21/11/2023 20:33:57 00000860] <DEBUG:1> TIMER: file C:\ProgramData\Doctor Web\DWS\dwfscl15.dws time 0 ms
[21/11/2023 20:33:57 00000860] Url filter ignored (file name = dwfscl15.dws, type=socialnetwork, timestamp=2021-00-05 09:15:05)
[21/11/2023 20:33:57 00000860] <DEBUG:1> trying url filter base file: C:\ProgramData\Doctor Web\DWS\dwfter00.dws
[21/11/2023 20:33:57 00000860] <DEBUG:1> TIMER: file C:\ProgramData\Doctor Web\DWS\dwfter00.dws time 0 ms
[21/11/2023 20:33:57 00000860] Url filter ignored (file name = dwfter00.dws, type=terrorism, timestamp=2019-04-20 17:15:14)
[21/11/2023 20:33:57 00000860] <DEBUG:1> trying url filter base file: C:\ProgramData\Doctor Web\DWS\dwfvln00.dws
[21/11/2023 20:33:57 00000860] <DEBUG:1> TIMER: file C:\ProgramData\Doctor Web\DWS\dwfvln00.dws time 0 ms
[21/11/2023 20:33:57 00000860] Url filter ignored (file name = dwfvln00.dws, type=violence, timestamp=2011-11-01 09:31:02)
[21/11/2023 20:33:57 00000860] <DEBUG:1> trying url filter base file: C:\ProgramData\Doctor Web\DWS\dwfvln01.dws
[21/11/2023 20:33:57 00000860] <DEBUG:1> TIMER: file C:\ProgramData\Doctor Web\DWS\dwfvln01.dws time 0 ms
[21/11/2023 20:33:57 00000860] Url filter ignored (file name = dwfvln01.dws, type=violence, timestamp=2020-09-26 16:15:04)
[21/11/2023 20:33:57 00000860] <DEBUG:1> trying url filter base file: C:\ProgramData\Doctor Web\DWS\dwfwpn00.dws
[21/11/2023 20:33:57 00000860] <DEBUG:1> TIMER: file C:\ProgramData\Doctor Web\DWS\dwfwpn00.dws time 0 ms
[21/11/2023 20:33:57 00000860] Url filter ignored (file name = dwfwpn00.dws, type=weapon, timestamp=2020-09-26 16:15:05)
[21/11/2023 20:33:57 00000860] <DEBUG:1> trying url filter base file: C:\ProgramData\Doctor Web\DWS\white_dwfanonym.dws
[21/11/2023 20:33:57 00000860] <DEBUG:1> TIMER: file C:\ProgramData\Doctor Web\DWS\white_dwfanonym.dws time 0 ms
[21/11/2023 20:33:57 00000860] Url filter ignored (file name = white_dwfanonym.dws, type=whitelist_anonymizer, timestamp=2019-03-22 18:15:06)
[21/11/2023 20:33:57 00000860] <DEBUG:1> trying url filter base file: C:\ProgramData\Doctor Web\DWS\white_dwfcht.dws
[21/11/2023 20:33:57 00000860] <DEBUG:1> TIMER: file C:\ProgramData\Doctor Web\DWS\white_dwfcht.dws time 0 ms
[21/11/2023 20:33:57 00000860] Url filter ignored (file name = white_dwfcht.dws, type=whitelist_chats, timestamp=2019-03-22 18:15:06)
[21/11/2023 20:33:57 00000860] <DEBUG:1> trying url filter base file: C:\ProgramData\Doctor Web\DWS\white_dwfdrg.dws
[21/11/2023 20:33:57 00000860] <DEBUG:1> TIMER: file C:\ProgramData\Doctor Web\DWS\white_dwfdrg.dws time 0 ms
[21/11/2023 20:33:57 00000860] Url filter ignored (file name = white_dwfdrg.dws, type=whitelist_drugs, timestamp=2020-07-04 07:15:14)
[21/11/2023 20:33:57 00000860] <DEBUG:1> trying url filter base file: C:\ProgramData\Doctor Web\DWS\white_dwfeml.dws
[21/11/2023 20:33:57 00000860] <DEBUG:1> TIMER: file C:\ProgramData\Doctor Web\DWS\white_dwfeml.dws time 0 ms
[21/11/2023 20:33:57 00000860] Url filter ignored (file name = white_dwfeml.dws, type=whitelist_e-mail, timestamp=2019-03-22 18:15:06)
[21/11/2023 20:33:57 00000860] <DEBUG:1> trying url filter base file: C:\ProgramData\Doctor Web\DWS\white_dwffse.dws
[21/11/2023 20:33:57 00000860] <DEBUG:1> TIMER: file C:\ProgramData\Doctor Web\DWS\white_dwffse.dws time 0 ms
[21/11/2023 20:33:57 00000860] Url exclude filter loaded (file name = white_dwffse.dws, type=whitelist_social_engineering, timestamp=2021-00-06 07:00:59)
[21/11/2023 20:33:57 00000860] <DEBUG:1> trying url filter base file: C:\ProgramData\Doctor Web\DWS\white_dwfgml.dws
[21/11/2023 20:33:57 00000860] <DEBUG:1> TIMER: file C:\ProgramData\Doctor Web\DWS\white_dwfgml.dws time 0 ms
[21/11/2023 20:33:57 00000860] Url filter ignored (file name = white_dwfgml.dws, type=whitelist_gamble, timestamp=2020-11-22 10:00:14)
[21/11/2023 20:33:57 00000860] <DEBUG:1> trying url filter base file: C:\ProgramData\Doctor Web\DWS\white_dwfminers.dws
[21/11/2023 20:33:57 00000860] <DEBUG:1> TIMER: file C:\ProgramData\Doctor Web\DWS\white_dwfminers.dws time 0 ms
[21/11/2023 20:33:57 00000860] Url filter ignored (file name = white_dwfminers.dws, type=whitelist_miners, timestamp=2018-04-31 07:00:08)
[21/11/2023 20:33:57 00000860] <DEBUG:1> trying url filter base file: C:\ProgramData\Doctor Web\DWS\white_dwfmlw.dws
[21/11/2023 20:33:57 00000860] <DEBUG:1> TIMER: file C:\ProgramData\Doctor Web\DWS\white_dwfmlw.dws time 0 ms
[21/11/2023 20:33:57 00000860] Url exclude filter loaded (file name = white_dwfmlw.dws, type=whitelist_malware, timestamp=2021-00-05 07:30:52)
[21/11/2023 20:33:57 00000860] <DEBUG:1> trying url filter base file: C:\ProgramData\Doctor Web\DWS\white_dwfobs.dws
[21/11/2023 20:33:57 00000860] <DEBUG:1> TIMER: file C:\ProgramData\Doctor Web\DWS\white_dwfobs.dws time 0 ms
[21/11/2023 20:33:57 00000860] Url filter ignored (file name = white_dwfobs.dws, type=whitelist_obscenity, timestamp=2019-03-22 18:15:06)
[21/11/2023 20:33:57 00000860] <DEBUG:1> trying url filter base file: C:\ProgramData\Doctor Web\DWS\white_dwfogm.dws
[21/11/2023 20:33:57 00000860] <DEBUG:1> TIMER: file C:\ProgramData\Doctor Web\DWS\white_dwfogm.dws time 0 ms
[21/11/2023 20:33:57 00000860] Url filter ignored (file name = white_dwfogm.dws, type=whitelist_online_games, timestamp=2019-03-22 18:15:06)
[21/11/2023 20:33:57 00000860] <DEBUG:1> trying url filter base file: C:\ProgramData\Doctor Web\DWS\white_dwfprc.dws
[21/11/2023 20:33:57 00000860] <DEBUG:1> TIMER: file C:\ProgramData\Doctor Web\DWS\white_dwfprc.dws time 0 ms
[21/11/2023 20:33:57 00000860] Url exclude filter loaded (file name = white_dwfprc.dws, type=whitelist_piracy, timestamp=2020-09-29 07:45:21)
[21/11/2023 20:33:57 00000860] <DEBUG:1> trying url filter base file: C:\ProgramData\Doctor Web\DWS\white_dwfprn.dws
[21/11/2023 20:33:57 00000860] <DEBUG:1> TIMER: file C:\ProgramData\Doctor Web\DWS\white_dwfprn.dws time 0 ms
[21/11/2023 20:33:57 00000860] Url filter ignored (file name = white_dwfprn.dws, type=whitelist_porno, timestamp=2020-11-29 07:00:03)
[21/11/2023 20:33:57 00000860] <DEBUG:1> trying url filter base file: C:\ProgramData\Doctor Web\DWS\white_dwfscl.dws
[21/11/2023 20:33:57 00000860] <DEBUG:1> TIMER: file C:\ProgramData\Doctor Web\DWS\white_dwfscl.dws time 0 ms
[21/11/2023 20:33:57 00000860] Url filter ignored (file name = white_dwfscl.dws, type=whitelist_socialnetwork, timestamp=2020-09-25 08:00:04)
[21/11/2023 20:33:57 00000860] <DEBUG:1> trying url filter base file: C:\ProgramData\Doctor Web\DWS\white_dwfter.dws
[21/11/2023 20:33:57 00000860] <DEBUG:1> TIMER: file C:\ProgramData\Doctor Web\DWS\white_dwfter.dws time 0 ms
[21/11/2023 20:33:57 00000860] Url filter ignored (file name = white_dwfter.dws, type=whitelist_terrorism, timestamp=2019-03-22 18:15:06)
[21/11/2023 20:33:57 00000860] <DEBUG:1> trying url filter base file: C:\ProgramData\Doctor Web\DWS\white_dwfvln.dws
[21/11/2023 20:33:57 00000860] <DEBUG:1> TIMER: file C:\ProgramData\Doctor Web\DWS\white_dwfvln.dws time 0 ms
[21/11/2023 20:33:57 00000860] Url filter ignored (file name = white_dwfvln.dws, type=whitelist_violence, timestamp=2019-03-22 18:15:06)
[21/11/2023 20:33:57 00000860] <DEBUG:1> trying url filter base file: C:\ProgramData\Doctor Web\DWS\white_dwfwpn.dws
[21/11/2023 20:33:57 00000860] <DEBUG:1> TIMER: file C:\ProgramData\Doctor Web\DWS\white_dwfwpn.dws time 0 ms
[21/11/2023 20:33:57 00000860] Url filter ignored (file name = white_dwfwpn.dws, type=whitelist_weapon, timestamp=2020-04-29 07:15:04)
[21/11/2023 20:33:57 00000860] <DEBUG:1> TIMER: total 15 ms loading 8 ms
[21/11/2023 20:34:19 000013e4] <DEBUG:1> Config update 00000000 00000000
[21/11/2023 20:34:19 000013e4] LogLevelMail = 1
[21/11/2023 20:34:19 000013e4] LogLevelHttp = 1
[21/11/2023 20:34:19 000013e4] CheckIncoming = Yes
[21/11/2023 20:34:19 000013e4] CheckOutgoing = No
[21/11/2023 20:34:19 000013e4] CheckArchives = No
[21/11/2023 20:34:19 000013e4] CheckContainners = No
[21/11/2023 20:34:19 000013e4] CheckIM = Yes
[21/11/2023 20:34:19 000013e4] SpeedBalance = 125
[21/11/2023 20:34:19 000013e4] BlockMalwareUrls = Yes
[21/11/2023 20:34:19 000013e4] BlockScamAndFraud = Yes
[21/11/2023 20:34:19 000013e4] BlockPiracy = Yes
[21/11/2023 20:34:19 000013e4] BlockAdware = Yes
[21/11/2023 20:34:19 000013e4] BlockDialers = Yes
[21/11/2023 20:34:19 000013e4] BlockRiskware = No
[21/11/2023 20:34:19 000013e4] BlockHacktools = No
[21/11/2023 20:34:19 000013e4] BlockJokes = No
[21/11/2023 20:34:19 000013e4] BlockSuspicious = Yes
[21/11/2023 20:34:19 000013e4] BlockNotChecked = No
[21/11/2023 20:34:19 000013e4] BlockMalformed = No
[21/11/2023 20:34:19 000013e4] ProxyPort = 0
[21/11/2023 20:34:19 000013e4] ChainProxyAddr = ""
[21/11/2023 20:34:19 000013e4] ChainProxyPort = 0
[21/11/2023 20:34:19 000013e4] QueryDNSWhenProxy = Yes
[21/11/2023 20:34:19 000013e4] UrlFilter = No
[21/11/2023 20:34:19 000013e4] BlockSites = No
[21/11/2023 20:34:19 000013e4] SafeSearch = Yes
[21/11/2023 20:34:19 000013e4] ProfileEnabled = Yes
[21/11/2023 20:34:19 000013e4] OfficeControl = No
[21/11/2023 20:34:19 000013e4] LngFileName = ""
[21/11/2023 20:34:19 000013e4] ParentalControlInstalled = Yes
[21/11/2023 20:34:19 000013e4] ActionInfected = 1
[21/11/2023 20:34:19 000013e4] ActionIncurable = 2
[21/11/2023 20:34:19 000013e4] ActionSuspicious = 2
[21/11/2023 20:34:19 000013e4] ActionNotChecked = 8
[21/11/2023 20:34:19 000013e4] ActionMalformed = 8
[21/11/2023 20:34:19 000013e4] ActionAdware = 2
[21/11/2023 20:34:19 000013e4] ActionDialers = 2
[21/11/2023 20:34:19 000013e4] ActionRiskware = 8
[21/11/2023 20:34:19 000013e4] ActionHacktools = 8
[21/11/2023 20:34:19 000013e4] ActionJokes = 8
[21/11/2023 20:34:19 000013e4] HeuristicAnalysis = Yes
[21/11/2023 20:34:19 000013e4] VirusActivityControl = Yes
[21/11/2023 20:34:19 000013e4] CheckArchivesMail = No
[21/11/2023 20:34:19 000013e4] CheckContainersMail = No
[21/11/2023 20:34:19 000013e4] InsertXAntiVirus = Yes
[21/11/2023 20:34:19 000013e4] DeleteMessagesOnServer = No
[21/11/2023 20:34:19 000013e4] MessageScanTimeout = 250
[21/11/2023 20:34:19 000013e4] MaxFileSizeToExtract = 30720
[21/11/2023 20:34:19 000013e4] MaxCompressionRatio = 0
[21/11/2023 20:34:19 000013e4] MaxArchiveLevel = 64
[21/11/2023 20:34:19 000013e4] CheckSpam = Yes
[21/11/2023 20:34:19 000013e4] SpamAllowCyrillic = Yes
[21/11/2023 20:34:19 000013e4] SpamAllowCJK = Yes
[21/11/2023 20:34:19 000013e4] AddSpamSubj = Yes
[21/11/2023 20:34:19 000013e4] SpamSubj = "[SPAM]"
[21/11/2023 20:34:19 000013e4] SSL = No
[21/11/2023 20:34:19 000013e4] CertificateSubject = "0 Dr.Web for Windows"
[21/11/2023 20:34:19 000013e4] CertificateHash = ""
[21/11/2023 20:34:19 000013e4] UseProfiles = Yes
[21/11/2023 20:34:19 000013e4] Parental Control profiles = 0
[21/11/2023 20:34:19 000013e4]     SID = ""
[21/11/2023 20:34:19 000013e4]         UrlFilter = No
[21/11/2023 20:34:19 000013e4]         BlockSites = No
[21/11/2023 20:34:19 000013e4]         SafeSearch = Yes
[21/11/2023 20:34:19 000013e4]         ProfileEnabled = Yes
[21/11/2023 20:34:19 000013e4]         \settings\ParentalControl\BlockPorno = Yes
[21/11/2023 20:34:19 000013e4]         \settings\ParentalControl\BlockViolence = Yes
[21/11/2023 20:34:19 000013e4]         \settings\ParentalControl\BlockWeapon = Yes
[21/11/2023 20:34:19 000013e4]         \settings\ParentalControl\BlockGamble = Yes
[21/11/2023 20:34:19 000013e4]         \settings\ParentalControl\BlockDrugs = Yes
[21/11/2023 20:34:19 000013e4]         \settings\ParentalControl\BlockObscenity = Yes
[21/11/2023 20:34:19 000013e4]         \settings\ParentalControl\BlockChats = No
[21/11/2023 20:34:19 000013e4]         \settings\ParentalControl\BlockTerrorism = Yes
[21/11/2023 20:34:19 000013e4]         \settings\ParentalControl\BlockE_Mail = No
[21/11/2023 20:34:19 000013e4]         \settings\ParentalControl\BlockSocialNetwork = No
[21/11/2023 20:34:19 000013e4]         \settings\ParentalControl\BlockOnlineGames = No
[21/11/2023 20:34:19 000013e4]         \settings\ParentalControl\BlockAnonymizers = No
[21/11/2023 20:34:19 000013e4]         \settings\ParentalControl\BlockMiners = No
[21/11/2023 20:34:19 000013e4]         ProfileAccessMode = 0
[21/11/2023 20:34:19 000013e4]         InternetAccess[sun] = "111111111111111111111111111111111111111111111111"
[21/11/2023 20:34:19 000013e4]         InternetAccess[mon] = "111111111111111111111111111111111111111111111111"
[21/11/2023 20:34:19 000013e4]         InternetAccess[tue] = "111111111111111111111111111111111111111111111111"
[21/11/2023 20:34:19 000013e4]         InternetAccess[wed] = "111111111111111111111111111111111111111111111111"
[21/11/2023 20:34:19 000013e4]         InternetAccess[thu] = "111111111111111111111111111111111111111111111111"
[21/11/2023 20:34:19 000013e4]         InternetAccess[fri] = "111111111111111111111111111111111111111111111111"
[21/11/2023 20:34:19 000013e4]         InternetAccess[sat] = "111111111111111111111111111111111111111111111111"
[21/11/2023 20:34:19 000013e4]         LogonAccess[sun] = "111111111111111111111111111111111111111111111111"
[21/11/2023 20:34:19 000013e4]         LogonAccess[mon] = "111111111111111111111111111111111111111111111111"
[21/11/2023 20:34:19 000013e4]         LogonAccess[tue] = "111111111111111111111111111111111111111111111111"
[21/11/2023 20:34:19 000013e4]         LogonAccess[wed] = "111111111111111111111111111111111111111111111111"
[21/11/2023 20:34:19 000013e4]         LogonAccess[thu] = "111111111111111111111111111111111111111111111111"
[21/11/2023 20:34:19 000013e4]         LogonAccess[fri] = "111111111111111111111111111111111111111111111111"
[21/11/2023 20:34:19 000013e4]         LogonAccess[sat] = "111111111111111111111111111111111111111111111111"
[21/11/2023 20:34:19 000013e4]         DayLimitWorkdays.enabled = No
[21/11/2023 20:34:19 000013e4]         DayLimitWorkdays.limit = 10800
[21/11/2023 20:34:19 000013e4]         DayLimitWeekend.enabled = No
[21/11/2023 20:34:19 000013e4]         DayLimitWeekend.limit = 10800
[21/11/2023 20:34:19 000013e4]         NightLimitWorkdays.enabled = No
[21/11/2023 20:34:19 000013e4]         NightLimitWorkdays.start = 82800
[21/11/2023 20:34:19 000013e4]         NightLimitWorkdays.end = 25200
[21/11/2023 20:34:19 000013e4]         NightLimitWeekend.enabled = No
[21/11/2023 20:34:19 000013e4]         NightLimitWeekend.start = 82800
[21/11/2023 20:34:19 000013e4]         NightLimitWeekend.end = 25200
[21/11/2023 20:34:19 000013e4] UseCloud = No
[21/11/2023 20:34:19 000013e4] SpiderMail is enabled, license ok
[21/11/2023 20:34:19 000013e4] SpiderGate is enabled, license ok
[21/11/2023 20:34:19 000013e4] ParentalControl is enabled
[21/11/2023 20:34:19 000013e4] Antispam license ok
[21/11/2023 20:34:29 00000988] Service shutdown received
[21/11/2023 20:34:29 000013d8] <DEBUG:1> Managed shutdown started.
[21/11/2023 20:34:29 000013d8] <DEBUG:1> Closing driver accept threads...
[21/11/2023 20:34:29 000013d8] <DEBUG:1> Closing connections...
[21/11/2023 20:34:29 000013d8] <DEBUG:1> Detaching config...
[21/11/2023 20:34:29 000013d8] <DEBUG:1> Reporting service as stopped...
[21/11/2023 20:34:29 000013d8] <DEBUG:1> Managed shutdown completed. Global objects are to be destroyed.

=============================================================================
DrWeb Net Filtering Service for Windows Workstations v11.5.4.02210
Copyright (c) Doctor Web, Ltd., 1992-2020
Operating System: Windows 10 Starter x64/native (Build 19045)
Command line: "C:\Program Files\DrWeb\dwnetfilter.exe" --ats
=============================================================================
[21/11/2023 20:35:09 00000ba4] WFP driver i0.0 v11.1.10.09130
[21/11/2023 20:35:09 00000ba4] WFP server created
[21/11/2023 20:35:09 00000170] Service: new standalone
[21/11/2023 20:35:09 00000ba4] <DEBUG:1> Config update 00000019 00000047
[21/11/2023 20:35:09 00000ba4] LogLevelMail = 1
[21/11/2023 20:35:09 00000ba4] LogLevelHttp = 1
[21/11/2023 20:35:09 00000ba4] CheckIncoming = Yes
[21/11/2023 20:35:09 00000ba4] CheckOutgoing = No
[21/11/2023 20:35:09 00000ba4] CheckArchives = No
[21/11/2023 20:35:09 00000ba4] CheckContainners = No
[21/11/2023 20:35:09 00000ba4] CheckIM = Yes
[21/11/2023 20:35:09 00000ba4] SpeedBalance = 125
[21/11/2023 20:35:09 00000ba4] BlockMalwareUrls = Yes
[21/11/2023 20:35:09 00000ba4] BlockScamAndFraud = Yes
[21/11/2023 20:35:09 00000ba4] BlockPiracy = Yes
[21/11/2023 20:35:09 00000ba4] BlockAdware = Yes
[21/11/2023 20:35:09 00000ba4] BlockDialers = Yes
[21/11/2023 20:35:09 00000ba4] BlockRiskware = No
[21/11/2023 20:35:09 00000ba4] BlockHacktools = No
[21/11/2023 20:35:09 00000ba4] BlockJokes = No
[21/11/2023 20:35:09 00000ba4] BlockSuspicious = Yes
[21/11/2023 20:35:09 00000ba4] BlockNotChecked = No
[21/11/2023 20:35:09 00000ba4] BlockMalformed = No
[21/11/2023 20:35:09 00000ba4] ProxyPort = 0
[21/11/2023 20:35:09 00000ba4] ChainProxyAddr = ""
[21/11/2023 20:35:09 00000ba4] ChainProxyPort = 0
[21/11/2023 20:35:09 00000ba4] QueryDNSWhenProxy = Yes
[21/11/2023 20:35:09 00000ba4] UrlFilter = No
[21/11/2023 20:35:09 00000ba4] BlockSites = No
[21/11/2023 20:35:09 00000ba4] SafeSearch = Yes
[21/11/2023 20:35:09 00000ba4] ProfileEnabled = Yes
[21/11/2023 20:35:09 00000ba4] OfficeControl = No
[21/11/2023 20:35:09 00000ba4] LngFileName = "ru-drweb.dwl"
[21/11/2023 20:35:09 00000ba4] ParentalControlInstalled = Yes
[21/11/2023 20:35:09 00000ba4] ActionInfected = 1
[21/11/2023 20:35:09 00000ba4] ActionIncurable = 2
[21/11/2023 20:35:09 00000ba4] ActionSuspicious = 2
[21/11/2023 20:35:09 00000ba4] ActionNotChecked = 8
[21/11/2023 20:35:09 00000ba4] ActionMalformed = 8
[21/11/2023 20:35:09 00000ba4] ActionAdware = 2
[21/11/2023 20:35:09 00000ba4] ActionDialers = 2
[21/11/2023 20:35:09 00000ba4] ActionRiskware = 8
[21/11/2023 20:35:09 00000ba4] ActionHacktools = 8
[21/11/2023 20:35:09 00000ba4] ActionJokes = 8
[21/11/2023 20:35:09 00000ba4] HeuristicAnalysis = Yes
[21/11/2023 20:35:09 00000ba4] VirusActivityControl = Yes
[21/11/2023 20:35:09 00000ba4] CheckArchivesMail = No
[21/11/2023 20:35:09 00000ba4] CheckContainersMail = No
[21/11/2023 20:35:09 00000ba4] InsertXAntiVirus = Yes
[21/11/2023 20:35:09 00000ba4] DeleteMessagesOnServer = No
[21/11/2023 20:35:09 00000ba4] MessageScanTimeout = 250
[21/11/2023 20:35:09 00000ba4] MaxFileSizeToExtract = 30720
[21/11/2023 20:35:09 00000ba4] MaxCompressionRatio = 0
[21/11/2023 20:35:09 00000ba4] MaxArchiveLevel = 64
[21/11/2023 20:35:09 00000ba4] CheckSpam = Yes
[21/11/2023 20:35:09 00000ba4] SpamAllowCyrillic = Yes
[21/11/2023 20:35:09 00000ba4] SpamAllowCJK = Yes
[21/11/2023 20:35:09 00000ba4] AddSpamSubj = Yes
[21/11/2023 20:35:09 00000ba4] SpamSubj = "[SPAM]"
[21/11/2023 20:35:09 00000ba4] SSL = No
[21/11/2023 20:35:09 00000ba4] CertificateSubject = "0 Dr.Web for Windows"
[21/11/2023 20:35:09 00000ba4] CertificateHash = ""
[21/11/2023 20:35:09 00000ba4] UseProfiles = Yes
[21/11/2023 20:35:09 00000ba4] Parental Control profiles = 0
[21/11/2023 20:35:09 00000ba4]     SID = ""
[21/11/2023 20:35:09 00000ba4]         UrlFilter = No
[21/11/2023 20:35:09 00000ba4]         BlockSites = No
[21/11/2023 20:35:09 00000ba4]         SafeSearch = Yes
[21/11/2023 20:35:09 00000ba4]         ProfileEnabled = Yes
[21/11/2023 20:35:09 00000ba4]         \settings\ParentalControl\BlockPorno = Yes
[21/11/2023 20:35:09 00000ba4]         \settings\ParentalControl\BlockViolence = Yes
[21/11/2023 20:35:09 00000ba4]         \settings\ParentalControl\BlockWeapon = Yes
[21/11/2023 20:35:09 00000ba4]         \settings\ParentalControl\BlockGamble = Yes
[21/11/2023 20:35:09 00000ba4]         \settings\ParentalControl\BlockDrugs = Yes
[21/11/2023 20:35:09 00000ba4]         \settings\ParentalControl\BlockObscenity = Yes
[21/11/2023 20:35:09 00000ba4]         \settings\ParentalControl\BlockChats = No
[21/11/2023 20:35:09 00000ba4]         \settings\ParentalControl\BlockTerrorism = Yes
[21/11/2023 20:35:09 00000ba4]         \settings\ParentalControl\BlockE_Mail = No
[21/11/2023 20:35:09 00000ba4]         \settings\ParentalControl\BlockSocialNetwork = No
[21/11/2023 20:35:09 00000ba4]         \settings\ParentalControl\BlockOnlineGames = No
[21/11/2023 20:35:09 00000ba4]         \settings\ParentalControl\BlockAnonymizers = No
[21/11/2023 20:35:09 00000ba4]         \settings\ParentalControl\BlockMiners = No
[21/11/2023 20:35:09 00000ba4]         ProfileAccessMode = 0
[21/11/2023 20:35:09 00000ba4]         InternetAccess[sun] = "111111111111111111111111111111111111111111111111"
[21/11/2023 20:35:09 00000ba4]         InternetAccess[mon] = "111111111111111111111111111111111111111111111111"
[21/11/2023 20:35:09 00000ba4]         InternetAccess[tue] = "111111111111111111111111111111111111111111111111"
[21/11/2023 20:35:09 00000ba4]         InternetAccess[wed] = "111111111111111111111111111111111111111111111111"
[21/11/2023 20:35:09 00000ba4]         InternetAccess[thu] = "111111111111111111111111111111111111111111111111"
[21/11/2023 20:35:09 00000ba4]         InternetAccess[fri] = "111111111111111111111111111111111111111111111111"
[21/11/2023 20:35:09 00000ba4]         InternetAccess[sat] = "111111111111111111111111111111111111111111111111"
[21/11/2023 20:35:09 00000ba4]         LogonAccess[sun] = "111111111111111111111111111111111111111111111111"
[21/11/2023 20:35:09 00000ba4]         LogonAccess[mon] = "111111111111111111111111111111111111111111111111"
[21/11/2023 20:35:09 00000ba4]         LogonAccess[tue] = "111111111111111111111111111111111111111111111111"
[21/11/2023 20:35:09 00000ba4]         LogonAccess[wed] = "111111111111111111111111111111111111111111111111"
[21/11/2023 20:35:09 00000ba4]         LogonAccess[thu] = "111111111111111111111111111111111111111111111111"
[21/11/2023 20:35:09 00000ba4]         LogonAccess[fri] = "111111111111111111111111111111111111111111111111"
[21/11/2023 20:35:09 00000ba4]         LogonAccess[sat] = "111111111111111111111111111111111111111111111111"
[21/11/2023 20:35:09 00000ba4]         DayLimitWorkdays.enabled = No
[21/11/2023 20:35:09 00000ba4]         DayLimitWorkdays.limit = 10800
[21/11/2023 20:35:09 00000ba4]         DayLimitWeekend.enabled = No
[21/11/2023 20:35:09 00000ba4]         DayLimitWeekend.limit = 10800
[21/11/2023 20:35:09 00000ba4]         NightLimitWorkdays.enabled = No
[21/11/2023 20:35:09 00000ba4]         NightLimitWorkdays.start = 82800
[21/11/2023 20:35:09 00000ba4]         NightLimitWorkdays.end = 25200
[21/11/2023 20:35:09 00000ba4]         NightLimitWeekend.enabled = No
[21/11/2023 20:35:09 00000ba4]         NightLimitWeekend.start = 82800
[21/11/2023 20:35:09 00000ba4]         NightLimitWeekend.end = 25200
[21/11/2023 20:35:09 00000ba4] UseCloud = No
[21/11/2023 20:35:09 00000ba4] SpiderMail is enabled, license ok
[21/11/2023 20:35:09 00000ba4] SpiderGate is enabled, license ok
[21/11/2023 20:35:09 00000ba4] ParentalControl is enabled
[21/11/2023 20:35:09 00000ba4] Antispam license ok
[21/11/2023 20:35:09 00000160] Loading the predefined URL-filter lists from C:\ProgramData\Doctor Web\DWS\
[21/11/2023 20:35:09 00000160] <DEBUG:1> trying url filter base file: C:\ProgramData\Doctor Web\DWS\dwfanonym00.dws
[21/11/2023 20:35:09 00000160] <DEBUG:1> TIMER: file C:\ProgramData\Doctor Web\DWS\dwfanonym00.dws time 13 ms
[21/11/2023 20:35:09 00000160] Url filter ignored (file name = dwfanonym00.dws, type=anonymizer, timestamp=2020-07-07 15:45:23)
[21/11/2023 20:35:09 00000160] <DEBUG:1> trying url filter base file: C:\ProgramData\Doctor Web\DWS\dwfcht00.dws
[21/11/2023 20:35:09 00000160] <DEBUG:1> TIMER: file C:\ProgramData\Doctor Web\DWS\dwfcht00.dws time 16 ms
[21/11/2023 20:35:09 00000160] Url filter ignored (file name = dwfcht00.dws, type=chats, timestamp=2020-11-23 13:00:08)
[21/11/2023 20:35:09 00000160] <DEBUG:1> trying url filter base file: C:\ProgramData\Doctor Web\DWS\dwfdrg00.dws
[21/11/2023 20:35:09 00000160] <DEBUG:1> TIMER: file C:\ProgramData\Doctor Web\DWS\dwfdrg00.dws time 6 ms
[21/11/2023 20:35:09 00000160] Url filter ignored (file name = dwfdrg00.dws, type=drugs, timestamp=2020-11-29 10:30:30)
[21/11/2023 20:35:09 00000160] <DEBUG:1> trying url filter base file: C:\ProgramData\Doctor Web\DWS\dwfeml00.dws
[21/11/2023 20:35:09 00000160] <DEBUG:1> TIMER: file C:\ProgramData\Doctor Web\DWS\dwfeml00.dws time 6 ms
[21/11/2023 20:35:09 00000160] Url filter ignored (file name = dwfeml00.dws, type=e-mail, timestamp=2018-11-29 07:02:12)
[21/11/2023 20:35:09 00000160] <DEBUG:1> trying url filter base file: C:\ProgramData\Doctor Web\DWS\dwffse00.dws
[21/11/2023 20:35:09 00000160] <DEBUG:1> TIMER: file C:\ProgramData\Doctor Web\DWS\dwffse00.dws time 7 ms
[21/11/2023 20:35:09 00000160] Url filter loaded (file name = dwffse00.dws, type=social_engineering, timestamp=2019-11-24 19:30:31)
[21/11/2023 20:35:09 00000160] <DEBUG:1> trying url filter base file: C:\ProgramData\Doctor Web\DWS\dwffse01.dws
[21/11/2023 20:35:09 00000160] <DEBUG:1> TIMER: file C:\ProgramData\Doctor Web\DWS\dwffse01.dws time 7 ms
[21/11/2023 20:35:09 00000160] Url filter loaded (file name = dwffse01.dws, type=social_engineering, timestamp=2020-10-18 14:49:43)
[21/11/2023 20:35:09 00000160] <DEBUG:1> trying url filter base file: C:\ProgramData\Doctor Web\DWS\dwffse02.dws
[21/11/2023 20:35:09 00000160] <DEBUG:1> TIMER: file C:\ProgramData\Doctor Web\DWS\dwffse02.dws time 9 ms
[21/11/2023 20:35:09 00000160] Url filter loaded (file name = dwffse02.dws, type=social_engineering, timestamp=2019-11-19 17:45:10)
[21/11/2023 20:35:09 00000160] <DEBUG:1> trying url filter base file: C:\ProgramData\Doctor Web\DWS\dwffse03.dws
[21/11/2023 20:35:09 00000160] <DEBUG:1> TIMER: file C:\ProgramData\Doctor Web\DWS\dwffse03.dws time 14 ms
[21/11/2023 20:35:09 00000160] Url filter loaded (file name = dwffse03.dws, type=social_engineering, timestamp=2019-11-19 17:45:20)
[21/11/2023 20:35:09 00000160] <DEBUG:1> trying url filter base file: C:\ProgramData\Doctor Web\DWS\dwffse04.dws
[21/11/2023 20:35:09 00000160] <DEBUG:1> TIMER: file C:\ProgramData\Doctor Web\DWS\dwffse04.dws time 6 ms
[21/11/2023 20:35:09 00000160] Url filter loaded (file name = dwffse04.dws, type=social_engineering, timestamp=2019-11-19 15:15:52)
[21/11/2023 20:35:09 00000160] <DEBUG:1> trying url filter base file: C:\ProgramData\Doctor Web\DWS\dwffse05.dws
[21/11/2023 20:35:09 00000160] <DEBUG:1> TIMER: file C:\ProgramData\Doctor Web\DWS\dwffse05.dws time 9 ms
[21/11/2023 20:35:09 00000160] Url filter loaded (file name = dwffse05.dws, type=social_engineering, timestamp=2020-09-12 17:00:31)
[21/11/2023 20:35:09 00000160] <DEBUG:1> trying url filter base file: C:\ProgramData\Doctor Web\DWS\dwffse06.dws
[21/11/2023 20:35:09 00000160] <DEBUG:1> TIMER: file C:\ProgramData\Doctor Web\DWS\dwffse06.dws time 7 ms
[21/11/2023 20:35:09 00000160] Url filter loaded (file name = dwffse06.dws, type=social_engineering, timestamp=2020-09-21 15:15:35)
[21/11/2023 20:35:09 00000160] <DEBUG:1> trying url filter base file: C:\ProgramData\Doctor Web\DWS\dwffse07.dws
[21/11/2023 20:35:09 00000160] <DEBUG:1> TIMER: file C:\ProgramData\Doctor Web\DWS\dwffse07.dws time 7 ms
[21/11/2023 20:35:09 00000160] Url filter loaded (file name = dwffse07.dws, type=social_engineering, timestamp=2020-07-07 10:00:35)
[21/11/2023 20:35:09 00000160] <DEBUG:1> trying url filter base file: C:\ProgramData\Doctor Web\DWS\dwffse08.dws
[21/11/2023 20:35:09 00000160] <DEBUG:1> TIMER: file C:\ProgramData\Doctor Web\DWS\dwffse08.dws time 6 ms
[21/11/2023 20:35:09 00000160] Url filter loaded (file name = dwffse08.dws, type=social_engineering, timestamp=2020-09-19 10:15:37)
[21/11/2023 20:35:09 00000160] <DEBUG:1> trying url filter base file: C:\ProgramData\Doctor Web\DWS\dwffse09.dws
[21/11/2023 20:35:09 00000160] <DEBUG:1> TIMER: file C:\ProgramData\Doctor Web\DWS\dwffse09.dws time 6 ms
[21/11/2023 20:35:09 00000160] Url filter loaded (file name = dwffse09.dws, type=social_engineering, timestamp=2020-11-25 13:00:23)
[21/11/2023 20:35:09 00000160] <DEBUG:1> trying url filter base file: C:\ProgramData\Doctor Web\DWS\dwffse_addon.dws
[21/11/2023 20:35:09 00000160] <DEBUG:1> TIMER: file C:\ProgramData\Doctor Web\DWS\dwffse_addon.dws time 7 ms
[21/11/2023 20:35:09 00000160] Url filter loaded (file name = dwffse_addon.dws, type=social_engineering, timestamp=2021-00-04 09:15:04)
[21/11/2023 20:35:09 00000160] <DEBUG:1> trying url filter base file: C:\ProgramData\Doctor Web\DWS\dwfgml00.dws
[21/11/2023 20:35:09 00000160] <DEBUG:1> TIMER: file C:\ProgramData\Doctor Web\DWS\dwfgml00.dws time 6 ms
[21/11/2023 20:35:09 00000160] Url filter ignored (file name = dwfgml00.dws, type=gamble, timestamp=2019-11-22 03:45:37)
[21/11/2023 20:35:09 00000160] <DEBUG:1> trying url filter base file: C:\ProgramData\Doctor Web\DWS\dwfgml01.dws
[21/11/2023 20:35:09 00000160] <DEBUG:1> TIMER: file C:\ProgramData\Doctor Web\DWS\dwfgml01.dws time 6 ms
[21/11/2023 20:35:09 00000160] Url filter ignored (file name = dwfgml01.dws, type=gamble, timestamp=2019-11-21 15:00:08)
[21/11/2023 20:35:09 00000160] <DEBUG:1> trying url filter base file: C:\ProgramData\Doctor Web\DWS\dwfgml02.dws
[21/11/2023 20:35:09 00000160] <DEBUG:1> TIMER: file C:\ProgramData\Doctor Web\DWS\dwfgml02.dws time 7 ms
[21/11/2023 20:35:09 00000160] Url filter ignored (file name = dwfgml02.dws, type=gamble, timestamp=2019-11-20 17:45:14)
[21/11/2023 20:35:09 00000160] <DEBUG:1> trying url filter base file: C:\ProgramData\Doctor Web\DWS\dwfgml03.dws
[21/11/2023 20:35:09 00000160] <DEBUG:1> TIMER: file C:\ProgramData\Doctor Web\DWS\dwfgml03.dws time 8 ms
[21/11/2023 20:35:09 00000160] Url filter ignored (file name = dwfgml03.dws, type=gamble, timestamp=2019-11-21 09:01:41)
[21/11/2023 20:35:09 00000160] <DEBUG:1> trying url filter base file: C:\ProgramData\Doctor Web\DWS\dwfgml04.dws
[21/11/2023 20:35:09 00000160] <DEBUG:1> TIMER: file C:\ProgramData\Doctor Web\DWS\dwfgml04.dws time 10 ms
[21/11/2023 20:35:09 00000160] Url filter ignored (file name = dwfgml04.dws, type=gamble, timestamp=2019-11-21 09:00:36)
[21/11/2023 20:35:09 00000160] <DEBUG:1> trying url filter base file: C:\ProgramData\Doctor Web\DWS\dwfgml05.dws
[21/11/2023 20:35:09 00000160] <DEBUG:1> TIMER: file C:\ProgramData\Doctor Web\DWS\dwfgml05.dws time 8 ms
[21/11/2023 20:35:09 00000160] Url filter ignored (file name = dwfgml05.dws, type=gamble, timestamp=2019-11-21 09:01:26)
[21/11/2023 20:35:09 00000160] <DEBUG:1> trying url filter base file: C:\ProgramData\Doctor Web\DWS\dwfgml06.dws
[21/11/2023 20:35:09 00000160] <DEBUG:1> TIMER: file C:\ProgramData\Doctor Web\DWS\dwfgml06.dws time 7 ms
[21/11/2023 20:35:09 00000160] Url filter ignored (file name = dwfgml06.dws, type=gamble, timestamp=2019-11-21 09:01:11)
[21/11/2023 20:35:09 00000160] <DEBUG:1> trying url filter base file: C:\ProgramData\Doctor Web\DWS\dwfgml07.dws
[21/11/2023 20:35:09 00000160] <DEBUG:1> TIMER: file C:\ProgramData\Doctor Web\DWS\dwfgml07.dws time 8 ms
[21/11/2023 20:35:09 00000160] Url filter ignored (file name = dwfgml07.dws, type=gamble, timestamp=2019-11-21 14:45:40)
[21/11/2023 20:35:09 00000160] <DEBUG:1> trying url filter base file: C:\ProgramData\Doctor Web\DWS\dwfgml08.dws
[21/11/2023 20:35:09 00000160] <DEBUG:1> TIMER: file C:\ProgramData\Doctor Web\DWS\dwfgml08.dws time 7 ms
[21/11/2023 20:35:09 00000160] Url filter ignored (file name = dwfgml08.dws, type=gamble, timestamp=2019-11-21 14:45:58)
[21/11/2023 20:35:09 00000160] <DEBUG:1> trying url filter base file: C:\ProgramData\Doctor Web\DWS\dwfgml09.dws
[21/11/2023 20:35:09 00000160] <DEBUG:1> TIMER: file C:\ProgramData\Doctor Web\DWS\dwfgml09.dws time 11 ms
[21/11/2023 20:35:09 00000160] Url filter ignored (file name = dwfgml09.dws, type=gamble, timestamp=2019-11-21 14:45:51)
[21/11/2023 20:35:09 00000160] <DEBUG:1> trying url filter base file: C:\ProgramData\Doctor Web\DWS\dwfgml10.dws
[21/11/2023 20:35:09 00000160] <DEBUG:1> TIMER: file C:\ProgramData\Doctor Web\DWS\dwfgml10.dws time 5 ms
[21/11/2023 20:35:09 00000160] Url filter ignored (file name = dwfgml10.dws, type=gamble, timestamp=2019-11-21 14:45:28)
[21/11/2023 20:35:09 00000160] <DEBUG:1> trying url filter base file: C:\ProgramData\Doctor Web\DWS\dwfgml11.dws
[21/11/2023 20:35:09 00000160] <DEBUG:1> TIMER: file C:\ProgramData\Doctor Web\DWS\dwfgml11.dws time 7 ms
[21/11/2023 20:35:09 00000160] Url filter ignored (file name = dwfgml11.dws, type=gamble, timestamp=2019-11-21 20:30:30)
[21/11/2023 20:35:09 00000160] <DEBUG:1> trying url filter base file: C:\ProgramData\Doctor Web\DWS\dwfgml12.dws
[21/11/2023 20:35:09 00000160] <DEBUG:1> TIMER: file C:\ProgramData\Doctor Web\DWS\dwfgml12.dws time 7 ms
[21/11/2023 20:35:09 00000160] Url filter ignored (file name = dwfgml12.dws, type=gamble, timestamp=2019-11-21 20:30:34)
[21/11/2023 20:35:09 00000160] <DEBUG:1> trying url filter base file: C:\ProgramData\Doctor Web\DWS\dwfgml13.dws
[21/11/2023 20:35:09 00000160] <DEBUG:1> TIMER: file C:\ProgramData\Doctor Web\DWS\dwfgml13.dws time 6 ms
[21/11/2023 20:35:09 00000160] Url filter ignored (file name = dwfgml13.dws, type=gamble, timestamp=2019-11-21 20:30:19)
[21/11/2023 20:35:09 00000160] <DEBUG:1> trying url filter base file: C:\ProgramData\Doctor Web\DWS\dwfgml14.dws
[21/11/2023 20:35:09 00000160] <DEBUG:1> TIMER: file C:\ProgramData\Doctor Web\DWS\dwfgml14.dws time 6 ms
[21/11/2023 20:35:09 00000160] Url filter ignored (file name = dwfgml14.dws, type=gamble, timestamp=2019-11-22 03:45:20)
[21/11/2023 20:35:09 00000160] <DEBUG:1> trying url filter base file: C:\ProgramData\Doctor Web\DWS\dwfgml15.dws
[21/11/2023 20:35:09 00000160] <DEBUG:1> TIMER: file C:\ProgramData\Doctor Web\DWS\dwfgml15.dws time 7 ms
[21/11/2023 20:35:09 00000160] Url filter ignored (file name = dwfgml15.dws, type=gamble, timestamp=2019-11-22 03:45:13)
[21/11/2023 20:35:09 00000160] <DEBUG:1> trying url filter base file: C:\ProgramData\Doctor Web\DWS\dwfgml16.dws
[21/11/2023 20:35:09 00000160] <DEBUG:1> TIMER: file C:\ProgramData\Doctor Web\DWS\dwfgml16.dws time 6 ms
[21/11/2023 20:35:09 00000160] Url filter ignored (file name = dwfgml16.dws, type=gamble, timestamp=2019-11-22 14:31:54)
[21/11/2023 20:35:09 00000160] <DEBUG:1> trying url filter base file: C:\ProgramData\Doctor Web\DWS\dwfgml17.dws
[21/11/2023 20:35:09 00000160] <DEBUG:1> TIMER: file C:\ProgramData\Doctor Web\DWS\dwfgml17.dws time 6 ms
[21/11/2023 20:35:09 00000160] Url filter ignored (file name = dwfgml17.dws, type=gamble, timestamp=2019-11-22 14:31:13)
[21/11/2023 20:35:09 00000160] <DEBUG:1> trying url filter base file: C:\ProgramData\Doctor Web\DWS\dwfgml18.dws
[21/11/2023 20:35:09 00000160] <DEBUG:1> TIMER: file C:\ProgramData\Doctor Web\DWS\dwfgml18.dws time 6 ms
[21/11/2023 20:35:09 00000160] Url filter ignored (file name = dwfgml18.dws, type=gamble, timestamp=2019-11-23 12:15:38)
[21/11/2023 20:35:09 00000160] <DEBUG:1> trying url filter base file: C:\ProgramData\Doctor Web\DWS\dwfgml19.dws
[21/11/2023 20:35:09 00000160] <DEBUG:1> TIMER: file C:\ProgramData\Doctor Web\DWS\dwfgml19.dws time 6 ms
[21/11/2023 20:35:09 00000160] Url filter ignored (file name = dwfgml19.dws, type=gamble, timestamp=2020-11-30 14:45:25)
[21/11/2023 20:35:09 00000160] <DEBUG:1> trying url filter base file: C:\ProgramData\Doctor Web\DWS\dwfminers00.dws
[21/11/2023 20:35:09 00000160] <DEBUG:1> TIMER: file C:\ProgramData\Doctor Web\DWS\dwfminers00.dws time 6 ms
[21/11/2023 20:35:09 00000160] Url filter ignored (file name = dwfminers00.dws, type=miners, timestamp=2020-11-07 11:15:03)
[21/11/2023 20:35:09 00000160] <DEBUG:1> trying url filter base file: C:\ProgramData\Doctor Web\DWS\dwfmlw00.dws
[21/11/2023 20:35:09 00000160] <DEBUG:1> TIMER: file C:\ProgramData\Doctor Web\DWS\dwfmlw00.dws time 6 ms
[21/11/2023 20:35:09 00000160] Url filter loaded (file name = dwfmlw00.dws, type=malware, timestamp=2019-10-07 19:56:25)
[21/11/2023 20:35:09 00000160] <DEBUG:1> trying url filter base file: C:\ProgramData\Doctor Web\DWS\dwfmlw01.dws
[21/11/2023 20:35:09 00000160] <DEBUG:1> TIMER: file C:\ProgramData\Doctor Web\DWS\dwfmlw01.dws time 6 ms
[21/11/2023 20:35:09 00000160] Url filter loaded (file name = dwfmlw01.dws, type=malware, timestamp=2019-11-16 16:46:19)
[21/11/2023 20:35:09 00000160] <DEBUG:1> trying url filter base file: C:\ProgramData\Doctor Web\DWS\dwfmlw02.dws
[21/11/2023 20:35:09 00000160] <DEBUG:1> TIMER: file C:\ProgramData\Doctor Web\DWS\dwfmlw02.dws time 6 ms
[21/11/2023 20:35:09 00000160] Url filter loaded (file name = dwfmlw02.dws, type=malware, timestamp=2019-11-17 12:31:13)
[21/11/2023 20:35:09 00000160] <DEBUG:1> trying url filter base file: C:\ProgramData\Doctor Web\DWS\dwfmlw03.dws
[21/11/2023 20:35:09 00000160] <DEBUG:1> TIMER: file C:\ProgramData\Doctor Web\DWS\dwfmlw03.dws time 6 ms
[21/11/2023 20:35:09 00000160] Url filter loaded (file name = dwfmlw03.dws, type=malware, timestamp=2019-11-18 13:01:39)
[21/11/2023 20:35:09 00000160] <DEBUG:1> trying url filter base file: C:\ProgramData\Doctor Web\DWS\dwfmlw04.dws
[21/11/2023 20:35:09 00000160] <DEBUG:1> TIMER: file C:\ProgramData\Doctor Web\DWS\dwfmlw04.dws time 7 ms
[21/11/2023 20:35:09 00000160] Url filter loaded (file name = dwfmlw04.dws, type=malware, timestamp=2019-11-18 18:30:20)
[21/11/2023 20:35:09 00000160] <DEBUG:1> trying url filter base file: C:\ProgramData\Doctor Web\DWS\dwfmlw05.dws
[21/11/2023 20:35:09 00000160] <DEBUG:1> TIMER: file C:\ProgramData\Doctor Web\DWS\dwfmlw05.dws time 7 ms
[21/11/2023 20:35:09 00000160] Url filter loaded (file name = dwfmlw05.dws, type=malware, timestamp=2020-11-12 00:45:16)
[21/11/2023 20:35:09 00000160] <DEBUG:1> trying url filter base file: C:\ProgramData\Doctor Web\DWS\dwfmlw06.dws
[21/11/2023 20:35:09 00000160] <DEBUG:1> TIMER: file C:\ProgramData\Doctor Web\DWS\dwfmlw06.dws time 6 ms
[21/11/2023 20:35:09 00000160] Url filter loaded (file name = dwfmlw06.dws, type=malware, timestamp=2019-11-13 15:45:59)
[21/11/2023 20:35:09 00000160] <DEBUG:1> trying url filter base file: C:\ProgramData\Doctor Web\DWS\dwfmlw07.dws
[21/11/2023 20:35:09 00000160] <DEBUG:1> TIMER: file C:\ProgramData\Doctor Web\DWS\dwfmlw07.dws time 6 ms
[21/11/2023 20:35:09 00000160] Url filter loaded (file name = dwfmlw07.dws, type=malware, timestamp=2019-11-16 12:45:36)
[21/11/2023 20:35:09 00000160] <DEBUG:1> trying url filter base file: C:\ProgramData\Doctor Web\DWS\dwfmlw08.dws
[21/11/2023 20:35:09 00000160] <DEBUG:1> TIMER: file C:\ProgramData\Doctor Web\DWS\dwfmlw08.dws time 7 ms
[21/11/2023 20:35:09 00000160] Url filter loaded (file name = dwfmlw08.dws, type=malware, timestamp=2019-11-18 01:15:36)
[21/11/2023 20:35:09 00000160] <DEBUG:1> trying url filter base file: C:\ProgramData\Doctor Web\DWS\dwfmlw09.dws
[21/11/2023 20:35:09 00000160] <DEBUG:1> TIMER: file C:\ProgramData\Doctor Web\DWS\dwfmlw09.dws time 8 ms
[21/11/2023 20:35:09 00000160] Url filter loaded (file name = dwfmlw09.dws, type=malware, timestamp=2019-11-19 00:30:54)
[21/11/2023 20:35:09 00000160] <DEBUG:1> trying url filter base file: C:\ProgramData\Doctor Web\DWS\dwfmlw10.dws
[21/11/2023 20:35:09 00000160] <DEBUG:1> TIMER: file C:\ProgramData\Doctor Web\DWS\dwfmlw10.dws time 9 ms
[21/11/2023 20:35:09 00000160] Url filter loaded (file name = dwfmlw10.dws, type=malware, timestamp=2020-05-26 09:15:33)
[21/11/2023 20:35:09 00000160] <DEBUG:1> trying url filter base file: C:\ProgramData\Doctor Web\DWS\dwfmlw11.dws
[21/11/2023 20:35:10 00000160] <DEBUG:1> TIMER: file C:\ProgramData\Doctor Web\DWS\dwfmlw11.dws time 7 ms
[21/11/2023 20:35:10 00000160] Url filter loaded (file name = dwfmlw11.dws, type=malware, timestamp=2020-10-10 16:15:21)
[21/11/2023 20:35:10 00000160] <DEBUG:1> trying url filter base file: C:\ProgramData\Doctor Web\DWS\dwfmlw_addon.dws
[21/11/2023 20:35:10 00000160] <DEBUG:1> TIMER: file C:\ProgramData\Doctor Web\DWS\dwfmlw_addon.dws time 7 ms
[21/11/2023 20:35:10 00000160] Url filter loaded (file name = dwfmlw_addon.dws, type=malware, timestamp=2021-00-06 06:30:18)
[21/11/2023 20:35:10 00000160] <DEBUG:1> trying url filter base file: C:\ProgramData\Doctor Web\DWS\dwfobs00.dws
[21/11/2023 20:35:10 00000160] <DEBUG:1> TIMER: file C:\ProgramData\Doctor Web\DWS\dwfobs00.dws time 6 ms
[21/11/2023 20:35:10 00000160] Url filter ignored (file name = dwfobs00.dws, type=obscenity, timestamp=2018-09-02 13:30:06)
[21/11/2023 20:35:10 00000160] <DEBUG:1> trying url filter base file: C:\ProgramData\Doctor Web\DWS\dwfogm00.dws
[21/11/2023 20:35:10 00000160] <DEBUG:1> TIMER: file C:\ProgramData\Doctor Web\DWS\dwfogm00.dws time 6 ms
[21/11/2023 20:35:10 00000160] Url filter ignored (file name = dwfogm00.dws, type=online_games, timestamp=2020-10-27 19:30:06)
[21/11/2023 20:35:10 00000160] <DEBUG:1> trying url filter base file: C:\ProgramData\Doctor Web\DWS\dwfprc00.dws
[21/11/2023 20:35:10 00000160] <DEBUG:1> TIMER: file C:\ProgramData\Doctor Web\DWS\dwfprc00.dws time 4 ms
[21/11/2023 20:35:10 00000160] Url filter loaded (file name = dwfprc00.dws, type=piracy, timestamp=2020-09-28 11:00:05)
[21/11/2023 20:35:10 00000160] <DEBUG:1> trying url filter base file: C:\ProgramData\Doctor Web\DWS\dwfprn00.dws
[21/11/2023 20:35:10 00000160] <DEBUG:1> TIMER: file C:\ProgramData\Doctor Web\DWS\dwfprn00.dws time 10 ms
[21/11/2023 20:35:10 00000160] Url filter ignored (file name = dwfprn00.dws, type=porno, timestamp=2019-10-12 19:05:37)
[21/11/2023 20:35:10 00000160] <DEBUG:1> trying url filter base file: C:\ProgramData\Doctor Web\DWS\dwfprn01.dws
[21/11/2023 20:35:10 00000160] <DEBUG:1> TIMER: file C:\ProgramData\Doctor Web\DWS\dwfprn01.dws time 8 ms
[21/11/2023 20:35:10 00000160] Url filter ignored (file name = dwfprn01.dws, type=porno, timestamp=2019-10-12 13:16:54)
[21/11/2023 20:35:10 00000160] <DEBUG:1> trying url filter base file: C:\ProgramData\Doctor Web\DWS\dwfprn02.dws
[21/11/2023 20:35:10 00000160] <DEBUG:1> TIMER: file C:\ProgramData\Doctor Web\DWS\dwfprn02.dws time 7 ms
[21/11/2023 20:35:10 00000160] Url filter ignored (file name = dwfprn02.dws, type=porno, timestamp=2019-10-10 00:02:26)
[21/11/2023 20:35:10 00000160] <DEBUG:1> trying url filter base file: C:\ProgramData\Doctor Web\DWS\dwfprn03.dws
[21/11/2023 20:35:10 00000160] <DEBUG:1> TIMER: file C:\ProgramData\Doctor Web\DWS\dwfprn03.dws time 7 ms
[21/11/2023 20:35:10 00000160] Url filter ignored (file name = dwfprn03.dws, type=porno, timestamp=2019-10-10 03:47:29)
[21/11/2023 20:35:10 00000160] <DEBUG:1> trying url filter base file: C:\ProgramData\Doctor Web\DWS\dwfprn04.dws
[21/11/2023 20:35:10 00000160] <DEBUG:1> TIMER: file C:\ProgramData\Doctor Web\DWS\dwfprn04.dws time 6 ms
[21/11/2023 20:35:10 00000160] Url filter ignored (file name = dwfprn04.dws, type=porno, timestamp=2019-10-08 01:30:56)
[21/11/2023 20:35:10 00000160] <DEBUG:1> trying url filter base file: C:\ProgramData\Doctor Web\DWS\dwfprn05.dws
[21/11/2023 20:35:10 00000160] <DEBUG:1> TIMER: file C:\ProgramData\Doctor Web\DWS\dwfprn05.dws time 7 ms
[21/11/2023 20:35:10 00000160] Url filter ignored (file name = dwfprn05.dws, type=porno, timestamp=2019-10-08 01:15:19)
[21/11/2023 20:35:10 00000160] <DEBUG:1> trying url filter base file: C:\ProgramData\Doctor Web\DWS\dwfprn06.dws
[21/11/2023 20:35:10 00000160] <DEBUG:1> TIMER: file C:\ProgramData\Doctor Web\DWS\dwfprn06.dws time 6 ms
[21/11/2023 20:35:10 00000160] Url filter ignored (file name = dwfprn06.dws, type=porno, timestamp=2019-10-10 03:46:57)
[21/11/2023 20:35:10 00000160] <DEBUG:1> trying url filter base file: C:\ProgramData\Doctor Web\DWS\dwfprn07.dws
[21/11/2023 20:35:10 00000160] <DEBUG:1> TIMER: file C:\ProgramData\Doctor Web\DWS\dwfprn07.dws time 7 ms
[21/11/2023 20:35:10 00000160] Url filter ignored (file name = dwfprn07.dws, type=porno, timestamp=2019-10-27 12:48:17)
[21/11/2023 20:35:10 00000160] <DEBUG:1> trying url filter base file: C:\ProgramData\Doctor Web\DWS\dwfprn08.dws
[21/11/2023 20:35:10 00000160] <DEBUG:1> TIMER: file C:\ProgramData\Doctor Web\DWS\dwfprn08.dws time 6 ms
[21/11/2023 20:35:10 00000160] Url filter ignored (file name = dwfprn08.dws, type=porno, timestamp=2019-10-27 12:47:03)
[21/11/2023 20:35:10 00000160] <DEBUG:1> trying url filter base file: C:\ProgramData\Doctor Web\DWS\dwfprn09.dws
[21/11/2023 20:35:10 00000160] <DEBUG:1> TIMER: file C:\ProgramData\Doctor Web\DWS\dwfprn09.dws time 11 ms
[21/11/2023 20:35:10 00000160] Url filter ignored (file name = dwfprn09.dws, type=porno, timestamp=2019-10-27 12:46:01)
[21/11/2023 20:35:10 00000160] <DEBUG:1> trying url filter base file: C:\ProgramData\Doctor Web\DWS\dwfprn10.dws
[21/11/2023 20:35:10 00000160] <DEBUG:1> TIMER: file C:\ProgramData\Doctor Web\DWS\dwfprn10.dws time 11 ms
[21/11/2023 20:35:10 00000160] Url filter ignored (file name = dwfprn10.dws, type=porno, timestamp=2019-10-11 03:00:50)
[21/11/2023 20:35:10 00000160] <DEBUG:1> trying url filter base file: C:\ProgramData\Doctor Web\DWS\dwfprn11.dws
[21/11/2023 20:35:10 00000160] <DEBUG:1> TIMER: file C:\ProgramData\Doctor Web\DWS\dwfprn11.dws time 7 ms
[21/11/2023 20:35:10 00000160] Url filter ignored (file name = dwfprn11.dws, type=porno, timestamp=2019-10-10 00:00:51)
[21/11/2023 20:35:10 00000160] <DEBUG:1> trying url filter base file: C:\ProgramData\Doctor Web\DWS\dwfprn12.dws
[21/11/2023 20:35:10 00000160] <DEBUG:1> TIMER: file C:\ProgramData\Doctor Web\DWS\dwfprn12.dws time 7 ms
[21/11/2023 20:35:10 00000160] Url filter ignored (file name = dwfprn12.dws, type=porno, timestamp=2019-10-08 17:00:32)
[21/11/2023 20:35:10 00000160] <DEBUG:1> trying url filter base file: C:\ProgramData\Doctor Web\DWS\dwfprn13.dws
[21/11/2023 20:35:10 00000160] <DEBUG:1> TIMER: file C:\ProgramData\Doctor Web\DWS\dwfprn13.dws time 30 ms
[21/11/2023 20:35:10 00000160] Url filter ignored (file name = dwfprn13.dws, type=porno, timestamp=2019-10-10 03:45:11)
[21/11/2023 20:35:10 00000160] <DEBUG:1> trying url filter base file: C:\ProgramData\Doctor Web\DWS\dwfprn14.dws
[21/11/2023 20:35:10 00000160] <DEBUG:1> TIMER: file C:\ProgramData\Doctor Web\DWS\dwfprn14.dws time 6 ms
[21/11/2023 20:35:10 00000160] Url filter ignored (file name = dwfprn14.dws, type=porno, timestamp=2019-10-09 01:00:37)
[21/11/2023 20:35:10 00000160] <DEBUG:1> trying url filter base file: C:\ProgramData\Doctor Web\DWS\dwfprn15.dws
[21/11/2023 20:35:10 00000160] <DEBUG:1> TIMER: file C:\ProgramData\Doctor Web\DWS\dwfprn15.dws time 7 ms
[21/11/2023 20:35:10 00000160] Url filter ignored (file name = dwfprn15.dws, type=porno, timestamp=2019-10-10 03:46:16)
[21/11/2023 20:35:10 00000160] <DEBUG:1> trying url filter base file: C:\ProgramData\Doctor Web\DWS\dwfprn16.dws
[21/11/2023 20:35:10 00000160] <DEBUG:1> TIMER: file C:\ProgramData\Doctor Web\DWS\dwfprn16.dws time 6 ms
[21/11/2023 20:35:10 00000160] Url filter ignored (file name = dwfprn16.dws, type=porno, timestamp=2019-10-11 03:01:27)
[21/11/2023 20:35:10 00000160] <DEBUG:1> trying url filter base file: C:\ProgramData\Doctor Web\DWS\dwfprn17.dws
[21/11/2023 20:35:10 00000160] <DEBUG:1> TIMER: file C:\ProgramData\Doctor Web\DWS\dwfprn17.dws time 7 ms
[21/11/2023 20:35:10 00000160] Url filter ignored (file name = dwfprn17.dws, type=porno, timestamp=2019-10-11 03:01:53)
[21/11/2023 20:35:10 00000160] <DEBUG:1> trying url filter base file: C:\ProgramData\Doctor Web\DWS\dwfprn18.dws
[21/11/2023 20:35:10 00000160] <DEBUG:1> TIMER: file C:\ProgramData\Doctor Web\DWS\dwfprn18.dws time 7 ms
[21/11/2023 20:35:10 00000160] Url filter ignored (file name = dwfprn18.dws, type=porno, timestamp=2019-10-10 03:45:53)
[21/11/2023 20:35:10 00000160] <DEBUG:1> trying url filter base file: C:\ProgramData\Doctor Web\DWS\dwfprn19.dws
[21/11/2023 20:35:10 00000160] <DEBUG:1> TIMER: file C:\ProgramData\Doctor Web\DWS\dwfprn19.dws time 14 ms
[21/11/2023 20:35:10 00000160] Url filter ignored (file name = dwfprn19.dws, type=porno, timestamp=2019-11-04 09:46:16)
[21/11/2023 20:35:10 00000160] <DEBUG:1> trying url filter base file: C:\ProgramData\Doctor Web\DWS\dwfprn20.dws
[21/11/2023 20:35:10 00000160] <DEBUG:1> TIMER: file C:\ProgramData\Doctor Web\DWS\dwfprn20.dws time 10 ms
[21/11/2023 20:35:10 00000160] Url filter ignored (file name = dwfprn20.dws, type=porno, timestamp=2020-03-22 13:30:29)
[21/11/2023 20:35:10 00000160] <DEBUG:1> trying url filter base file: C:\ProgramData\Doctor Web\DWS\dwfprn21.dws
[21/11/2023 20:35:10 00000160] <DEBUG:1> TIMER: file C:\ProgramData\Doctor Web\DWS\dwfprn21.dws time 10 ms
[21/11/2023 20:35:10 00000160] Url filter ignored (file name = dwfprn21.dws, type=porno, timestamp=2020-08-09 13:15:52)
[21/11/2023 20:35:10 00000160] <DEBUG:1> trying url filter base file: C:\ProgramData\Doctor Web\DWS\dwfprn22.dws
[21/11/2023 20:35:10 00000160] <DEBUG:1> TIMER: file C:\ProgramData\Doctor Web\DWS\dwfprn22.dws time 20 ms
[21/11/2023 20:35:10 00000160] Url filter ignored (file name = dwfprn22.dws, type=porno, timestamp=2020-11-28 12:15:25)
[21/11/2023 20:35:10 00000160] <DEBUG:1> trying url filter base file: C:\ProgramData\Doctor Web\DWS\dwfprn_addon.dws
[21/11/2023 20:35:10 00000160] <DEBUG:1> TIMER: file C:\ProgramData\Doctor Web\DWS\dwfprn_addon.dws time 7 ms
[21/11/2023 20:35:10 00000160] Url filter ignored (file name = dwfprn_addon.dws, type=porno, timestamp=2021-00-05 09:45:03)
[21/11/2023 20:35:10 00000160] <DEBUG:1> trying url filter base file: C:\ProgramData\Doctor Web\DWS\dwfscl00.dws
[21/11/2023 20:35:10 00000160] <DEBUG:1> TIMER: file C:\ProgramData\Doctor Web\DWS\dwfscl00.dws time 8 ms
[21/11/2023 20:35:10 00000160] Url filter ignored (file name = dwfscl00.dws, type=socialnetwork, timestamp=2019-11-23 16:30:23)
[21/11/2023 20:35:10 00000160] <DEBUG:1> trying url filter base file: C:\ProgramData\Doctor Web\DWS\dwfscl01.dws
[21/11/2023 20:35:10 00000160] <DEBUG:1> TIMER: file C:\ProgramData\Doctor Web\DWS\dwfscl01.dws time 7 ms
[21/11/2023 20:35:10 00000160] Url filter ignored (file name = dwfscl01.dws, type=socialnetwork, timestamp=2019-11-23 17:45:23)
[21/11/2023 20:35:10 00000160] <DEBUG:1> trying url filter base file: C:\ProgramData\Doctor Web\DWS\dwfscl02.dws
[21/11/2023 20:35:10 00000160] <DEBUG:1> TIMER: file C:\ProgramData\Doctor Web\DWS\dwfscl02.dws time 9 ms
[21/11/2023 20:35:10 00000160] Url filter ignored (file name = dwfscl02.dws, type=socialnetwork, timestamp=2019-11-23 17:45:28)
[21/11/2023 20:35:10 00000160] <DEBUG:1> trying url filter base file: C:\ProgramData\Doctor Web\DWS\dwfscl03.dws
[21/11/2023 20:35:10 00000160] <DEBUG:1> TIMER: file C:\ProgramData\Doctor Web\DWS\dwfscl03.dws time 24 ms
[21/11/2023 20:35:10 00000160] Url filter ignored (file name = dwfscl03.dws, type=socialnetwork, timestamp=2019-11-23 17:45:33)
[21/11/2023 20:35:10 00000160] <DEBUG:1> trying url filter base file: C:\ProgramData\Doctor Web\DWS\dwfscl04.dws
[21/11/2023 20:35:10 00000160] <DEBUG:1> TIMER: file C:\ProgramData\Doctor Web\DWS\dwfscl04.dws time 6 ms
[21/11/2023 20:35:10 00000160] Url filter ignored (file name = dwfscl04.dws, type=socialnetwork, timestamp=2019-11-23 17:45:16)
[21/11/2023 20:35:10 00000160] <DEBUG:1> trying url filter base file: C:\ProgramData\Doctor Web\DWS\dwfscl05.dws
[21/11/2023 20:35:10 00000160] <DEBUG:1> TIMER: file C:\ProgramData\Doctor Web\DWS\dwfscl05.dws time 7 ms
[21/11/2023 20:35:10 00000160] Url filter ignored (file name = dwfscl05.dws, type=socialnetwork, timestamp=2019-11-24 01:45:24)
[21/11/2023 20:35:10 00000160] <DEBUG:1> trying url filter base file: C:\ProgramData\Doctor Web\DWS\dwfscl06.dws
[21/11/2023 20:35:10 00000160] <DEBUG:1> TIMER: file C:\ProgramData\Doctor Web\DWS\dwfscl06.dws time 6 ms
[21/11/2023 20:35:10 00000160] Url filter ignored (file name = dwfscl06.dws, type=socialnetwork, timestamp=2019-11-24 01:45:33)
[21/11/2023 20:35:10 00000160] <DEBUG:1> trying url filter base file: C:\ProgramData\Doctor Web\DWS\dwfscl07.dws
[21/11/2023 20:35:10 00000160] <DEBUG:1> TIMER: file C:\ProgramData\Doctor Web\DWS\dwfscl07.dws time 6 ms
[21/11/2023 20:35:10 00000160] Url filter ignored (file name = dwfscl07.dws, type=socialnetwork, timestamp=2019-11-24 01:45:18)
[21/11/2023 20:35:10 00000160] <DEBUG:1> trying url filter base file: C:\ProgramData\Doctor Web\DWS\dwfscl08.dws
[21/11/2023 20:35:10 00000160] <DEBUG:1> TIMER: file C:\ProgramData\Doctor Web\DWS\dwfscl08.dws time 7 ms
[21/11/2023 20:35:10 00000160] Url filter ignored (file name = dwfscl08.dws, type=socialnetwork, timestamp=2019-11-24 01:45:41)
[21/11/2023 20:35:10 00000160] <DEBUG:1> trying url filter base file: C:\ProgramData\Doctor Web\DWS\dwfscl09.dws
[21/11/2023 20:35:10 00000160] <DEBUG:1> TIMER: file C:\ProgramData\Doctor Web\DWS\dwfscl09.dws time 7 ms
[21/11/2023 20:35:10 00000160] Url filter ignored (file name = dwfscl09.dws, type=socialnetwork, timestamp=2019-11-24 01:45:27)
[21/11/2023 20:35:10 00000160] <DEBUG:1> trying url filter base file: C:\ProgramData\Doctor Web\DWS\dwfscl10.dws
[21/11/2023 20:35:10 00000160] <DEBUG:1> TIMER: file C:\ProgramData\Doctor Web\DWS\dwfscl10.dws time 6 ms
[21/11/2023 20:35:10 00000160] Url filter ignored (file name = dwfscl10.dws, type=socialnetwork, timestamp=2019-11-24 01:45:51)
[21/11/2023 20:35:10 00000160] <DEBUG:1> trying url filter base file: C:\ProgramData\Doctor Web\DWS\dwfscl11.dws
[21/11/2023 20:35:10 00000160] <DEBUG:1> TIMER: file C:\ProgramData\Doctor Web\DWS\dwfscl11.dws time 5 ms
[21/11/2023 20:35:10 00000160] Url filter ignored (file name = dwfscl11.dws, type=socialnetwork, timestamp=2019-11-24 12:15:16)
[21/11/2023 20:35:10 00000160] <DEBUG:1> trying url filter base file: C:\ProgramData\Doctor Web\DWS\dwfscl12.dws
[21/11/2023 20:35:10 00000160] <DEBUG:1> TIMER: file C:\ProgramData\Doctor Web\DWS\dwfscl12.dws time 5 ms
[21/11/2023 20:35:10 00000160] Url filter ignored (file name = dwfscl12.dws, type=socialnetwork, timestamp=2019-11-24 12:15:23)
[21/11/2023 20:35:10 00000160] <DEBUG:1> trying url filter base file: C:\ProgramData\Doctor Web\DWS\dwfscl13.dws
[21/11/2023 20:35:10 00000160] <DEBUG:1> TIMER: file C:\ProgramData\Doctor Web\DWS\dwfscl13.dws time 5 ms
[21/11/2023 20:35:10 00000160] Url filter ignored (file name = dwfscl13.dws, type=socialnetwork, timestamp=2019-11-24 18:15:39)
[21/11/2023 20:35:10 00000160] <DEBUG:1> trying url filter base file: C:\ProgramData\Doctor Web\DWS\dwfscl14.dws
[21/11/2023 20:35:10 00000160] <DEBUG:1> TIMER: file C:\ProgramData\Doctor Web\DWS\dwfscl14.dws time 6 ms
[21/11/2023 20:35:10 00000160] Url filter ignored (file name = dwfscl14.dws, type=socialnetwork, timestamp=2019-11-24 19:15:36)
[21/11/2023 20:35:10 00000160] <DEBUG:1> trying url filter base file: C:\ProgramData\Doctor Web\DWS\dwfscl15.dws
[21/11/2023 20:35:10 00000160] <DEBUG:1> TIMER: file C:\ProgramData\Doctor Web\DWS\dwfscl15.dws time 7 ms
[21/11/2023 20:35:10 00000160] Url filter ignored (file name = dwfscl15.dws, type=socialnetwork, timestamp=2021-00-05 09:15:05)
[21/11/2023 20:35:10 00000160] <DEBUG:1> trying url filter base file: C:\ProgramData\Doctor Web\DWS\dwfter00.dws
[21/11/2023 20:35:10 00000160] <DEBUG:1> TIMER: file C:\ProgramData\Doctor Web\DWS\dwfter00.dws time 6 ms
[21/11/2023 20:35:10 00000160] Url filter ignored (file name = dwfter00.dws, type=terrorism, timestamp=2019-04-20 17:15:14)
[21/11/2023 20:35:10 00000160] <DEBUG:1> trying url filter base file: C:\ProgramData\Doctor Web\DWS\dwfvln00.dws
[21/11/2023 20:35:10 00000160] <DEBUG:1> TIMER: file C:\ProgramData\Doctor Web\DWS\dwfvln00.dws time 6 ms
[21/11/2023 20:35:10 00000160] Url filter ignored (file name = dwfvln00.dws, type=violence, timestamp=2011-11-01 09:31:02)
[21/11/2023 20:35:10 00000160] <DEBUG:1> trying url filter base file: C:\ProgramData\Doctor Web\DWS\dwfvln01.dws
[21/11/2023 20:35:10 00000160] <DEBUG:1> TIMER: file C:\ProgramData\Doctor Web\DWS\dwfvln01.dws time 6 ms
[21/11/2023 20:35:10 00000160] Url filter ignored (file name = dwfvln01.dws, type=violence, timestamp=2020-09-26 16:15:04)
[21/11/2023 20:35:10 00000160] <DEBUG:1> trying url filter base file: C:\ProgramData\Doctor Web\DWS\dwfwpn00.dws
[21/11/2023 20:35:10 00000160] <DEBUG:1> TIMER: file C:\ProgramData\Doctor Web\DWS\dwfwpn00.dws time 6 ms
[21/11/2023 20:35:10 00000160] Url filter ignored (file name = dwfwpn00.dws, type=weapon, timestamp=2020-09-26 16:15:05)
[21/11/2023 20:35:10 00000160] <DEBUG:1> trying url filter base file: C:\ProgramData\Doctor Web\DWS\white_dwfanonym.dws
[21/11/2023 20:35:10 00000160] <DEBUG:1> TIMER: file C:\ProgramData\Doctor Web\DWS\white_dwfanonym.dws time 5 ms
[21/11/2023 20:35:10 00000160] Url filter ignored (file name = white_dwfanonym.dws, type=whitelist_anonymizer, timestamp=2019-03-22 18:15:06)
[21/11/2023 20:35:10 00000160] <DEBUG:1> trying url filter base file: C:\ProgramData\Doctor Web\DWS\white_dwfcht.dws
[21/11/2023 20:35:10 00000160] <DEBUG:1> TIMER: file C:\ProgramData\Doctor Web\DWS\white_dwfcht.dws time 6 ms
[21/11/2023 20:35:10 00000160] Url filter ignored (file name = white_dwfcht.dws, type=whitelist_chats, timestamp=2019-03-22 18:15:06)
[21/11/2023 20:35:10 00000160] <DEBUG:1> trying url filter base file: C:\ProgramData\Doctor Web\DWS\white_dwfdrg.dws
[21/11/2023 20:35:10 00000160] <DEBUG:1> TIMER: file C:\ProgramData\Doctor Web\DWS\white_dwfdrg.dws time 5 ms
[21/11/2023 20:35:10 00000160] Url filter ignored (file name = white_dwfdrg.dws, type=whitelist_drugs, timestamp=2020-07-04 07:15:14)
[21/11/2023 20:35:10 00000160] <DEBUG:1> trying url filter base file: C:\ProgramData\Doctor Web\DWS\white_dwfeml.dws
[21/11/2023 20:35:10 00000160] <DEBUG:1> TIMER: file C:\ProgramData\Doctor Web\DWS\white_dwfeml.dws time 6 ms
[21/11/2023 20:35:10 00000160] Url filter ignored (file name = white_dwfeml.dws, type=whitelist_e-mail, timestamp=2019-03-22 18:15:06)
[21/11/2023 20:35:10 00000160] <DEBUG:1> trying url filter base file: C:\ProgramData\Doctor Web\DWS\white_dwffse.dws
[21/11/2023 20:35:10 00000160] <DEBUG:1> TIMER: file C:\ProgramData\Doctor Web\DWS\white_dwffse.dws time 7 ms
[21/11/2023 20:35:10 00000160] Url exclude filter loaded (file name = white_dwffse.dws, type=whitelist_social_engineering, timestamp=2021-00-06 07:00:59)
[21/11/2023 20:35:10 00000160] <DEBUG:1> trying url filter base file: C:\ProgramData\Doctor Web\DWS\white_dwfgml.dws
[21/11/2023 20:35:10 00000160] <DEBUG:1> TIMER: file C:\ProgramData\Doctor Web\DWS\white_dwfgml.dws time 10 ms
[21/11/2023 20:35:10 00000160] Url filter ignored (file name = white_dwfgml.dws, type=whitelist_gamble, timestamp=2020-11-22 10:00:14)
[21/11/2023 20:35:10 00000160] <DEBUG:1> trying url filter base file: C:\ProgramData\Doctor Web\DWS\white_dwfminers.dws
[21/11/2023 20:35:10 00000160] <DEBUG:1> TIMER: file C:\ProgramData\Doctor Web\DWS\white_dwfminers.dws time 4 ms
[21/11/2023 20:35:10 00000160] Url filter ignored (file name = white_dwfminers.dws, type=whitelist_miners, timestamp=2018-04-31 07:00:08)
[21/11/2023 20:35:10 00000160] <DEBUG:1> trying url filter base file: C:\ProgramData\Doctor Web\DWS\white_dwfmlw.dws
[21/11/2023 20:35:10 00000160] <DEBUG:1> TIMER: file C:\ProgramData\Doctor Web\DWS\white_dwfmlw.dws time 6 ms
[21/11/2023 20:35:10 00000160] Url exclude filter loaded (file name = white_dwfmlw.dws, type=whitelist_malware, timestamp=2021-00-05 07:30:52)
[21/11/2023 20:35:10 00000160] <DEBUG:1> trying url filter base file: C:\ProgramData\Doctor Web\DWS\white_dwfobs.dws
[21/11/2023 20:35:10 00000160] <DEBUG:1> TIMER: file C:\ProgramData\Doctor Web\DWS\white_dwfobs.dws time 4 ms
[21/11/2023 20:35:10 00000160] Url filter ignored (file name = white_dwfobs.dws, type=whitelist_obscenity, timestamp=2019-03-22 18:15:06)
[21/11/2023 20:35:10 00000160] <DEBUG:1> trying url filter base file: C:\ProgramData\Doctor Web\DWS\white_dwfogm.dws
[21/11/2023 20:35:10 00000160] <DEBUG:1> TIMER: file C:\ProgramData\Doctor Web\DWS\white_dwfogm.dws time 11 ms
[21/11/2023 20:35:10 00000160] Url filter ignored (file name = white_dwfogm.dws, type=whitelist_online_games, timestamp=2019-03-22 18:15:06)
[21/11/2023 20:35:10 00000160] <DEBUG:1> trying url filter base file: C:\ProgramData\Doctor Web\DWS\white_dwfprc.dws
[21/11/2023 20:35:10 00000160] <DEBUG:1> TIMER: file C:\ProgramData\Doctor Web\DWS\white_dwfprc.dws time 7 ms
[21/11/2023 20:35:10 00000160] Url exclude filter loaded (file name = white_dwfprc.dws, type=whitelist_piracy, timestamp=2020-09-29 07:45:21)
[21/11/2023 20:35:10 00000160] <DEBUG:1> trying url filter base file: C:\ProgramData\Doctor Web\DWS\white_dwfprn.dws
[21/11/2023 20:35:10 00000160] <DEBUG:1> TIMER: file C:\ProgramData\Doctor Web\DWS\white_dwfprn.dws time 8 ms
[21/11/2023 20:35:10 00000160] Url filter ignored (file name = white_dwfprn.dws, type=whitelist_porno, timestamp=2020-11-29 07:00:03)
[21/11/2023 20:35:10 00000160] <DEBUG:1> trying url filter base file: C:\ProgramData\Doctor Web\DWS\white_dwfscl.dws
[21/11/2023 20:35:10 00000160] <DEBUG:1> TIMER: file C:\ProgramData\Doctor Web\DWS\white_dwfscl.dws time 4 ms
[21/11/2023 20:35:10 00000160] Url filter ignored (file name = white_dwfscl.dws, type=whitelist_socialnetwork, timestamp=2020-09-25 08:00:04)
[21/11/2023 20:35:10 00000160] <DEBUG:1> trying url filter base file: C:\ProgramData\Doctor Web\DWS\white_dwfter.dws
[21/11/2023 20:35:10 00000160] <DEBUG:1> TIMER: file C:\ProgramData\Doctor Web\DWS\white_dwfter.dws time 5 ms
[21/11/2023 20:35:10 00000160] Url filter ignored (file name = white_dwfter.dws, type=whitelist_terrorism, timestamp=2019-03-22 18:15:06)
[21/11/2023 20:35:10 00000160] <DEBUG:1> trying url filter base file: C:\ProgramData\Doctor Web\DWS\white_dwfvln.dws
[21/11/2023 20:35:10 00000160] <DEBUG:1> TIMER: file C:\ProgramData\Doctor Web\DWS\white_dwfvln.dws time 5 ms
[21/11/2023 20:35:10 00000160] Url filter ignored (file name = white_dwfvln.dws, type=whitelist_violence, timestamp=2019-03-22 18:15:06)
[21/11/2023 20:35:10 00000160] <DEBUG:1> trying url filter base file: C:\ProgramData\Doctor Web\DWS\white_dwfwpn.dws
[21/11/2023 20:35:10 00000160] <DEBUG:1> TIMER: file C:\ProgramData\Doctor Web\DWS\white_dwfwpn.dws time 5 ms
[21/11/2023 20:35:10 00000160] Url filter ignored (file name = white_dwfwpn.dws, type=whitelist_weapon, timestamp=2020-04-29 07:15:04)
[21/11/2023 20:35:10 00000160] <DEBUG:1> TIMER: total 929 ms loading 903 ms
[21/11/2023 21:29:15 00000bf4] Service shutdown received
[21/11/2023 21:29:15 00000ba4] <DEBUG:1> Managed shutdown started.
[21/11/2023 21:29:15 00000ba4] <DEBUG:1> Closing driver accept threads...
[21/11/2023 21:29:15 00000ba4] <DEBUG:1> Closing connections...
[21/11/2023 21:29:15 00000ba4] <DEBUG:1> Detaching config...
[21/11/2023 21:29:15 00000ba4] <DEBUG:1> Reporting service as stopped...
[21/11/2023 21:29:15 00000ba4] <DEBUG:1> Managed shutdown completed. Global objects are to be destroyed.

=============================================================================
DrWeb Net Filtering Service for Windows Workstations v11.5.4.02210
Copyright (c) Doctor Web, Ltd., 1992-2020
Operating System: Windows 10 Starter x64/native (Build 19045)
Command line: "C:\Program Files\DrWeb\dwnetfilter.exe" --ats
=============================================================================
[12/01/2024 01:31:51 000017b8] WFP driver i0.0 v11.1.10.09130
[12/01/2024 01:31:51 000017b8] WFP server created
[12/01/2024 01:31:51 00001570] Service: new standalone
[12/01/2024 01:31:51 000017b8] <DEBUG:1> Config update 00000019 00000047
[12/01/2024 01:31:51 000017b8] LogLevelMail = 1
[12/01/2024 01:31:51 000017b8] LogLevelHttp = 1
[12/01/2024 01:31:51 000017b8] CheckIncoming = Yes
[12/01/2024 01:31:51 000017b8] CheckOutgoing = No
[12/01/2024 01:31:51 000017b8] CheckArchives = No
[12/01/2024 01:31:51 000017b8] CheckContainners = No
[12/01/2024 01:31:51 000017b8] CheckIM = Yes
[12/01/2024 01:31:51 000017b8] SpeedBalance = 125
[12/01/2024 01:31:51 000017b8] BlockMalwareUrls = Yes
[12/01/2024 01:31:51 000017b8] BlockScamAndFraud = Yes
[12/01/2024 01:31:51 000017b8] BlockPiracy = Yes
[12/01/2024 01:31:51 000017b8] BlockAdware = Yes
[12/01/2024 01:31:51 000017b8] BlockDialers = Yes
[12/01/2024 01:31:51 000017b8] BlockRiskware = No
[12/01/2024 01:31:51 000017b8] BlockHacktools = No
[12/01/2024 01:31:51 000017b8] BlockJokes = No
[12/01/2024 01:31:51 000017b8] BlockSuspicious = Yes
[12/01/2024 01:31:51 000017b8] BlockNotChecked = No
[12/01/2024 01:31:51 000017b8] BlockMalformed = No
[12/01/2024 01:31:51 000017b8] ProxyPort = 0
[12/01/2024 01:31:51 000017b8] ChainProxyAddr = ""
[12/01/2024 01:31:51 000017b8] ChainProxyPort = 0
[12/01/2024 01:31:51 000017b8] QueryDNSWhenProxy = Yes
[12/01/2024 01:31:51 000017b8] UrlFilter = No
[12/01/2024 01:31:51 000017b8] BlockSites = No
[12/01/2024 01:31:51 000017b8] SafeSearch = Yes
[12/01/2024 01:31:51 000017b8] ProfileEnabled = Yes
[12/01/2024 01:31:51 000017b8] OfficeControl = No
[12/01/2024 01:31:51 000017b8] LngFileName = "ru-drweb.dwl"
[12/01/2024 01:31:51 000017b8] ParentalControlInstalled = Yes
[12/01/2024 01:31:51 000017b8] ActionInfected = 1
[12/01/2024 01:31:51 000017b8] ActionIncurable = 2
[12/01/2024 01:31:51 000017b8] ActionSuspicious = 2
[12/01/2024 01:31:51 000017b8] ActionNotChecked = 8
[12/01/2024 01:31:51 000017b8] ActionMalformed = 8
[12/01/2024 01:31:51 000017b8] ActionAdware = 2
[12/01/2024 01:31:51 000017b8] ActionDialers = 2
[12/01/2024 01:31:51 000017b8] ActionRiskware = 8
[12/01/2024 01:31:51 000017b8] ActionHacktools = 8
[12/01/2024 01:31:51 000017b8] ActionJokes = 8
[12/01/2024 01:31:51 000017b8] HeuristicAnalysis = Yes
[12/01/2024 01:31:51 000017b8] VirusActivityControl = Yes
[12/01/2024 01:31:51 000017b8] CheckArchivesMail = No
[12/01/2024 01:31:51 000017b8] CheckContainersMail = No
[12/01/2024 01:31:51 000017b8] InsertXAntiVirus = Yes
[12/01/2024 01:31:51 000017b8] DeleteMessagesOnServer = No
[12/01/2024 01:31:51 000017b8] MessageScanTimeout = 250
[12/01/2024 01:31:51 000017b8] MaxFileSizeToExtract = 30720
[12/01/2024 01:31:51 000017b8] MaxCompressionRatio = 0
[12/01/2024 01:31:51 000017b8] MaxArchiveLevel = 64
[12/01/2024 01:31:51 000017b8] CheckSpam = Yes
[12/01/2024 01:31:51 000017b8] SpamAllowCyrillic = Yes
[12/01/2024 01:31:51 000017b8] SpamAllowCJK = Yes
[12/01/2024 01:31:51 000017b8] AddSpamSubj = Yes
[12/01/2024 01:31:51 000017b8] SpamSubj = "[SPAM]"
[12/01/2024 01:31:51 000017b8] SSL = No
[12/01/2024 01:31:51 000017b8] CertificateSubject = "0 Dr.Web for Windows"
[12/01/2024 01:31:51 000017b8] CertificateHash = ""
[12/01/2024 01:31:51 000017b8] UseProfiles = Yes
[12/01/2024 01:31:51 000017b8] Parental Control profiles = 0
[12/01/2024 01:31:51 000017b8]     SID = ""
[12/01/2024 01:31:51 000017b8]         UrlFilter = No
[12/01/2024 01:31:51 000017b8]         BlockSites = No
[12/01/2024 01:31:51 000017b8]         SafeSearch = Yes
[12/01/2024 01:31:51 000017b8]         ProfileEnabled = Yes
[12/01/2024 01:31:51 000017b8]         \settings\ParentalControl\BlockPorno = Yes
[12/01/2024 01:31:51 000017b8]         \settings\ParentalControl\BlockViolence = Yes
[12/01/2024 01:31:51 000017b8]         \settings\ParentalControl\BlockWeapon = Yes
[12/01/2024 01:31:51 000017b8]         \settings\ParentalControl\BlockGamble = Yes
[12/01/2024 01:31:51 000017b8]         \settings\ParentalControl\BlockDrugs = Yes
[12/01/2024 01:31:51 000017b8]         \settings\ParentalControl\BlockObscenity = Yes
[12/01/2024 01:31:51 000017b8]         \settings\ParentalControl\BlockChats = No
[12/01/2024 01:31:51 000017b8]         \settings\ParentalControl\BlockTerrorism = Yes
[12/01/2024 01:31:51 000017b8]         \settings\ParentalControl\BlockE_Mail = No
[12/01/2024 01:31:51 000017b8]         \settings\ParentalControl\BlockSocialNetwork = No
[12/01/2024 01:31:51 000017b8]         \settings\ParentalControl\BlockOnlineGames = No
[12/01/2024 01:31:51 000017b8]         \settings\ParentalControl\BlockAnonymizers = No
[12/01/2024 01:31:51 000017b8]         \settings\ParentalControl\BlockMiners = No
[12/01/2024 01:31:51 000017b8]         ProfileAccessMode = 0
[12/01/2024 01:31:51 000017b8]         InternetAccess[sun] = "111111111111111111111111111111111111111111111111"
[12/01/2024 01:31:51 000017b8]         InternetAccess[mon] = "111111111111111111111111111111111111111111111111"
[12/01/2024 01:31:51 000017b8]         InternetAccess[tue] = "111111111111111111111111111111111111111111111111"
[12/01/2024 01:31:51 000017b8]         InternetAccess[wed] = "111111111111111111111111111111111111111111111111"
[12/01/2024 01:31:51 000017b8]         InternetAccess[thu] = "111111111111111111111111111111111111111111111111"
[12/01/2024 01:31:51 000017b8]         InternetAccess[fri] = "111111111111111111111111111111111111111111111111"
[12/01/2024 01:31:51 000017b8]         InternetAccess[sat] = "111111111111111111111111111111111111111111111111"
[12/01/2024 01:31:51 000017b8]         LogonAccess[sun] = "111111111111111111111111111111111111111111111111"
[12/01/2024 01:31:51 000017b8]         LogonAccess[mon] = "111111111111111111111111111111111111111111111111"
[12/01/2024 01:31:51 000017b8]         LogonAccess[tue] = "111111111111111111111111111111111111111111111111"
[12/01/2024 01:31:51 000017b8]         LogonAccess[wed] = "111111111111111111111111111111111111111111111111"
[12/01/2024 01:31:51 000017b8]         LogonAccess[thu] = "111111111111111111111111111111111111111111111111"
[12/01/2024 01:31:51 000017b8]         LogonAccess[fri] = "111111111111111111111111111111111111111111111111"
[12/01/2024 01:31:51 000017b8]         LogonAccess[sat] = "111111111111111111111111111111111111111111111111"
[12/01/2024 01:31:51 000017b8]         DayLimitWorkdays.enabled = No
[12/01/2024 01:31:51 000017b8]         DayLimitWorkdays.limit = 10800
[12/01/2024 01:31:51 000017b8]         DayLimitWeekend.enabled = No
[12/01/2024 01:31:51 000017b8]         DayLimitWeekend.limit = 10800
[12/01/2024 01:31:51 000017b8]         NightLimitWorkdays.enabled = No
[12/01/2024 01:31:51 000017b8]         NightLimitWorkdays.start = 82800
[12/01/2024 01:31:51 000017b8]         NightLimitWorkdays.end = 25200
[12/01/2024 01:31:51 000017b8]         NightLimitWeekend.enabled = No
[12/01/2024 01:31:51 000017b8]         NightLimitWeekend.start = 82800
[12/01/2024 01:31:51 000017b8]         NightLimitWeekend.end = 25200
[12/01/2024 01:31:51 000017b8] UseCloud = No
[12/01/2024 01:31:51 000017b8] SpiderMail is enabled, license ok
[12/01/2024 01:31:51 000017b8] SpiderGate is enabled, license ok
[12/01/2024 01:31:51 000017b8] ParentalControl is enabled
[12/01/2024 01:31:51 000017b8] Antispam license ok
[12/01/2024 01:31:51 00001974] Loading the predefined URL-filter lists from C:\ProgramData\Doctor Web\DWS\
[12/01/2024 01:31:51 00001974] <DEBUG:1> trying url filter base file: C:\ProgramData\Doctor Web\DWS\dwfanonym00.dws
[12/01/2024 01:31:51 00001974] <DEBUG:1> TIMER: file C:\ProgramData\Doctor Web\DWS\dwfanonym00.dws time 0 ms
[12/01/2024 01:31:51 00001974] Url filter ignored (file name = dwfanonym00.dws, type=anonymizer, timestamp=2020-07-07 15:45:23)
[12/01/2024 01:31:51 00001974] <DEBUG:1> trying url filter base file: C:\ProgramData\Doctor Web\DWS\dwfcht00.dws
[12/01/2024 01:31:51 00001974] <DEBUG:1> TIMER: file C:\ProgramData\Doctor Web\DWS\dwfcht00.dws time 0 ms
[12/01/2024 01:31:51 00001974] Url filter ignored (file name = dwfcht00.dws, type=chats, timestamp=2020-11-23 13:00:08)
[12/01/2024 01:31:51 00001974] <DEBUG:1> trying url filter base file: C:\ProgramData\Doctor Web\DWS\dwfdrg00.dws
[12/01/2024 01:31:51 00001974] <DEBUG:1> TIMER: file C:\ProgramData\Doctor Web\DWS\dwfdrg00.dws time 0 ms
[12/01/2024 01:31:51 00001974] Url filter ignored (file name = dwfdrg00.dws, type=drugs, timestamp=2020-11-29 10:30:30)
[12/01/2024 01:31:51 00001974] <DEBUG:1> trying url filter base file: C:\ProgramData\Doctor Web\DWS\dwfeml00.dws
[12/01/2024 01:31:51 00001974] <DEBUG:1> TIMER: file C:\ProgramData\Doctor Web\DWS\dwfeml00.dws time 0 ms
[12/01/2024 01:31:51 00001974] Url filter ignored (file name = dwfeml00.dws, type=e-mail, timestamp=2018-11-29 07:02:12)
[12/01/2024 01:31:51 00001974] <DEBUG:1> trying url filter base file: C:\ProgramData\Doctor Web\DWS\dwffse00.dws
[12/01/2024 01:31:51 00001974] <DEBUG:1> TIMER: file C:\ProgramData\Doctor Web\DWS\dwffse00.dws time 0 ms
[12/01/2024 01:31:51 00001974] Url filter loaded (file name = dwffse00.dws, type=social_engineering, timestamp=2019-11-24 19:30:31)
[12/01/2024 01:31:51 00001974] <DEBUG:1> trying url filter base file: C:\ProgramData\Doctor Web\DWS\dwffse01.dws
[12/01/2024 01:31:51 00001974] <DEBUG:1> TIMER: file C:\ProgramData\Doctor Web\DWS\dwffse01.dws time 0 ms
[12/01/2024 01:31:51 00001974] Url filter loaded (file name = dwffse01.dws, type=social_engineering, timestamp=2020-10-18 14:49:43)
[12/01/2024 01:31:51 00001974] <DEBUG:1> trying url filter base file: C:\ProgramData\Doctor Web\DWS\dwffse02.dws
[12/01/2024 01:31:51 00001974] <DEBUG:1> TIMER: file C:\ProgramData\Doctor Web\DWS\dwffse02.dws time 0 ms
[12/01/2024 01:31:51 00001974] Url filter loaded (file name = dwffse02.dws, type=social_engineering, timestamp=2019-11-19 17:45:10)
[12/01/2024 01:31:51 00001974] <DEBUG:1> trying url filter base file: C:\ProgramData\Doctor Web\DWS\dwffse03.dws
[12/01/2024 01:31:51 00001974] <DEBUG:1> TIMER: file C:\ProgramData\Doctor Web\DWS\dwffse03.dws time 0 ms
[12/01/2024 01:31:51 00001974] Url filter loaded (file name = dwffse03.dws, type=social_engineering, timestamp=2019-11-19 17:45:20)
[12/01/2024 01:31:51 00001974] <DEBUG:1> trying url filter base file: C:\ProgramData\Doctor Web\DWS\dwffse04.dws
[12/01/2024 01:31:51 00001974] <DEBUG:1> TIMER: file C:\ProgramData\Doctor Web\DWS\dwffse04.dws time 0 ms
[12/01/2024 01:31:51 00001974] Url filter loaded (file name = dwffse04.dws, type=social_engineering, timestamp=2019-11-19 15:15:52)
[12/01/2024 01:31:51 00001974] <DEBUG:1> trying url filter base file: C:\ProgramData\Doctor Web\DWS\dwffse05.dws
[12/01/2024 01:31:51 00001974] <DEBUG:1> TIMER: file C:\ProgramData\Doctor Web\DWS\dwffse05.dws time 0 ms
[12/01/2024 01:31:51 00001974] Url filter loaded (file name = dwffse05.dws, type=social_engineering, timestamp=2020-09-12 17:00:31)
[12/01/2024 01:31:51 00001974] <DEBUG:1> trying url filter base file: C:\ProgramData\Doctor Web\DWS\dwffse06.dws
[12/01/2024 01:31:51 00001974] <DEBUG:1> TIMER: file C:\ProgramData\Doctor Web\DWS\dwffse06.dws time 0 ms
[12/01/2024 01:31:51 00001974] Url filter loaded (file name = dwffse06.dws, type=social_engineering, timestamp=2020-09-21 15:15:35)
[12/01/2024 01:31:51 00001974] <DEBUG:1> trying url filter base file: C:\ProgramData\Doctor Web\DWS\dwffse07.dws
[12/01/2024 01:31:51 00001974] <DEBUG:1> TIMER: file C:\ProgramData\Doctor Web\DWS\dwffse07.dws time 0 ms
[12/01/2024 01:31:51 00001974] Url filter loaded (file name = dwffse07.dws, type=social_engineering, timestamp=2020-07-07 10:00:35)
[12/01/2024 01:31:51 00001974] <DEBUG:1> trying url filter base file: C:\ProgramData\Doctor Web\DWS\dwffse08.dws
[12/01/2024 01:31:51 00001974] <DEBUG:1> TIMER: file C:\ProgramData\Doctor Web\DWS\dwffse08.dws time 0 ms
[12/01/2024 01:31:51 00001974] Url filter loaded (file name = dwffse08.dws, type=social_engineering, timestamp=2020-09-19 10:15:37)
[12/01/2024 01:31:51 00001974] <DEBUG:1> trying url filter base file: C:\ProgramData\Doctor Web\DWS\dwffse09.dws
[12/01/2024 01:31:51 00001974] <DEBUG:1> TIMER: file C:\ProgramData\Doctor Web\DWS\dwffse09.dws time 0 ms
[12/01/2024 01:31:51 00001974] Url filter loaded (file name = dwffse09.dws, type=social_engineering, timestamp=2020-11-25 13:00:23)
[12/01/2024 01:31:51 00001974] <DEBUG:1> trying url filter base file: C:\ProgramData\Doctor Web\DWS\dwffse_addon.dws
[12/01/2024 01:31:51 00001974] <DEBUG:1> TIMER: file C:\ProgramData\Doctor Web\DWS\dwffse_addon.dws time 0 ms
[12/01/2024 01:31:51 00001974] Url filter loaded (file name = dwffse_addon.dws, type=social_engineering, timestamp=2021-00-04 09:15:04)
[12/01/2024 01:31:51 00001974] <DEBUG:1> trying url filter base file: C:\ProgramData\Doctor Web\DWS\dwfgml00.dws
[12/01/2024 01:31:51 00001974] <DEBUG:1> TIMER: file C:\ProgramData\Doctor Web\DWS\dwfgml00.dws time 0 ms
[12/01/2024 01:31:51 00001974] Url filter ignored (file name = dwfgml00.dws, type=gamble, timestamp=2019-11-22 03:45:37)
[12/01/2024 01:31:51 00001974] <DEBUG:1> trying url filter base file: C:\ProgramData\Doctor Web\DWS\dwfgml01.dws
[12/01/2024 01:31:51 00001974] <DEBUG:1> TIMER: file C:\ProgramData\Doctor Web\DWS\dwfgml01.dws time 0 ms
[12/01/2024 01:31:51 00001974] Url filter ignored (file name = dwfgml01.dws, type=gamble, timestamp=2019-11-21 15:00:08)
[12/01/2024 01:31:51 00001974] <DEBUG:1> trying url filter base file: C:\ProgramData\Doctor Web\DWS\dwfgml02.dws
[12/01/2024 01:31:51 00001974] <DEBUG:1> TIMER: file C:\ProgramData\Doctor Web\DWS\dwfgml02.dws time 0 ms
[12/01/2024 01:31:51 00001974] Url filter ignored (file name = dwfgml02.dws, type=gamble, timestamp=2019-11-20 17:45:14)
[12/01/2024 01:31:51 00001974] <DEBUG:1> trying url filter base file: C:\ProgramData\Doctor Web\DWS\dwfgml03.dws
[12/01/2024 01:31:51 00001974] <DEBUG:1> TIMER: file C:\ProgramData\Doctor Web\DWS\dwfgml03.dws time 0 ms
[12/01/2024 01:31:51 00001974] Url filter ignored (file name = dwfgml03.dws, type=gamble, timestamp=2019-11-21 09:01:41)
[12/01/2024 01:31:51 00001974] <DEBUG:1> trying url filter base file: C:\ProgramData\Doctor Web\DWS\dwfgml04.dws
[12/01/2024 01:31:51 00001974] <DEBUG:1> TIMER: file C:\ProgramData\Doctor Web\DWS\dwfgml04.dws time 0 ms
[12/01/2024 01:31:51 00001974] Url filter ignored (file name = dwfgml04.dws, type=gamble, timestamp=2019-11-21 09:00:36)
[12/01/2024 01:31:51 00001974] <DEBUG:1> trying url filter base file: C:\ProgramData\Doctor Web\DWS\dwfgml05.dws
[12/01/2024 01:31:51 00001974] <DEBUG:1> TIMER: file C:\ProgramData\Doctor Web\DWS\dwfgml05.dws time 0 ms
[12/01/2024 01:31:51 00001974] Url filter ignored (file name = dwfgml05.dws, type=gamble, timestamp=2019-11-21 09:01:26)
[12/01/2024 01:31:51 00001974] <DEBUG:1> trying url filter base file: C:\ProgramData\Doctor Web\DWS\dwfgml06.dws
[12/01/2024 01:31:51 00001974] <DEBUG:1> TIMER: file C:\ProgramData\Doctor Web\DWS\dwfgml06.dws time 0 ms
[12/01/2024 01:31:51 00001974] Url filter ignored (file name = dwfgml06.dws, type=gamble, timestamp=2019-11-21 09:01:11)
[12/01/2024 01:31:51 00001974] <DEBUG:1> trying url filter base file: C:\ProgramData\Doctor Web\DWS\dwfgml07.dws
[12/01/2024 01:31:51 00001974] <DEBUG:1> TIMER: file C:\ProgramData\Doctor Web\DWS\dwfgml07.dws time 0 ms
[12/01/2024 01:31:51 00001974] Url filter ignored (file name = dwfgml07.dws, type=gamble, timestamp=2019-11-21 14:45:40)
[12/01/2024 01:31:51 00001974] <DEBUG:1> trying url filter base file: C:\ProgramData\Doctor Web\DWS\dwfgml08.dws
[12/01/2024 01:31:51 00001974] <DEBUG:1> TIMER: file C:\ProgramData\Doctor Web\DWS\dwfgml08.dws time 0 ms
[12/01/2024 01:31:51 00001974] Url filter ignored (file name = dwfgml08.dws, type=gamble, timestamp=2019-11-21 14:45:58)
[12/01/2024 01:31:51 00001974] <DEBUG:1> trying url filter base file: C:\ProgramData\Doctor Web\DWS\dwfgml09.dws
[12/01/2024 01:31:51 00001974] <DEBUG:1> TIMER: file C:\ProgramData\Doctor Web\DWS\dwfgml09.dws time 0 ms
[12/01/2024 01:31:51 00001974] Url filter ignored (file name = dwfgml09.dws, type=gamble, timestamp=2019-11-21 14:45:51)
[12/01/2024 01:31:51 00001974] <DEBUG:1> trying url filter base file: C:\ProgramData\Doctor Web\DWS\dwfgml10.dws
[12/01/2024 01:31:51 00001974] <DEBUG:1> TIMER: file C:\ProgramData\Doctor Web\DWS\dwfgml10.dws time 0 ms
[12/01/2024 01:31:51 00001974] Url filter ignored (file name = dwfgml10.dws, type=gamble, timestamp=2019-11-21 14:45:28)
[12/01/2024 01:31:51 00001974] <DEBUG:1> trying url filter base file: C:\ProgramData\Doctor Web\DWS\dwfgml11.dws
[12/01/2024 01:31:51 00001974] <DEBUG:1> TIMER: file C:\ProgramData\Doctor Web\DWS\dwfgml11.dws time 0 ms
[12/01/2024 01:31:51 00001974] Url filter ignored (file name = dwfgml11.dws, type=gamble, timestamp=2019-11-21 20:30:30)
[12/01/2024 01:31:51 00001974] <DEBUG:1> trying url filter base file: C:\ProgramData\Doctor Web\DWS\dwfgml12.dws
[12/01/2024 01:31:51 00001974] <DEBUG:1> TIMER: file C:\ProgramData\Doctor Web\DWS\dwfgml12.dws time 0 ms
[12/01/2024 01:31:51 00001974] Url filter ignored (file name = dwfgml12.dws, type=gamble, timestamp=2019-11-21 20:30:34)
[12/01/2024 01:31:51 00001974] <DEBUG:1> trying url filter base file: C:\ProgramData\Doctor Web\DWS\dwfgml13.dws
[12/01/2024 01:31:51 00001974] <DEBUG:1> TIMER: file C:\ProgramData\Doctor Web\DWS\dwfgml13.dws time 0 ms
[12/01/2024 01:31:51 00001974] Url filter ignored (file name = dwfgml13.dws, type=gamble, timestamp=2019-11-21 20:30:19)
[12/01/2024 01:31:51 00001974] <DEBUG:1> trying url filter base file: C:\ProgramData\Doctor Web\DWS\dwfgml14.dws
[12/01/2024 01:31:51 00001974] <DEBUG:1> TIMER: file C:\ProgramData\Doctor Web\DWS\dwfgml14.dws time 0 ms
[12/01/2024 01:31:51 00001974] Url filter ignored (file name = dwfgml14.dws, type=gamble, timestamp=2019-11-22 03:45:20)
[12/01/2024 01:31:51 00001974] <DEBUG:1> trying url filter base file: C:\ProgramData\Doctor Web\DWS\dwfgml15.dws
[12/01/2024 01:31:51 00001974] <DEBUG:1> TIMER: file C:\ProgramData\Doctor Web\DWS\dwfgml15.dws time 0 ms
[12/01/2024 01:31:51 00001974] Url filter ignored (file name = dwfgml15.dws, type=gamble, timestamp=2019-11-22 03:45:13)
[12/01/2024 01:31:51 00001974] <DEBUG:1> trying url filter base file: C:\ProgramData\Doctor Web\DWS\dwfgml16.dws
[12/01/2024 01:31:51 00001974] <DEBUG:1> TIMER: file C:\ProgramData\Doctor Web\DWS\dwfgml16.dws time 0 ms
[12/01/2024 01:31:51 00001974] Url filter ignored (file name = dwfgml16.dws, type=gamble, timestamp=2019-11-22 14:31:54)
[12/01/2024 01:31:51 00001974] <DEBUG:1> trying url filter base file: C:\ProgramData\Doctor Web\DWS\dwfgml17.dws
[12/01/2024 01:31:51 00001974] <DEBUG:1> TIMER: file C:\ProgramData\Doctor Web\DWS\dwfgml17.dws time 0 ms
[12/01/2024 01:31:51 00001974] Url filter ignored (file name = dwfgml17.dws, type=gamble, timestamp=2019-11-22 14:31:13)
[12/01/2024 01:31:51 00001974] <DEBUG:1> trying url filter base file: C:\ProgramData\Doctor Web\DWS\dwfgml18.dws
[12/01/2024 01:31:51 00001974] <DEBUG:1> TIMER: file C:\ProgramData\Doctor Web\DWS\dwfgml18.dws time 0 ms
[12/01/2024 01:31:51 00001974] Url filter ignored (file name = dwfgml18.dws, type=gamble, timestamp=2019-11-23 12:15:38)
[12/01/2024 01:31:51 00001974] <DEBUG:1> trying url filter base file: C:\ProgramData\Doctor Web\DWS\dwfgml19.dws
[12/01/2024 01:31:51 00001974] <DEBUG:1> TIMER: file C:\ProgramData\Doctor Web\DWS\dwfgml19.dws time 0 ms
[12/01/2024 01:31:51 00001974] Url filter ignored (file name = dwfgml19.dws, type=gamble, timestamp=2020-11-30 14:45:25)
[12/01/2024 01:31:51 00001974] <DEBUG:1> trying url filter base file: C:\ProgramData\Doctor Web\DWS\dwfminers00.dws
[12/01/2024 01:31:51 00001974] <DEBUG:1> TIMER: file C:\ProgramData\Doctor Web\DWS\dwfminers00.dws time 0 ms
[12/01/2024 01:31:51 00001974] Url filter ignored (file name = dwfminers00.dws, type=miners, timestamp=2020-11-07 11:15:03)
[12/01/2024 01:31:51 00001974] <DEBUG:1> trying url filter base file: C:\ProgramData\Doctor Web\DWS\dwfmlw00.dws
[12/01/2024 01:31:51 00001974] <DEBUG:1> TIMER: file C:\ProgramData\Doctor Web\DWS\dwfmlw00.dws time 0 ms
[12/01/2024 01:31:51 00001974] Url filter loaded (file name = dwfmlw00.dws, type=malware, timestamp=2019-10-07 19:56:25)
[12/01/2024 01:31:51 00001974] <DEBUG:1> trying url filter base file: C:\ProgramData\Doctor Web\DWS\dwfmlw01.dws
[12/01/2024 01:31:51 00001974] <DEBUG:1> TIMER: file C:\ProgramData\Doctor Web\DWS\dwfmlw01.dws time 0 ms
[12/01/2024 01:31:51 00001974] Url filter loaded (file name = dwfmlw01.dws, type=malware, timestamp=2019-11-16 16:46:19)
[12/01/2024 01:31:51 00001974] <DEBUG:1> trying url filter base file: C:\ProgramData\Doctor Web\DWS\dwfmlw02.dws
[12/01/2024 01:31:51 00001974] <DEBUG:1> TIMER: file C:\ProgramData\Doctor Web\DWS\dwfmlw02.dws time 0 ms
[12/01/2024 01:31:51 00001974] Url filter loaded (file name = dwfmlw02.dws, type=malware, timestamp=2019-11-17 12:31:13)
[12/01/2024 01:31:51 00001974] <DEBUG:1> trying url filter base file: C:\ProgramData\Doctor Web\DWS\dwfmlw03.dws
[12/01/2024 01:31:51 00001974] <DEBUG:1> TIMER: file C:\ProgramData\Doctor Web\DWS\dwfmlw03.dws time 0 ms
[12/01/2024 01:31:51 00001974] Url filter loaded (file name = dwfmlw03.dws, type=malware, timestamp=2019-11-18 13:01:39)
[12/01/2024 01:31:51 00001974] <DEBUG:1> trying url filter base file: C:\ProgramData\Doctor Web\DWS\dwfmlw04.dws
[12/01/2024 01:31:51 00001974] <DEBUG:1> TIMER: file C:\ProgramData\Doctor Web\DWS\dwfmlw04.dws time 0 ms
[12/01/2024 01:31:51 00001974] Url filter loaded (file name = dwfmlw04.dws, type=malware, timestamp=2019-11-18 18:30:20)
[12/01/2024 01:31:51 00001974] <DEBUG:1> trying url filter base file: C:\ProgramData\Doctor Web\DWS\dwfmlw05.dws
[12/01/2024 01:31:51 00001974] <DEBUG:1> TIMER: file C:\ProgramData\Doctor Web\DWS\dwfmlw05.dws time 0 ms
[12/01/2024 01:31:51 00001974] Url filter loaded (file name = dwfmlw05.dws, type=malware, timestamp=2020-11-12 00:45:16)
[12/01/2024 01:31:51 00001974] <DEBUG:1> trying url filter base file: C:\ProgramData\Doctor Web\DWS\dwfmlw06.dws
[12/01/2024 01:31:51 00001974] <DEBUG:1> TIMER: file C:\ProgramData\Doctor Web\DWS\dwfmlw06.dws time 0 ms
[12/01/2024 01:31:51 00001974] Url filter loaded (file name = dwfmlw06.dws, type=malware, timestamp=2019-11-13 15:45:59)
[12/01/2024 01:31:51 00001974] <DEBUG:1> trying url filter base file: C:\ProgramData\Doctor Web\DWS\dwfmlw07.dws
[12/01/2024 01:31:51 00001974] <DEBUG:1> TIMER: file C:\ProgramData\Doctor Web\DWS\dwfmlw07.dws time 0 ms
[12/01/2024 01:31:51 00001974] Url filter loaded (file name = dwfmlw07.dws, type=malware, timestamp=2019-11-16 12:45:36)
[12/01/2024 01:31:51 00001974] <DEBUG:1> trying url filter base file: C:\ProgramData\Doctor Web\DWS\dwfmlw08.dws
[12/01/2024 01:31:51 00001974] <DEBUG:1> TIMER: file C:\ProgramData\Doctor Web\DWS\dwfmlw08.dws time 0 ms
[12/01/2024 01:31:51 00001974] Url filter loaded (file name = dwfmlw08.dws, type=malware, timestamp=2019-11-18 01:15:36)
[12/01/2024 01:31:51 00001974] <DEBUG:1> trying url filter base file: C:\ProgramData\Doctor Web\DWS\dwfmlw09.dws
[12/01/2024 01:31:51 00001974] <DEBUG:1> TIMER: file C:\ProgramData\Doctor Web\DWS\dwfmlw09.dws time 0 ms
[12/01/2024 01:31:51 00001974] Url filter loaded (file name = dwfmlw09.dws, type=malware, timestamp=2019-11-19 00:30:54)
[12/01/2024 01:31:51 00001974] <DEBUG:1> trying url filter base file: C:\ProgramData\Doctor Web\DWS\dwfmlw10.dws
[12/01/2024 01:31:51 00001974] <DEBUG:1> TIMER: file C:\ProgramData\Doctor Web\DWS\dwfmlw10.dws time 0 ms
[12/01/2024 01:31:51 00001974] Url filter loaded (file name = dwfmlw10.dws, type=malware, timestamp=2020-05-26 09:15:33)
[12/01/2024 01:31:51 00001974] <DEBUG:1> trying url filter base file: C:\ProgramData\Doctor Web\DWS\dwfmlw11.dws
[12/01/2024 01:31:51 00001974] <DEBUG:1> TIMER: file C:\ProgramData\Doctor Web\DWS\dwfmlw11.dws time 0 ms
[12/01/2024 01:31:51 00001974] Url filter loaded (file name = dwfmlw11.dws, type=malware, timestamp=2020-10-10 16:15:21)
[12/01/2024 01:31:51 00001974] <DEBUG:1> trying url filter base file: C:\ProgramData\Doctor Web\DWS\dwfmlw_addon.dws
[12/01/2024 01:31:51 00001974] <DEBUG:1> TIMER: file C:\ProgramData\Doctor Web\DWS\dwfmlw_addon.dws time 0 ms
[12/01/2024 01:31:51 00001974] Url filter loaded (file name = dwfmlw_addon.dws, type=malware, timestamp=2021-00-06 06:30:18)
[12/01/2024 01:31:51 00001974] <DEBUG:1> trying url filter base file: C:\ProgramData\Doctor Web\DWS\dwfobs00.dws
[12/01/2024 01:31:51 00001974] <DEBUG:1> TIMER: file C:\ProgramData\Doctor Web\DWS\dwfobs00.dws time 0 ms
[12/01/2024 01:31:51 00001974] Url filter ignored (file name = dwfobs00.dws, type=obscenity, timestamp=2018-09-02 13:30:06)
[12/01/2024 01:31:51 00001974] <DEBUG:1> trying url filter base file: C:\ProgramData\Doctor Web\DWS\dwfogm00.dws
[12/01/2024 01:31:51 00001974] <DEBUG:1> TIMER: file C:\ProgramData\Doctor Web\DWS\dwfogm00.dws time 0 ms
[12/01/2024 01:31:51 00001974] Url filter ignored (file name = dwfogm00.dws, type=online_games, timestamp=2020-10-27 19:30:06)
[12/01/2024 01:31:51 00001974] <DEBUG:1> trying url filter base file: C:\ProgramData\Doctor Web\DWS\dwfprc00.dws
[12/01/2024 01:31:51 00001974] <DEBUG:1> TIMER: file C:\ProgramData\Doctor Web\DWS\dwfprc00.dws time 0 ms
[12/01/2024 01:31:51 00001974] Url filter loaded (file name = dwfprc00.dws, type=piracy, timestamp=2020-09-28 11:00:05)
[12/01/2024 01:31:51 00001974] <DEBUG:1> trying url filter base file: C:\ProgramData\Doctor Web\DWS\dwfprn00.dws
[12/01/2024 01:31:51 00001974] <DEBUG:1> TIMER: file C:\ProgramData\Doctor Web\DWS\dwfprn00.dws time 0 ms
[12/01/2024 01:31:51 00001974] Url filter ignored (file name = dwfprn00.dws, type=porno, timestamp=2019-10-12 19:05:37)
[12/01/2024 01:31:51 00001974] <DEBUG:1> trying url filter base file: C:\ProgramData\Doctor Web\DWS\dwfprn01.dws
[12/01/2024 01:31:51 00001974] <DEBUG:1> TIMER: file C:\ProgramData\Doctor Web\DWS\dwfprn01.dws time 0 ms
[12/01/2024 01:31:51 00001974] Url filter ignored (file name = dwfprn01.dws, type=porno, timestamp=2019-10-12 13:16:54)
[12/01/2024 01:31:51 00001974] <DEBUG:1> trying url filter base file: C:\ProgramData\Doctor Web\DWS\dwfprn02.dws
[12/01/2024 01:31:51 00001974] <DEBUG:1> TIMER: file C:\ProgramData\Doctor Web\DWS\dwfprn02.dws time 0 ms
[12/01/2024 01:31:51 00001974] Url filter ignored (file name = dwfprn02.dws, type=porno, timestamp=2019-10-10 00:02:26)
[12/01/2024 01:31:51 00001974] <DEBUG:1> trying url filter base file: C:\ProgramData\Doctor Web\DWS\dwfprn03.dws
[12/01/2024 01:31:51 00001974] <DEBUG:1> TIMER: file C:\ProgramData\Doctor Web\DWS\dwfprn03.dws time 0 ms
[12/01/2024 01:31:51 00001974] Url filter ignored (file name = dwfprn03.dws, type=porno, timestamp=2019-10-10 03:47:29)
[12/01/2024 01:31:51 00001974] <DEBUG:1> trying url filter base file: C:\ProgramData\Doctor Web\DWS\dwfprn04.dws
[12/01/2024 01:31:51 00001974] <DEBUG:1> TIMER: file C:\ProgramData\Doctor Web\DWS\dwfprn04.dws time 0 ms
[12/01/2024 01:31:51 00001974] Url filter ignored (file name = dwfprn04.dws, type=porno, timestamp=2019-10-08 01:30:56)
[12/01/2024 01:31:51 00001974] <DEBUG:1> trying url filter base file: C:\ProgramData\Doctor Web\DWS\dwfprn05.dws
[12/01/2024 01:31:51 00001974] <DEBUG:1> TIMER: file C:\ProgramData\Doctor Web\DWS\dwfprn05.dws time 0 ms
[12/01/2024 01:31:51 00001974] Url filter ignored (file name = dwfprn05.dws, type=porno, timestamp=2019-10-08 01:15:19)
[12/01/2024 01:31:51 00001974] <DEBUG:1> trying url filter base file: C:\ProgramData\Doctor Web\DWS\dwfprn06.dws
[12/01/2024 01:31:51 00001974] <DEBUG:1> TIMER: file C:\ProgramData\Doctor Web\DWS\dwfprn06.dws time 0 ms
[12/01/2024 01:31:51 00001974] Url filter ignored (file name = dwfprn06.dws, type=porno, timestamp=2019-10-10 03:46:57)
[12/01/2024 01:31:51 00001974] <DEBUG:1> trying url filter base file: C:\ProgramData\Doctor Web\DWS\dwfprn07.dws
[12/01/2024 01:31:51 00001974] <DEBUG:1> TIMER: file C:\ProgramData\Doctor Web\DWS\dwfprn07.dws time 0 ms
[12/01/2024 01:31:51 00001974] Url filter ignored (file name = dwfprn07.dws, type=porno, timestamp=2019-10-27 12:48:17)
[12/01/2024 01:31:51 00001974] <DEBUG:1> trying url filter base file: C:\ProgramData\Doctor Web\DWS\dwfprn08.dws
[12/01/2024 01:31:51 00001974] <DEBUG:1> TIMER: file C:\ProgramData\Doctor Web\DWS\dwfprn08.dws time 0 ms
[12/01/2024 01:31:51 00001974] Url filter ignored (file name = dwfprn08.dws, type=porno, timestamp=2019-10-27 12:47:03)
[12/01/2024 01:31:51 00001974] <DEBUG:1> trying url filter base file: C:\ProgramData\Doctor Web\DWS\dwfprn09.dws
[12/01/2024 01:31:51 00001974] <DEBUG:1> TIMER: file C:\ProgramData\Doctor Web\DWS\dwfprn09.dws time 0 ms
[12/01/2024 01:31:51 00001974] Url filter ignored (file name = dwfprn09.dws, type=porno, timestamp=2019-10-27 12:46:01)
[12/01/2024 01:31:51 00001974] <DEBUG:1> trying url filter base file: C:\ProgramData\Doctor Web\DWS\dwfprn10.dws
[12/01/2024 01:31:51 00001974] <DEBUG:1> TIMER: file C:\ProgramData\Doctor Web\DWS\dwfprn10.dws time 0 ms
[12/01/2024 01:31:51 00001974] Url filter ignored (file name = dwfprn10.dws, type=porno, timestamp=2019-10-11 03:00:50)
[12/01/2024 01:31:51 00001974] <DEBUG:1> trying url filter base file: C:\ProgramData\Doctor Web\DWS\dwfprn11.dws
[12/01/2024 01:31:51 00001974] <DEBUG:1> TIMER: file C:\ProgramData\Doctor Web\DWS\dwfprn11.dws time 0 ms
[12/01/2024 01:31:51 00001974] Url filter ignored (file name = dwfprn11.dws, type=porno, timestamp=2019-10-10 00:00:51)
[12/01/2024 01:31:51 00001974] <DEBUG:1> trying url filter base file: C:\ProgramData\Doctor Web\DWS\dwfprn12.dws
[12/01/2024 01:31:51 00001974] <DEBUG:1> TIMER: file C:\ProgramData\Doctor Web\DWS\dwfprn12.dws time 0 ms
[12/01/2024 01:31:51 00001974] Url filter ignored (file name = dwfprn12.dws, type=porno, timestamp=2019-10-08 17:00:32)
[12/01/2024 01:31:51 00001974] <DEBUG:1> trying url filter base file: C:\ProgramData\Doctor Web\DWS\dwfprn13.dws
[12/01/2024 01:31:51 00001974] <DEBUG:1> TIMER: file C:\ProgramData\Doctor Web\DWS\dwfprn13.dws time 0 ms
[12/01/2024 01:31:51 00001974] Url filter ignored (file name = dwfprn13.dws, type=porno, timestamp=2019-10-10 03:45:11)
[12/01/2024 01:31:51 00001974] <DEBUG:1> trying url filter base file: C:\ProgramData\Doctor Web\DWS\dwfprn14.dws
[12/01/2024 01:31:51 00001974] <DEBUG:1> TIMER: file C:\ProgramData\Doctor Web\DWS\dwfprn14.dws time 0 ms
[12/01/2024 01:31:51 00001974] Url filter ignored (file name = dwfprn14.dws, type=porno, timestamp=2019-10-09 01:00:37)
[12/01/2024 01:31:51 00001974] <DEBUG:1> trying url filter base file: C:\ProgramData\Doctor Web\DWS\dwfprn15.dws
[12/01/2024 01:31:51 00001974] <DEBUG:1> TIMER: file C:\ProgramData\Doctor Web\DWS\dwfprn15.dws time 0 ms
[12/01/2024 01:31:51 00001974] Url filter ignored (file name = dwfprn15.dws, type=porno, timestamp=2019-10-10 03:46:16)
[12/01/2024 01:31:51 00001974] <DEBUG:1> trying url filter base file: C:\ProgramData\Doctor Web\DWS\dwfprn16.dws
[12/01/2024 01:31:51 00001974] <DEBUG:1> TIMER: file C:\ProgramData\Doctor Web\DWS\dwfprn16.dws time 0 ms
[12/01/2024 01:31:51 00001974] Url filter ignored (file name = dwfprn16.dws, type=porno, timestamp=2019-10-11 03:01:27)
[12/01/2024 01:31:51 00001974] <DEBUG:1> trying url filter base file: C:\ProgramData\Doctor Web\DWS\dwfprn17.dws
[12/01/2024 01:31:51 00001974] <DEBUG:1> TIMER: file C:\ProgramData\Doctor Web\DWS\dwfprn17.dws time 0 ms
[12/01/2024 01:31:51 00001974] Url filter ignored (file name = dwfprn17.dws, type=porno, timestamp=2019-10-11 03:01:53)
[12/01/2024 01:31:51 00001974] <DEBUG:1> trying url filter base file: C:\ProgramData\Doctor Web\DWS\dwfprn18.dws
[12/01/2024 01:31:51 00001974] <DEBUG:1> TIMER: file C:\ProgramData\Doctor Web\DWS\dwfprn18.dws time 0 ms
[12/01/2024 01:31:51 00001974] Url filter ignored (file name = dwfprn18.dws, type=porno, timestamp=2019-10-10 03:45:53)
[12/01/2024 01:31:51 00001974] <DEBUG:1> trying url filter base file: C:\ProgramData\Doctor Web\DWS\dwfprn19.dws
[12/01/2024 01:31:51 00001974] <DEBUG:1> TIMER: file C:\ProgramData\Doctor Web\DWS\dwfprn19.dws time 0 ms
[12/01/2024 01:31:51 00001974] Url filter ignored (file name = dwfprn19.dws, type=porno, timestamp=2019-11-04 09:46:16)
[12/01/2024 01:31:51 00001974] <DEBUG:1> trying url filter base file: C:\ProgramData\Doctor Web\DWS\dwfprn20.dws
[12/01/2024 01:31:51 00001974] <DEBUG:1> TIMER: file C:\ProgramData\Doctor Web\DWS\dwfprn20.dws time 0 ms
[12/01/2024 01:31:51 00001974] Url filter ignored (file name = dwfprn20.dws, type=porno, timestamp=2020-03-22 13:30:29)
[12/01/2024 01:31:51 00001974] <DEBUG:1> trying url filter base file: C:\ProgramData\Doctor Web\DWS\dwfprn21.dws
[12/01/2024 01:31:51 00001974] <DEBUG:1> TIMER: file C:\ProgramData\Doctor Web\DWS\dwfprn21.dws time 0 ms
[12/01/2024 01:31:51 00001974] Url filter ignored (file name = dwfprn21.dws, type=porno, timestamp=2020-08-09 13:15:52)
[12/01/2024 01:31:51 00001974] <DEBUG:1> trying url filter base file: C:\ProgramData\Doctor Web\DWS\dwfprn22.dws
[12/01/2024 01:31:51 00001974] <DEBUG:1> TIMER: file C:\ProgramData\Doctor Web\DWS\dwfprn22.dws time 0 ms
[12/01/2024 01:31:51 00001974] Url filter ignored (file name = dwfprn22.dws, type=porno, timestamp=2020-11-28 12:15:25)
[12/01/2024 01:31:51 00001974] <DEBUG:1> trying url filter base file: C:\ProgramData\Doctor Web\DWS\dwfprn_addon.dws
[12/01/2024 01:31:51 00001974] <DEBUG:1> TIMER: file C:\ProgramData\Doctor Web\DWS\dwfprn_addon.dws time 0 ms
[12/01/2024 01:31:51 00001974] Url filter ignored (file name = dwfprn_addon.dws, type=porno, timestamp=2021-00-05 09:45:03)
[12/01/2024 01:31:51 00001974] <DEBUG:1> trying url filter base file: C:\ProgramData\Doctor Web\DWS\dwfscl00.dws
[12/01/2024 01:31:51 00001974] <DEBUG:1> TIMER: file C:\ProgramData\Doctor Web\DWS\dwfscl00.dws time 0 ms
[12/01/2024 01:31:51 00001974] Url filter ignored (file name = dwfscl00.dws, type=socialnetwork, timestamp=2019-11-23 16:30:23)
[12/01/2024 01:31:51 00001974] <DEBUG:1> trying url filter base file: C:\ProgramData\Doctor Web\DWS\dwfscl01.dws
[12/01/2024 01:31:51 00001974] <DEBUG:1> TIMER: file C:\ProgramData\Doctor Web\DWS\dwfscl01.dws time 0 ms
[12/01/2024 01:31:51 00001974] Url filter ignored (file name = dwfscl01.dws, type=socialnetwork, timestamp=2019-11-23 17:45:23)
[12/01/2024 01:31:51 00001974] <DEBUG:1> trying url filter base file: C:\ProgramData\Doctor Web\DWS\dwfscl02.dws
[12/01/2024 01:31:51 00001974] <DEBUG:1> TIMER: file C:\ProgramData\Doctor Web\DWS\dwfscl02.dws time 0 ms
[12/01/2024 01:31:51 00001974] Url filter ignored (file name = dwfscl02.dws, type=socialnetwork, timestamp=2019-11-23 17:45:28)
[12/01/2024 01:31:51 00001974] <DEBUG:1> trying url filter base file: C:\ProgramData\Doctor Web\DWS\dwfscl03.dws
[12/01/2024 01:31:51 00001974] <DEBUG:1> TIMER: file C:\ProgramData\Doctor Web\DWS\dwfscl03.dws time 0 ms
[12/01/2024 01:31:51 00001974] Url filter ignored (file name = dwfscl03.dws, type=socialnetwork, timestamp=2019-11-23 17:45:33)
[12/01/2024 01:31:51 00001974] <DEBUG:1> trying url filter base file: C:\ProgramData\Doctor Web\DWS\dwfscl04.dws
[12/01/2024 01:31:51 00001974] <DEBUG:1> TIMER: file C:\ProgramData\Doctor Web\DWS\dwfscl04.dws time 0 ms
[12/01/2024 01:31:51 00001974] Url filter ignored (file name = dwfscl04.dws, type=socialnetwork, timestamp=2019-11-23 17:45:16)
[12/01/2024 01:31:51 00001974] <DEBUG:1> trying url filter base file: C:\ProgramData\Doctor Web\DWS\dwfscl05.dws
[12/01/2024 01:31:51 00001974] <DEBUG:1> TIMER: file C:\ProgramData\Doctor Web\DWS\dwfscl05.dws time 0 ms
[12/01/2024 01:31:51 00001974] Url filter ignored (file name = dwfscl05.dws, type=socialnetwork, timestamp=2019-11-24 01:45:24)
[12/01/2024 01:31:51 00001974] <DEBUG:1> trying url filter base file: C:\ProgramData\Doctor Web\DWS\dwfscl06.dws
[12/01/2024 01:31:51 00001974] <DEBUG:1> TIMER: file C:\ProgramData\Doctor Web\DWS\dwfscl06.dws time 0 ms
[12/01/2024 01:31:51 00001974] Url filter ignored (file name = dwfscl06.dws, type=socialnetwork, timestamp=2019-11-24 01:45:33)
[12/01/2024 01:31:51 00001974] <DEBUG:1> trying url filter base file: C:\ProgramData\Doctor Web\DWS\dwfscl07.dws
[12/01/2024 01:31:51 00001974] <DEBUG:1> TIMER: file C:\ProgramData\Doctor Web\DWS\dwfscl07.dws time 0 ms
[12/01/2024 01:31:51 00001974] Url filter ignored (file name = dwfscl07.dws, type=socialnetwork, timestamp=2019-11-24 01:45:18)
[12/01/2024 01:31:51 00001974] <DEBUG:1> trying url filter base file: C:\ProgramData\Doctor Web\DWS\dwfscl08.dws
[12/01/2024 01:31:51 00001974] <DEBUG:1> TIMER: file C:\ProgramData\Doctor Web\DWS\dwfscl08.dws time 0 ms
[12/01/2024 01:31:51 00001974] Url filter ignored (file name = dwfscl08.dws, type=socialnetwork, timestamp=2019-11-24 01:45:41)
[12/01/2024 01:31:51 00001974] <DEBUG:1> trying url filter base file: C:\ProgramData\Doctor Web\DWS\dwfscl09.dws
[12/01/2024 01:31:51 00001974] <DEBUG:1> TIMER: file C:\ProgramData\Doctor Web\DWS\dwfscl09.dws time 0 ms
[12/01/2024 01:31:51 00001974] Url filter ignored (file name = dwfscl09.dws, type=socialnetwork, timestamp=2019-11-24 01:45:27)
[12/01/2024 01:31:51 00001974] <DEBUG:1> trying url filter base file: C:\ProgramData\Doctor Web\DWS\dwfscl10.dws
[12/01/2024 01:31:51 00001974] <DEBUG:1> TIMER: file C:\ProgramData\Doctor Web\DWS\dwfscl10.dws time 0 ms
[12/01/2024 01:31:51 00001974] Url filter ignored (file name = dwfscl10.dws, type=socialnetwork, timestamp=2019-11-24 01:45:51)
[12/01/2024 01:31:51 00001974] <DEBUG:1> trying url filter base file: C:\ProgramData\Doctor Web\DWS\dwfscl11.dws
[12/01/2024 01:31:51 00001974] <DEBUG:1> TIMER: file C:\ProgramData\Doctor Web\DWS\dwfscl11.dws time 0 ms
[12/01/2024 01:31:51 00001974] Url filter ignored (file name = dwfscl11.dws, type=socialnetwork, timestamp=2019-11-24 12:15:16)
[12/01/2024 01:31:51 00001974] <DEBUG:1> trying url filter base file: C:\ProgramData\Doctor Web\DWS\dwfscl12.dws
[12/01/2024 01:31:51 00001974] <DEBUG:1> TIMER: file C:\ProgramData\Doctor Web\DWS\dwfscl12.dws time 0 ms
[12/01/2024 01:31:51 00001974] Url filter ignored (file name = dwfscl12.dws, type=socialnetwork, timestamp=2019-11-24 12:15:23)
[12/01/2024 01:31:51 00001974] <DEBUG:1> trying url filter base file: C:\ProgramData\Doctor Web\DWS\dwfscl13.dws
[12/01/2024 01:31:51 00001974] <DEBUG:1> TIMER: file C:\ProgramData\Doctor Web\DWS\dwfscl13.dws time 0 ms
[12/01/2024 01:31:51 00001974] Url filter ignored (file name = dwfscl13.dws, type=socialnetwork, timestamp=2019-11-24 18:15:39)
[12/01/2024 01:31:51 00001974] <DEBUG:1> trying url filter base file: C:\ProgramData\Doctor Web\DWS\dwfscl14.dws
[12/01/2024 01:31:51 00001974] <DEBUG:1> TIMER: file C:\ProgramData\Doctor Web\DWS\dwfscl14.dws time 0 ms
[12/01/2024 01:31:51 00001974] Url filter ignored (file name = dwfscl14.dws, type=socialnetwork, timestamp=2019-11-24 19:15:36)
[12/01/2024 01:31:51 00001974] <DEBUG:1> trying url filter base file: C:\ProgramData\Doctor Web\DWS\dwfscl15.dws
[12/01/2024 01:31:51 00001974] <DEBUG:1> TIMER: file C:\ProgramData\Doctor Web\DWS\dwfscl15.dws time 0 ms
[12/01/2024 01:31:51 00001974] Url filter ignored (file name = dwfscl15.dws, type=socialnetwork, timestamp=2021-00-05 09:15:05)
[12/01/2024 01:31:51 00001974] <DEBUG:1> trying url filter base file: C:\ProgramData\Doctor Web\DWS\dwfter00.dws
[12/01/2024 01:31:51 00001974] <DEBUG:1> TIMER: file C:\ProgramData\Doctor Web\DWS\dwfter00.dws time 0 ms
[12/01/2024 01:31:51 00001974] Url filter ignored (file name = dwfter00.dws, type=terrorism, timestamp=2019-04-20 17:15:14)
[12/01/2024 01:31:51 00001974] <DEBUG:1> trying url filter base file: C:\ProgramData\Doctor Web\DWS\dwfvln00.dws
[12/01/2024 01:31:51 00001974] <DEBUG:1> TIMER: file C:\ProgramData\Doctor Web\DWS\dwfvln00.dws time 0 ms
[12/01/2024 01:31:51 00001974] Url filter ignored (file name = dwfvln00.dws, type=violence, timestamp=2011-11-01 09:31:02)
[12/01/2024 01:31:51 00001974] <DEBUG:1> trying url filter base file: C:\ProgramData\Doctor Web\DWS\dwfvln01.dws
[12/01/2024 01:31:51 00001974] <DEBUG:1> TIMER: file C:\ProgramData\Doctor Web\DWS\dwfvln01.dws time 0 ms
[12/01/2024 01:31:51 00001974] Url filter ignored (file name = dwfvln01.dws, type=violence, timestamp=2020-09-26 16:15:04)
[12/01/2024 01:31:51 00001974] <DEBUG:1> trying url filter base file: C:\ProgramData\Doctor Web\DWS\dwfwpn00.dws
[12/01/2024 01:31:51 00001974] <DEBUG:1> TIMER: file C:\ProgramData\Doctor Web\DWS\dwfwpn00.dws time 0 ms
[12/01/2024 01:31:51 00001974] Url filter ignored (file name = dwfwpn00.dws, type=weapon, timestamp=2020-09-26 16:15:05)
[12/01/2024 01:31:51 00001974] <DEBUG:1> trying url filter base file: C:\ProgramData\Doctor Web\DWS\white_dwfanonym.dws
[12/01/2024 01:31:51 00001974] <DEBUG:1> TIMER: file C:\ProgramData\Doctor Web\DWS\white_dwfanonym.dws time 0 ms
[12/01/2024 01:31:51 00001974] Url filter ignored (file name = white_dwfanonym.dws, type=whitelist_anonymizer, timestamp=2019-03-22 18:15:06)
[12/01/2024 01:31:51 00001974] <DEBUG:1> trying url filter base file: C:\ProgramData\Doctor Web\DWS\white_dwfcht.dws
[12/01/2024 01:31:51 00001974] <DEBUG:1> TIMER: file C:\ProgramData\Doctor Web\DWS\white_dwfcht.dws time 0 ms
[12/01/2024 01:31:51 00001974] Url filter ignored (file name = white_dwfcht.dws, type=whitelist_chats, timestamp=2019-03-22 18:15:06)
[12/01/2024 01:31:51 00001974] <DEBUG:1> trying url filter base file: C:\ProgramData\Doctor Web\DWS\white_dwfdrg.dws
[12/01/2024 01:31:51 00001974] <DEBUG:1> TIMER: file C:\ProgramData\Doctor Web\DWS\white_dwfdrg.dws time 0 ms
[12/01/2024 01:31:51 00001974] Url filter ignored (file name = white_dwfdrg.dws, type=whitelist_drugs, timestamp=2020-07-04 07:15:14)
[12/01/2024 01:31:51 00001974] <DEBUG:1> trying url filter base file: C:\ProgramData\Doctor Web\DWS\white_dwfeml.dws
[12/01/2024 01:31:51 00001974] <DEBUG:1> TIMER: file C:\ProgramData\Doctor Web\DWS\white_dwfeml.dws time 0 ms
[12/01/2024 01:31:51 00001974] Url filter ignored (file name = white_dwfeml.dws, type=whitelist_e-mail, timestamp=2019-03-22 18:15:06)
[12/01/2024 01:31:51 00001974] <DEBUG:1> trying url filter base file: C:\ProgramData\Doctor Web\DWS\white_dwffse.dws
[12/01/2024 01:31:51 00001974] <DEBUG:1> TIMER: file C:\ProgramData\Doctor Web\DWS\white_dwffse.dws time 0 ms
[12/01/2024 01:31:51 00001974] Url exclude filter loaded (file name = white_dwffse.dws, type=whitelist_social_engineering, timestamp=2021-00-06 07:00:59)
[12/01/2024 01:31:51 00001974] <DEBUG:1> trying url filter base file: C:\ProgramData\Doctor Web\DWS\white_dwfgml.dws
[12/01/2024 01:31:51 00001974] <DEBUG:1> TIMER: file C:\ProgramData\Doctor Web\DWS\white_dwfgml.dws time 0 ms
[12/01/2024 01:31:51 00001974] Url filter ignored (file name = white_dwfgml.dws, type=whitelist_gamble, timestamp=2020-11-22 10:00:14)
[12/01/2024 01:31:51 00001974] <DEBUG:1> trying url filter base file: C:\ProgramData\Doctor Web\DWS\white_dwfminers.dws
[12/01/2024 01:31:51 00001974] <DEBUG:1> TIMER: file C:\ProgramData\Doctor Web\DWS\white_dwfminers.dws time 0 ms
[12/01/2024 01:31:51 00001974] Url filter ignored (file name = white_dwfminers.dws, type=whitelist_miners, timestamp=2018-04-31 07:00:08)
[12/01/2024 01:31:51 00001974] <DEBUG:1> trying url filter base file: C:\ProgramData\Doctor Web\DWS\white_dwfmlw.dws
[12/01/2024 01:31:51 00001974] <DEBUG:1> TIMER: file C:\ProgramData\Doctor Web\DWS\white_dwfmlw.dws time 0 ms
[12/01/2024 01:31:51 00001974] Url exclude filter loaded (file name = white_dwfmlw.dws, type=whitelist_malware, timestamp=2021-00-05 07:30:52)
[12/01/2024 01:31:51 00001974] <DEBUG:1> trying url filter base file: C:\ProgramData\Doctor Web\DWS\white_dwfobs.dws
[12/01/2024 01:31:51 00001974] <DEBUG:1> TIMER: file C:\ProgramData\Doctor Web\DWS\white_dwfobs.dws time 0 ms
[12/01/2024 01:31:51 00001974] Url filter ignored (file name = white_dwfobs.dws, type=whitelist_obscenity, timestamp=2019-03-22 18:15:06)
[12/01/2024 01:31:51 00001974] <DEBUG:1> trying url filter base file: C:\ProgramData\Doctor Web\DWS\white_dwfogm.dws
[12/01/2024 01:31:51 00001974] <DEBUG:1> TIMER: file C:\ProgramData\Doctor Web\DWS\white_dwfogm.dws time 0 ms
[12/01/2024 01:31:51 00001974] Url filter ignored (file name = white_dwfogm.dws, type=whitelist_online_games, timestamp=2019-03-22 18:15:06)
[12/01/2024 01:31:51 00001974] <DEBUG:1> trying url filter base file: C:\ProgramData\Doctor Web\DWS\white_dwfprc.dws
[12/01/2024 01:31:51 00001974] <DEBUG:1> TIMER: file C:\ProgramData\Doctor Web\DWS\white_dwfprc.dws time 0 ms
[12/01/2024 01:31:51 00001974] Url exclude filter loaded (file name = white_dwfprc.dws, type=whitelist_piracy, timestamp=2020-09-29 07:45:21)
[12/01/2024 01:31:51 00001974] <DEBUG:1> trying url filter base file: C:\ProgramData\Doctor Web\DWS\white_dwfprn.dws
[12/01/2024 01:31:51 00001974] <DEBUG:1> TIMER: file C:\ProgramData\Doctor Web\DWS\white_dwfprn.dws time 0 ms
[12/01/2024 01:31:51 00001974] Url filter ignored (file name = white_dwfprn.dws, type=whitelist_porno, timestamp=2020-11-29 07:00:03)
[12/01/2024 01:31:51 00001974] <DEBUG:1> trying url filter base file: C:\ProgramData\Doctor Web\DWS\white_dwfscl.dws
[12/01/2024 01:31:51 00001974] <DEBUG:1> TIMER: file C:\ProgramData\Doctor Web\DWS\white_dwfscl.dws time 0 ms
[12/01/2024 01:31:51 00001974] Url filter ignored (file name = white_dwfscl.dws, type=whitelist_socialnetwork, timestamp=2020-09-25 08:00:04)
[12/01/2024 01:31:51 00001974] <DEBUG:1> trying url filter base file: C:\ProgramData\Doctor Web\DWS\white_dwfter.dws
[12/01/2024 01:31:51 00001974] <DEBUG:1> TIMER: file C:\ProgramData\Doctor Web\DWS\white_dwfter.dws time 0 ms
[12/01/2024 01:31:51 00001974] Url filter ignored (file name = white_dwfter.dws, type=whitelist_terrorism, timestamp=2019-03-22 18:15:06)
[12/01/2024 01:31:51 00001974] <DEBUG:1> trying url filter base file: C:\ProgramData\Doctor Web\DWS\white_dwfvln.dws
[12/01/2024 01:31:51 00001974] <DEBUG:1> TIMER: file C:\ProgramData\Doctor Web\DWS\white_dwfvln.dws time 0 ms
[12/01/2024 01:31:51 00001974] Url filter ignored (file name = white_dwfvln.dws, type=whitelist_violence, timestamp=2019-03-22 18:15:06)
[12/01/2024 01:31:51 00001974] <DEBUG:1> trying url filter base file: C:\ProgramData\Doctor Web\DWS\white_dwfwpn.dws
[12/01/2024 01:31:51 00001974] <DEBUG:1> TIMER: file C:\ProgramData\Doctor Web\DWS\white_dwfwpn.dws time 0 ms
[12/01/2024 01:31:51 00001974] Url filter ignored (file name = white_dwfwpn.dws, type=whitelist_weapon, timestamp=2020-04-29 07:15:04)
[12/01/2024 01:31:51 00001974] <DEBUG:1> TIMER: total 22 ms loading 8 ms
[12/01/2024 01:38:09 00001960] Service shutdown received
[12/01/2024 01:38:09 000017b8] <DEBUG:1> Managed shutdown started.
[12/01/2024 01:38:09 000017b8] <DEBUG:1> Closing driver accept threads...
[12/01/2024 01:38:09 000017b8] <DEBUG:1> Closing connections...
[12/01/2024 01:38:09 000017b8] <DEBUG:1> Detaching config...
[12/01/2024 01:38:09 000017b8] <DEBUG:1> Reporting service as stopped...
[12/01/2024 01:38:09 000017b8] <DEBUG:1> Managed shutdown completed. Global objects are to be destroyed.

=============================================================================
DrWeb Net Filtering Service for Windows Workstations v11.5.4.02210
Copyright (c) Doctor Web, Ltd., 1992-2020
Operating System: Windows 10 Starter x64/native (Build 19045)
Command line: "C:\Program Files\DrWeb\dwnetfilter.exe" --ats
=============================================================================
[12/01/2024 01:39:01 000007d4] Service: new standalone
[12/01/2024 01:39:01 0000021c] WFP driver i0.0 v11.1.10.09130
[12/01/2024 01:39:01 0000021c] WFP server created
[12/01/2024 01:39:01 0000021c] <DEBUG:1> Config update 00000019 00000047
[12/01/2024 01:39:01 0000021c] LogLevelMail = 1
[12/01/2024 01:39:01 0000021c] LogLevelHttp = 1
[12/01/2024 01:39:01 0000021c] CheckIncoming = Yes
[12/01/2024 01:39:01 0000021c] CheckOutgoing = No
[12/01/2024 01:39:01 0000021c] CheckArchives = No
[12/01/2024 01:39:01 0000021c] CheckContainners = No
[12/01/2024 01:39:01 0000021c] CheckIM = Yes
[12/01/2024 01:39:01 0000021c] SpeedBalance = 125
[12/01/2024 01:39:01 0000021c] BlockMalwareUrls = Yes
[12/01/2024 01:39:01 0000021c] BlockScamAndFraud = Yes
[12/01/2024 01:39:01 0000021c] BlockPiracy = Yes
[12/01/2024 01:39:01 0000021c] BlockAdware = Yes
[12/01/2024 01:39:01 0000021c] BlockDialers = Yes
[12/01/2024 01:39:01 0000021c] BlockRiskware = No
[12/01/2024 01:39:01 0000021c] BlockHacktools = No
[12/01/2024 01:39:01 0000021c] BlockJokes = No
[12/01/2024 01:39:01 0000021c] BlockSuspicious = Yes
[12/01/2024 01:39:01 0000021c] BlockNotChecked = No
[12/01/2024 01:39:01 0000021c] BlockMalformed = No
[12/01/2024 01:39:01 0000021c] ProxyPort = 0
[12/01/2024 01:39:01 0000021c] ChainProxyAddr = ""
[12/01/2024 01:39:01 0000021c] ChainProxyPort = 0
[12/01/2024 01:39:01 0000021c] QueryDNSWhenProxy = Yes
[12/01/2024 01:39:01 0000021c] UrlFilter = No
[12/01/2024 01:39:01 0000021c] BlockSites = No
[12/01/2024 01:39:01 0000021c] SafeSearch = Yes
[12/01/2024 01:39:01 0000021c] ProfileEnabled = Yes
[12/01/2024 01:39:01 0000021c] OfficeControl = No
[12/01/2024 01:39:01 0000021c] LngFileName = "ru-drweb.dwl"
[12/01/2024 01:39:01 0000021c] ParentalControlInstalled = Yes
[12/01/2024 01:39:01 0000021c] ActionInfected = 1
[12/01/2024 01:39:01 0000021c] ActionIncurable = 2
[12/01/2024 01:39:01 0000021c] ActionSuspicious = 2
[12/01/2024 01:39:01 0000021c] ActionNotChecked = 8
[12/01/2024 01:39:01 0000021c] ActionMalformed = 8
[12/01/2024 01:39:01 0000021c] ActionAdware = 2
[12/01/2024 01:39:01 0000021c] ActionDialers = 2
[12/01/2024 01:39:01 0000021c] ActionRiskware = 8
[12/01/2024 01:39:01 0000021c] ActionHacktools = 8
[12/01/2024 01:39:01 0000021c] ActionJokes = 8
[12/01/2024 01:39:01 0000021c] HeuristicAnalysis = Yes
[12/01/2024 01:39:01 0000021c] VirusActivityControl = Yes
[12/01/2024 01:39:01 0000021c] CheckArchivesMail = No
[12/01/2024 01:39:01 0000021c] CheckContainersMail = No
[12/01/2024 01:39:01 0000021c] InsertXAntiVirus = Yes
[12/01/2024 01:39:01 0000021c] DeleteMessagesOnServer = No
[12/01/2024 01:39:01 0000021c] MessageScanTimeout = 250
[12/01/2024 01:39:01 0000021c] MaxFileSizeToExtract = 30720
[12/01/2024 01:39:01 0000021c] MaxCompressionRatio = 0
[12/01/2024 01:39:01 0000021c] MaxArchiveLevel = 64
[12/01/2024 01:39:01 0000021c] CheckSpam = Yes
[12/01/2024 01:39:01 0000021c] SpamAllowCyrillic = Yes
[12/01/2024 01:39:01 0000021c] SpamAllowCJK = Yes
[12/01/2024 01:39:01 0000021c] AddSpamSubj = Yes
[12/01/2024 01:39:01 0000021c] SpamSubj = "[SPAM]"
[12/01/2024 01:39:01 0000021c] SSL = No
[12/01/2024 01:39:01 0000021c] CertificateSubject = "0 Dr.Web for Windows"
[12/01/2024 01:39:01 0000021c] CertificateHash = ""
[12/01/2024 01:39:01 0000021c] UseProfiles = Yes
[12/01/2024 01:39:01 0000021c] Parental Control profiles = 0
[12/01/2024 01:39:01 0000021c]     SID = ""
[12/01/2024 01:39:01 0000021c]         UrlFilter = No
[12/01/2024 01:39:01 0000021c]         BlockSites = No
[12/01/2024 01:39:01 0000021c]         SafeSearch = Yes
[12/01/2024 01:39:01 0000021c]         ProfileEnabled = Yes
[12/01/2024 01:39:01 0000021c]         \settings\ParentalControl\BlockPorno = Yes
[12/01/2024 01:39:01 0000021c]         \settings\ParentalControl\BlockViolence = Yes
[12/01/2024 01:39:01 0000021c]         \settings\ParentalControl\BlockWeapon = Yes
[12/01/2024 01:39:01 0000021c]         \settings\ParentalControl\BlockGamble = Yes
[12/01/2024 01:39:01 0000021c]         \settings\ParentalControl\BlockDrugs = Yes
[12/01/2024 01:39:01 0000021c]         \settings\ParentalControl\BlockObscenity = Yes
[12/01/2024 01:39:01 0000021c]         \settings\ParentalControl\BlockChats = No
[12/01/2024 01:39:01 0000021c]         \settings\ParentalControl\BlockTerrorism = Yes
[12/01/2024 01:39:01 0000021c]         \settings\ParentalControl\BlockE_Mail = No
[12/01/2024 01:39:01 0000021c]         \settings\ParentalControl\BlockSocialNetwork = No
[12/01/2024 01:39:01 0000021c]         \settings\ParentalControl\BlockOnlineGames = No
[12/01/2024 01:39:01 0000021c]         \settings\ParentalControl\BlockAnonymizers = No
[12/01/2024 01:39:01 0000021c]         \settings\ParentalControl\BlockMiners = No
[12/01/2024 01:39:01 0000021c]         ProfileAccessMode = 0
[12/01/2024 01:39:01 0000021c]         InternetAccess[sun] = "111111111111111111111111111111111111111111111111"
[12/01/2024 01:39:01 0000021c]         InternetAccess[mon] = "111111111111111111111111111111111111111111111111"
[12/01/2024 01:39:01 0000021c]         InternetAccess[tue] = "111111111111111111111111111111111111111111111111"
[12/01/2024 01:39:01 0000021c]         InternetAccess[wed] = "111111111111111111111111111111111111111111111111"
[12/01/2024 01:39:01 0000021c]         InternetAccess[thu] = "111111111111111111111111111111111111111111111111"
[12/01/2024 01:39:01 0000021c]         InternetAccess[fri] = "111111111111111111111111111111111111111111111111"
[12/01/2024 01:39:01 0000021c]         InternetAccess[sat] = "111111111111111111111111111111111111111111111111"
[12/01/2024 01:39:01 0000021c]         LogonAccess[sun] = "111111111111111111111111111111111111111111111111"
[12/01/2024 01:39:01 0000021c]         LogonAccess[mon] = "111111111111111111111111111111111111111111111111"
[12/01/2024 01:39:01 0000021c]         LogonAccess[tue] = "111111111111111111111111111111111111111111111111"
[12/01/2024 01:39:01 0000021c]         LogonAccess[wed] = "111111111111111111111111111111111111111111111111"
[12/01/2024 01:39:01 0000021c]         LogonAccess[thu] = "111111111111111111111111111111111111111111111111"
[12/01/2024 01:39:01 0000021c]         LogonAccess[fri] = "111111111111111111111111111111111111111111111111"
[12/01/2024 01:39:01 0000021c]         LogonAccess[sat] = "111111111111111111111111111111111111111111111111"
[12/01/2024 01:39:01 0000021c]         DayLimitWorkdays.enabled = No
[12/01/2024 01:39:01 0000021c]         DayLimitWorkdays.limit = 10800
[12/01/2024 01:39:01 0000021c]         DayLimitWeekend.enabled = No
[12/01/2024 01:39:01 0000021c]         DayLimitWeekend.limit = 10800
[12/01/2024 01:39:01 0000021c]         NightLimitWorkdays.enabled = No
[12/01/2024 01:39:01 0000021c]         NightLimitWorkdays.start = 82800
[12/01/2024 01:39:01 0000021c]         NightLimitWorkdays.end = 25200
[12/01/2024 01:39:01 0000021c]         NightLimitWeekend.enabled = No
[12/01/2024 01:39:01 0000021c]         NightLimitWeekend.start = 82800
[12/01/2024 01:39:01 0000021c]         NightLimitWeekend.end = 25200
[12/01/2024 01:39:01 0000021c] UseCloud = No
[12/01/2024 01:39:01 0000021c] SpiderMail is enabled, license ok
[12/01/2024 01:39:01 0000021c] SpiderGate is enabled, license ok
[12/01/2024 01:39:01 0000021c] ParentalControl is enabled
[12/01/2024 01:39:01 0000021c] Antispam license ok
[12/01/2024 01:39:01 00000260] Loading the predefined URL-filter lists from C:\ProgramData\Doctor Web\DWS\
[12/01/2024 01:39:01 00000260] <DEBUG:1> trying url filter base file: C:\ProgramData\Doctor Web\DWS\dwfanonym00.dws
[12/01/2024 01:39:01 00000260] <DEBUG:1> TIMER: file C:\ProgramData\Doctor Web\DWS\dwfanonym00.dws time 0 ms
[12/01/2024 01:39:01 00000260] Url filter ignored (file name = dwfanonym00.dws, type=anonymizer, timestamp=2020-07-07 15:45:23)
[12/01/2024 01:39:01 00000260] <DEBUG:1> trying url filter base file: C:\ProgramData\Doctor Web\DWS\dwfcht00.dws
[12/01/2024 01:39:01 00000260] <DEBUG:1> TIMER: file C:\ProgramData\Doctor Web\DWS\dwfcht00.dws time 0 ms
[12/01/2024 01:39:01 00000260] Url filter ignored (file name = dwfcht00.dws, type=chats, timestamp=2020-11-23 13:00:08)
[12/01/2024 01:39:01 00000260] <DEBUG:1> trying url filter base file: C:\ProgramData\Doctor Web\DWS\dwfdrg00.dws
[12/01/2024 01:39:01 00000260] <DEBUG:1> TIMER: file C:\ProgramData\Doctor Web\DWS\dwfdrg00.dws time 0 ms
[12/01/2024 01:39:01 00000260] Url filter ignored (file name = dwfdrg00.dws, type=drugs, timestamp=2020-11-29 10:30:30)
[12/01/2024 01:39:01 00000260] <DEBUG:1> trying url filter base file: C:\ProgramData\Doctor Web\DWS\dwfeml00.dws
[12/01/2024 01:39:01 00000260] <DEBUG:1> TIMER: file C:\ProgramData\Doctor Web\DWS\dwfeml00.dws time 0 ms
[12/01/2024 01:39:01 00000260] Url filter ignored (file name = dwfeml00.dws, type=e-mail, timestamp=2018-11-29 07:02:12)
[12/01/2024 01:39:01 00000260] <DEBUG:1> trying url filter base file: C:\ProgramData\Doctor Web\DWS\dwffse00.dws
[12/01/2024 01:39:01 00000260] <DEBUG:1> TIMER: file C:\ProgramData\Doctor Web\DWS\dwffse00.dws time 0 ms
[12/01/2024 01:39:01 00000260] Url filter loaded (file name = dwffse00.dws, type=social_engineering, timestamp=2019-11-24 19:30:31)
[12/01/2024 01:39:01 00000260] <DEBUG:1> trying url filter base file: C:\ProgramData\Doctor Web\DWS\dwffse01.dws
[12/01/2024 01:39:01 00000260] <DEBUG:1> TIMER: file C:\ProgramData\Doctor Web\DWS\dwffse01.dws time 0 ms
[12/01/2024 01:39:01 00000260] Url filter loaded (file name = dwffse01.dws, type=social_engineering, timestamp=2020-10-18 14:49:43)
[12/01/2024 01:39:01 00000260] <DEBUG:1> trying url filter base file: C:\ProgramData\Doctor Web\DWS\dwffse02.dws
[12/01/2024 01:39:01 00000260] <DEBUG:1> TIMER: file C:\ProgramData\Doctor Web\DWS\dwffse02.dws time 0 ms
[12/01/2024 01:39:01 00000260] Url filter loaded (file name = dwffse02.dws, type=social_engineering, timestamp=2019-11-19 17:45:10)
[12/01/2024 01:39:01 00000260] <DEBUG:1> trying url filter base file: C:\ProgramData\Doctor Web\DWS\dwffse03.dws
[12/01/2024 01:39:01 00000260] <DEBUG:1> TIMER: file C:\ProgramData\Doctor Web\DWS\dwffse03.dws time 0 ms
[12/01/2024 01:39:01 00000260] Url filter loaded (file name = dwffse03.dws, type=social_engineering, timestamp=2019-11-19 17:45:20)
[12/01/2024 01:39:01 00000260] <DEBUG:1> trying url filter base file: C:\ProgramData\Doctor Web\DWS\dwffse04.dws
[12/01/2024 01:39:01 00000260] <DEBUG:1> TIMER: file C:\ProgramData\Doctor Web\DWS\dwffse04.dws time 0 ms
[12/01/2024 01:39:01 00000260] Url filter loaded (file name = dwffse04.dws, type=social_engineering, timestamp=2019-11-19 15:15:52)
[12/01/2024 01:39:01 00000260] <DEBUG:1> trying url filter base file: C:\ProgramData\Doctor Web\DWS\dwffse05.dws
[12/01/2024 01:39:01 00000260] <DEBUG:1> TIMER: file C:\ProgramData\Doctor Web\DWS\dwffse05.dws time 0 ms
[12/01/2024 01:39:01 00000260] Url filter loaded (file name = dwffse05.dws, type=social_engineering, timestamp=2020-09-12 17:00:31)
[12/01/2024 01:39:01 00000260] <DEBUG:1> trying url filter base file: C:\ProgramData\Doctor Web\DWS\dwffse06.dws
[12/01/2024 01:39:01 00000260] <DEBUG:1> TIMER: file C:\ProgramData\Doctor Web\DWS\dwffse06.dws time 0 ms
[12/01/2024 01:39:01 00000260] Url filter loaded (file name = dwffse06.dws, type=social_engineering, timestamp=2020-09-21 15:15:35)
[12/01/2024 01:39:01 00000260] <DEBUG:1> trying url filter base file: C:\ProgramData\Doctor Web\DWS\dwffse07.dws
[12/01/2024 01:39:01 00000260] <DEBUG:1> TIMER: file C:\ProgramData\Doctor Web\DWS\dwffse07.dws time 0 ms
[12/01/2024 01:39:01 00000260] Url filter loaded (file name = dwffse07.dws, type=social_engineering, timestamp=2020-07-07 10:00:35)
[12/01/2024 01:39:01 00000260] <DEBUG:1> trying url filter base file: C:\ProgramData\Doctor Web\DWS\dwffse08.dws
[12/01/2024 01:39:01 00000260] <DEBUG:1> TIMER: file C:\ProgramData\Doctor Web\DWS\dwffse08.dws time 0 ms
[12/01/2024 01:39:01 00000260] Url filter loaded (file name = dwffse08.dws, type=social_engineering, timestamp=2020-09-19 10:15:37)
[12/01/2024 01:39:01 00000260] <DEBUG:1> trying url filter base file: C:\ProgramData\Doctor Web\DWS\dwffse09.dws
[12/01/2024 01:39:01 00000260] <DEBUG:1> TIMER: file C:\ProgramData\Doctor Web\DWS\dwffse09.dws time 0 ms
[12/01/2024 01:39:01 00000260] Url filter loaded (file name = dwffse09.dws, type=social_engineering, timestamp=2020-11-25 13:00:23)
[12/01/2024 01:39:01 00000260] <DEBUG:1> trying url filter base file: C:\ProgramData\Doctor Web\DWS\dwffse_addon.dws
[12/01/2024 01:39:01 00000260] <DEBUG:1> TIMER: file C:\ProgramData\Doctor Web\DWS\dwffse_addon.dws time 0 ms
[12/01/2024 01:39:01 00000260] Url filter loaded (file name = dwffse_addon.dws, type=social_engineering, timestamp=2021-00-04 09:15:04)
[12/01/2024 01:39:01 00000260] <DEBUG:1> trying url filter base file: C:\ProgramData\Doctor Web\DWS\dwfgml00.dws
[12/01/2024 01:39:01 00000260] <DEBUG:1> TIMER: file C:\ProgramData\Doctor Web\DWS\dwfgml00.dws time 0 ms
[12/01/2024 01:39:01 00000260] Url filter ignored (file name = dwfgml00.dws, type=gamble, timestamp=2019-11-22 03:45:37)
[12/01/2024 01:39:01 00000260] <DEBUG:1> trying url filter base file: C:\ProgramData\Doctor Web\DWS\dwfgml01.dws
[12/01/2024 01:39:01 00000260] <DEBUG:1> TIMER: file C:\ProgramData\Doctor Web\DWS\dwfgml01.dws time 0 ms
[12/01/2024 01:39:01 00000260] Url filter ignored (file name = dwfgml01.dws, type=gamble, timestamp=2019-11-21 15:00:08)
[12/01/2024 01:39:01 00000260] <DEBUG:1> trying url filter base file: C:\ProgramData\Doctor Web\DWS\dwfgml02.dws
[12/01/2024 01:39:01 00000260] <DEBUG:1> TIMER: file C:\ProgramData\Doctor Web\DWS\dwfgml02.dws time 0 ms
[12/01/2024 01:39:01 00000260] Url filter ignored (file name = dwfgml02.dws, type=gamble, timestamp=2019-11-20 17:45:14)
[12/01/2024 01:39:01 00000260] <DEBUG:1> trying url filter base file: C:\ProgramData\Doctor Web\DWS\dwfgml03.dws
[12/01/2024 01:39:01 00000260] <DEBUG:1> TIMER: file C:\ProgramData\Doctor Web\DWS\dwfgml03.dws time 0 ms
[12/01/2024 01:39:01 00000260] Url filter ignored (file name = dwfgml03.dws, type=gamble, timestamp=2019-11-21 09:01:41)
[12/01/2024 01:39:01 00000260] <DEBUG:1> trying url filter base file: C:\ProgramData\Doctor Web\DWS\dwfgml04.dws
[12/01/2024 01:39:01 00000260] <DEBUG:1> TIMER: file C:\ProgramData\Doctor Web\DWS\dwfgml04.dws time 0 ms
[12/01/2024 01:39:01 00000260] Url filter ignored (file name = dwfgml04.dws, type=gamble, timestamp=2019-11-21 09:00:36)
[12/01/2024 01:39:01 00000260] <DEBUG:1> trying url filter base file: C:\ProgramData\Doctor Web\DWS\dwfgml05.dws
[12/01/2024 01:39:01 00000260] <DEBUG:1> TIMER: file C:\ProgramData\Doctor Web\DWS\dwfgml05.dws time 0 ms
[12/01/2024 01:39:01 00000260] Url filter ignored (file name = dwfgml05.dws, type=gamble, timestamp=2019-11-21 09:01:26)
[12/01/2024 01:39:01 00000260] <DEBUG:1> trying url filter base file: C:\ProgramData\Doctor Web\DWS\dwfgml06.dws
[12/01/2024 01:39:01 00000260] <DEBUG:1> TIMER: file C:\ProgramData\Doctor Web\DWS\dwfgml06.dws time 0 ms
[12/01/2024 01:39:01 00000260] Url filter ignored (file name = dwfgml06.dws, type=gamble, timestamp=2019-11-21 09:01:11)
[12/01/2024 01:39:01 00000260] <DEBUG:1> trying url filter base file: C:\ProgramData\Doctor Web\DWS\dwfgml07.dws
[12/01/2024 01:39:01 00000260] <DEBUG:1> TIMER: file C:\ProgramData\Doctor Web\DWS\dwfgml07.dws time 0 ms
[12/01/2024 01:39:01 00000260] Url filter ignored (file name = dwfgml07.dws, type=gamble, timestamp=2019-11-21 14:45:40)
[12/01/2024 01:39:01 00000260] <DEBUG:1> trying url filter base file: C:\ProgramData\Doctor Web\DWS\dwfgml08.dws
[12/01/2024 01:39:01 00000260] <DEBUG:1> TIMER: file C:\ProgramData\Doctor Web\DWS\dwfgml08.dws time 0 ms
[12/01/2024 01:39:01 00000260] Url filter ignored (file name = dwfgml08.dws, type=gamble, timestamp=2019-11-21 14:45:58)
[12/01/2024 01:39:01 00000260] <DEBUG:1> trying url filter base file: C:\ProgramData\Doctor Web\DWS\dwfgml09.dws
[12/01/2024 01:39:01 00000260] <DEBUG:1> TIMER: file C:\ProgramData\Doctor Web\DWS\dwfgml09.dws time 0 ms
[12/01/2024 01:39:01 00000260] Url filter ignored (file name = dwfgml09.dws, type=gamble, timestamp=2019-11-21 14:45:51)
[12/01/2024 01:39:01 00000260] <DEBUG:1> trying url filter base file: C:\ProgramData\Doctor Web\DWS\dwfgml10.dws
[12/01/2024 01:39:01 00000260] <DEBUG:1> TIMER: file C:\ProgramData\Doctor Web\DWS\dwfgml10.dws time 0 ms
[12/01/2024 01:39:01 00000260] Url filter ignored (file name = dwfgml10.dws, type=gamble, timestamp=2019-11-21 14:45:28)
[12/01/2024 01:39:01 00000260] <DEBUG:1> trying url filter base file: C:\ProgramData\Doctor Web\DWS\dwfgml11.dws
[12/01/2024 01:39:01 00000260] <DEBUG:1> TIMER: file C:\ProgramData\Doctor Web\DWS\dwfgml11.dws time 0 ms
[12/01/2024 01:39:01 00000260] Url filter ignored (file name = dwfgml11.dws, type=gamble, timestamp=2019-11-21 20:30:30)
[12/01/2024 01:39:01 00000260] <DEBUG:1> trying url filter base file: C:\ProgramData\Doctor Web\DWS\dwfgml12.dws
[12/01/2024 01:39:01 00000260] <DEBUG:1> TIMER: file C:\ProgramData\Doctor Web\DWS\dwfgml12.dws time 0 ms
[12/01/2024 01:39:01 00000260] Url filter ignored (file name = dwfgml12.dws, type=gamble, timestamp=2019-11-21 20:30:34)
[12/01/2024 01:39:01 00000260] <DEBUG:1> trying url filter base file: C:\ProgramData\Doctor Web\DWS\dwfgml13.dws
[12/01/2024 01:39:01 00000260] <DEBUG:1> TIMER: file C:\ProgramData\Doctor Web\DWS\dwfgml13.dws time 0 ms
[12/01/2024 01:39:01 00000260] Url filter ignored (file name = dwfgml13.dws, type=gamble, timestamp=2019-11-21 20:30:19)
[12/01/2024 01:39:01 00000260] <DEBUG:1> trying url filter base file: C:\ProgramData\Doctor Web\DWS\dwfgml14.dws
[12/01/2024 01:39:01 00000260] <DEBUG:1> TIMER: file C:\ProgramData\Doctor Web\DWS\dwfgml14.dws time 0 ms
[12/01/2024 01:39:01 00000260] Url filter ignored (file name = dwfgml14.dws, type=gamble, timestamp=2019-11-22 03:45:20)
[12/01/2024 01:39:01 00000260] <DEBUG:1> trying url filter base file: C:\ProgramData\Doctor Web\DWS\dwfgml15.dws
[12/01/2024 01:39:01 00000260] <DEBUG:1> TIMER: file C:\ProgramData\Doctor Web\DWS\dwfgml15.dws time 0 ms
[12/01/2024 01:39:01 00000260] Url filter ignored (file name = dwfgml15.dws, type=gamble, timestamp=2019-11-22 03:45:13)
[12/01/2024 01:39:01 00000260] <DEBUG:1> trying url filter base file: C:\ProgramData\Doctor Web\DWS\dwfgml16.dws
[12/01/2024 01:39:01 00000260] <DEBUG:1> TIMER: file C:\ProgramData\Doctor Web\DWS\dwfgml16.dws time 0 ms
[12/01/2024 01:39:01 00000260] Url filter ignored (file name = dwfgml16.dws, type=gamble, timestamp=2019-11-22 14:31:54)
[12/01/2024 01:39:01 00000260] <DEBUG:1> trying url filter base file: C:\ProgramData\Doctor Web\DWS\dwfgml17.dws
[12/01/2024 01:39:01 00000260] <DEBUG:1> TIMER: file C:\ProgramData\Doctor Web\DWS\dwfgml17.dws time 0 ms
[12/01/2024 01:39:01 00000260] Url filter ignored (file name = dwfgml17.dws, type=gamble, timestamp=2019-11-22 14:31:13)
[12/01/2024 01:39:01 00000260] <DEBUG:1> trying url filter base file: C:\ProgramData\Doctor Web\DWS\dwfgml18.dws
[12/01/2024 01:39:01 00000260] <DEBUG:1> TIMER: file C:\ProgramData\Doctor Web\DWS\dwfgml18.dws time 0 ms
[12/01/2024 01:39:01 00000260] Url filter ignored (file name = dwfgml18.dws, type=gamble, timestamp=2019-11-23 12:15:38)
[12/01/2024 01:39:01 00000260] <DEBUG:1> trying url filter base file: C:\ProgramData\Doctor Web\DWS\dwfgml19.dws
[12/01/2024 01:39:01 00000260] <DEBUG:1> TIMER: file C:\ProgramData\Doctor Web\DWS\dwfgml19.dws time 0 ms
[12/01/2024 01:39:01 00000260] Url filter ignored (file name = dwfgml19.dws, type=gamble, timestamp=2020-11-30 14:45:25)
[12/01/2024 01:39:01 00000260] <DEBUG:1> trying url filter base file: C:\ProgramData\Doctor Web\DWS\dwfminers00.dws
[12/01/2024 01:39:01 00000260] <DEBUG:1> TIMER: file C:\ProgramData\Doctor Web\DWS\dwfminers00.dws time 0 ms
[12/01/2024 01:39:01 00000260] Url filter ignored (file name = dwfminers00.dws, type=miners, timestamp=2020-11-07 11:15:03)
[12/01/2024 01:39:01 00000260] <DEBUG:1> trying url filter base file: C:\ProgramData\Doctor Web\DWS\dwfmlw00.dws
[12/01/2024 01:39:01 00000260] <DEBUG:1> TIMER: file C:\ProgramData\Doctor Web\DWS\dwfmlw00.dws time 0 ms
[12/01/2024 01:39:01 00000260] Url filter loaded (file name = dwfmlw00.dws, type=malware, timestamp=2019-10-07 19:56:25)
[12/01/2024 01:39:01 00000260] <DEBUG:1> trying url filter base file: C:\ProgramData\Doctor Web\DWS\dwfmlw01.dws
[12/01/2024 01:39:01 00000260] <DEBUG:1> TIMER: file C:\ProgramData\Doctor Web\DWS\dwfmlw01.dws time 0 ms
[12/01/2024 01:39:01 00000260] Url filter loaded (file name = dwfmlw01.dws, type=malware, timestamp=2019-11-16 16:46:19)
[12/01/2024 01:39:01 00000260] <DEBUG:1> trying url filter base file: C:\ProgramData\Doctor Web\DWS\dwfmlw02.dws
[12/01/2024 01:39:01 00000260] <DEBUG:1> TIMER: file C:\ProgramData\Doctor Web\DWS\dwfmlw02.dws time 0 ms
[12/01/2024 01:39:01 00000260] Url filter loaded (file name = dwfmlw02.dws, type=malware, timestamp=2019-11-17 12:31:13)
[12/01/2024 01:39:01 00000260] <DEBUG:1> trying url filter base file: C:\ProgramData\Doctor Web\DWS\dwfmlw03.dws
[12/01/2024 01:39:01 00000260] <DEBUG:1> TIMER: file C:\ProgramData\Doctor Web\DWS\dwfmlw03.dws time 0 ms
[12/01/2024 01:39:01 00000260] Url filter loaded (file name = dwfmlw03.dws, type=malware, timestamp=2019-11-18 13:01:39)
[12/01/2024 01:39:01 00000260] <DEBUG:1> trying url filter base file: C:\ProgramData\Doctor Web\DWS\dwfmlw04.dws
[12/01/2024 01:39:01 00000260] <DEBUG:1> TIMER: file C:\ProgramData\Doctor Web\DWS\dwfmlw04.dws time 0 ms
[12/01/2024 01:39:01 00000260] Url filter loaded (file name = dwfmlw04.dws, type=malware, timestamp=2019-11-18 18:30:20)
[12/01/2024 01:39:01 00000260] <DEBUG:1> trying url filter base file: C:\ProgramData\Doctor Web\DWS\dwfmlw05.dws
[12/01/2024 01:39:01 00000260] <DEBUG:1> TIMER: file C:\ProgramData\Doctor Web\DWS\dwfmlw05.dws time 0 ms
[12/01/2024 01:39:01 00000260] Url filter loaded (file name = dwfmlw05.dws, type=malware, timestamp=2020-11-12 00:45:16)
[12/01/2024 01:39:01 00000260] <DEBUG:1> trying url filter base file: C:\ProgramData\Doctor Web\DWS\dwfmlw06.dws
[12/01/2024 01:39:01 00000260] <DEBUG:1> TIMER: file C:\ProgramData\Doctor Web\DWS\dwfmlw06.dws time 0 ms
[12/01/2024 01:39:01 00000260] Url filter loaded (file name = dwfmlw06.dws, type=malware, timestamp=2019-11-13 15:45:59)
[12/01/2024 01:39:01 00000260] <DEBUG:1> trying url filter base file: C:\ProgramData\Doctor Web\DWS\dwfmlw07.dws
[12/01/2024 01:39:01 00000260] <DEBUG:1> TIMER: file C:\ProgramData\Doctor Web\DWS\dwfmlw07.dws time 0 ms
[12/01/2024 01:39:01 00000260] Url filter loaded (file name = dwfmlw07.dws, type=malware, timestamp=2019-11-16 12:45:36)
[12/01/2024 01:39:01 00000260] <DEBUG:1> trying url filter base file: C:\ProgramData\Doctor Web\DWS\dwfmlw08.dws
[12/01/2024 01:39:01 00000260] <DEBUG:1> TIMER: file C:\ProgramData\Doctor Web\DWS\dwfmlw08.dws time 0 ms
[12/01/2024 01:39:01 00000260] Url filter loaded (file name = dwfmlw08.dws, type=malware, timestamp=2019-11-18 01:15:36)
[12/01/2024 01:39:01 00000260] <DEBUG:1> trying url filter base file: C:\ProgramData\Doctor Web\DWS\dwfmlw09.dws
[12/01/2024 01:39:01 00000260] <DEBUG:1> TIMER: file C:\ProgramData\Doctor Web\DWS\dwfmlw09.dws time 0 ms
[12/01/2024 01:39:01 00000260] Url filter loaded (file name = dwfmlw09.dws, type=malware, timestamp=2019-11-19 00:30:54)
[12/01/2024 01:39:01 00000260] <DEBUG:1> trying url filter base file: C:\ProgramData\Doctor Web\DWS\dwfmlw10.dws
[12/01/2024 01:39:01 00000260] <DEBUG:1> TIMER: file C:\ProgramData\Doctor Web\DWS\dwfmlw10.dws time 0 ms
[12/01/2024 01:39:01 00000260] Url filter loaded (file name = dwfmlw10.dws, type=malware, timestamp=2020-05-26 09:15:33)
[12/01/2024 01:39:01 00000260] <DEBUG:1> trying url filter base file: C:\ProgramData\Doctor Web\DWS\dwfmlw11.dws
[12/01/2024 01:39:01 00000260] <DEBUG:1> TIMER: file C:\ProgramData\Doctor Web\DWS\dwfmlw11.dws time 0 ms
[12/01/2024 01:39:01 00000260] Url filter loaded (file name = dwfmlw11.dws, type=malware, timestamp=2020-10-10 16:15:21)
[12/01/2024 01:39:01 00000260] <DEBUG:1> trying url filter base file: C:\ProgramData\Doctor Web\DWS\dwfmlw_addon.dws
[12/01/2024 01:39:01 00000260] <DEBUG:1> TIMER: file C:\ProgramData\Doctor Web\DWS\dwfmlw_addon.dws time 0 ms
[12/01/2024 01:39:01 00000260] Url filter loaded (file name = dwfmlw_addon.dws, type=malware, timestamp=2021-00-06 06:30:18)
[12/01/2024 01:39:01 00000260] <DEBUG:1> trying url filter base file: C:\ProgramData\Doctor Web\DWS\dwfobs00.dws
[12/01/2024 01:39:01 00000260] <DEBUG:1> TIMER: file C:\ProgramData\Doctor Web\DWS\dwfobs00.dws time 0 ms
[12/01/2024 01:39:01 00000260] Url filter ignored (file name = dwfobs00.dws, type=obscenity, timestamp=2018-09-02 13:30:06)
[12/01/2024 01:39:01 00000260] <DEBUG:1> trying url filter base file: C:\ProgramData\Doctor Web\DWS\dwfogm00.dws
[12/01/2024 01:39:01 00000260] <DEBUG:1> TIMER: file C:\ProgramData\Doctor Web\DWS\dwfogm00.dws time 0 ms
[12/01/2024 01:39:01 00000260] Url filter ignored (file name = dwfogm00.dws, type=online_games, timestamp=2020-10-27 19:30:06)
[12/01/2024 01:39:01 00000260] <DEBUG:1> trying url filter base file: C:\ProgramData\Doctor Web\DWS\dwfprc00.dws
[12/01/2024 01:39:01 00000260] <DEBUG:1> TIMER: file C:\ProgramData\Doctor Web\DWS\dwfprc00.dws time 0 ms
[12/01/2024 01:39:01 00000260] Url filter loaded (file name = dwfprc00.dws, type=piracy, timestamp=2020-09-28 11:00:05)
[12/01/2024 01:39:01 00000260] <DEBUG:1> trying url filter base file: C:\ProgramData\Doctor Web\DWS\dwfprn00.dws
[12/01/2024 01:39:01 00000260] <DEBUG:1> TIMER: file C:\ProgramData\Doctor Web\DWS\dwfprn00.dws time 0 ms
[12/01/2024 01:39:01 00000260] Url filter ignored (file name = dwfprn00.dws, type=porno, timestamp=2019-10-12 19:05:37)
[12/01/2024 01:39:01 00000260] <DEBUG:1> trying url filter base file: C:\ProgramData\Doctor Web\DWS\dwfprn01.dws
[12/01/2024 01:39:01 00000260] <DEBUG:1> TIMER: file C:\ProgramData\Doctor Web\DWS\dwfprn01.dws time 0 ms
[12/01/2024 01:39:01 00000260] Url filter ignored (file name = dwfprn01.dws, type=porno, timestamp=2019-10-12 13:16:54)
[12/01/2024 01:39:01 00000260] <DEBUG:1> trying url filter base file: C:\ProgramData\Doctor Web\DWS\dwfprn02.dws
[12/01/2024 01:39:01 00000260] <DEBUG:1> TIMER: file C:\ProgramData\Doctor Web\DWS\dwfprn02.dws time 0 ms
[12/01/2024 01:39:01 00000260] Url filter ignored (file name = dwfprn02.dws, type=porno, timestamp=2019-10-10 00:02:26)
[12/01/2024 01:39:01 00000260] <DEBUG:1> trying url filter base file: C:\ProgramData\Doctor Web\DWS\dwfprn03.dws
[12/01/2024 01:39:01 00000260] <DEBUG:1> TIMER: file C:\ProgramData\Doctor Web\DWS\dwfprn03.dws time 0 ms
[12/01/2024 01:39:01 00000260] Url filter ignored (file name = dwfprn03.dws, type=porno, timestamp=2019-10-10 03:47:29)
[12/01/2024 01:39:01 00000260] <DEBUG:1> trying url filter base file: C:\ProgramData\Doctor Web\DWS\dwfprn04.dws
[12/01/2024 01:39:01 00000260] <DEBUG:1> TIMER: file C:\ProgramData\Doctor Web\DWS\dwfprn04.dws time 0 ms
[12/01/2024 01:39:01 00000260] Url filter ignored (file name = dwfprn04.dws, type=porno, timestamp=2019-10-08 01:30:56)
[12/01/2024 01:39:01 00000260] <DEBUG:1> trying url filter base file: C:\ProgramData\Doctor Web\DWS\dwfprn05.dws
[12/01/2024 01:39:01 00000260] <DEBUG:1> TIMER: file C:\ProgramData\Doctor Web\DWS\dwfprn05.dws time 0 ms
[12/01/2024 01:39:01 00000260] Url filter ignored (file name = dwfprn05.dws, type=porno, timestamp=2019-10-08 01:15:19)
[12/01/2024 01:39:01 00000260] <DEBUG:1> trying url filter base file: C:\ProgramData\Doctor Web\DWS\dwfprn06.dws
[12/01/2024 01:39:01 00000260] <DEBUG:1> TIMER: file C:\ProgramData\Doctor Web\DWS\dwfprn06.dws time 0 ms
[12/01/2024 01:39:01 00000260] Url filter ignored (file name = dwfprn06.dws, type=porno, timestamp=2019-10-10 03:46:57)
[12/01/2024 01:39:01 00000260] <DEBUG:1> trying url filter base file: C:\ProgramData\Doctor Web\DWS\dwfprn07.dws
[12/01/2024 01:39:01 00000260] <DEBUG:1> TIMER: file C:\ProgramData\Doctor Web\DWS\dwfprn07.dws time 0 ms
[12/01/2024 01:39:01 00000260] Url filter ignored (file name = dwfprn07.dws, type=porno, timestamp=2019-10-27 12:48:17)
[12/01/2024 01:39:01 00000260] <DEBUG:1> trying url filter base file: C:\ProgramData\Doctor Web\DWS\dwfprn08.dws
[12/01/2024 01:39:01 00000260] <DEBUG:1> TIMER: file C:\ProgramData\Doctor Web\DWS\dwfprn08.dws time 0 ms
[12/01/2024 01:39:01 00000260] Url filter ignored (file name = dwfprn08.dws, type=porno, timestamp=2019-10-27 12:47:03)
[12/01/2024 01:39:01 00000260] <DEBUG:1> trying url filter base file: C:\ProgramData\Doctor Web\DWS\dwfprn09.dws
[12/01/2024 01:39:01 00000260] <DEBUG:1> TIMER: file C:\ProgramData\Doctor Web\DWS\dwfprn09.dws time 0 ms
[12/01/2024 01:39:01 00000260] Url filter ignored (file name = dwfprn09.dws, type=porno, timestamp=2019-10-27 12:46:01)
[12/01/2024 01:39:01 00000260] <DEBUG:1> trying url filter base file: C:\ProgramData\Doctor Web\DWS\dwfprn10.dws
[12/01/2024 01:39:01 00000260] <DEBUG:1> TIMER: file C:\ProgramData\Doctor Web\DWS\dwfprn10.dws time 0 ms
[12/01/2024 01:39:01 00000260] Url filter ignored (file name = dwfprn10.dws, type=porno, timestamp=2019-10-11 03:00:50)
[12/01/2024 01:39:01 00000260] <DEBUG:1> trying url filter base file: C:\ProgramData\Doctor Web\DWS\dwfprn11.dws
[12/01/2024 01:39:01 00000260] <DEBUG:1> TIMER: file C:\ProgramData\Doctor Web\DWS\dwfprn11.dws time 0 ms
[12/01/2024 01:39:01 00000260] Url filter ignored (file name = dwfprn11.dws, type=porno, timestamp=2019-10-10 00:00:51)
[12/01/2024 01:39:01 00000260] <DEBUG:1> trying url filter base file: C:\ProgramData\Doctor Web\DWS\dwfprn12.dws
[12/01/2024 01:39:01 00000260] <DEBUG:1> TIMER: file C:\ProgramData\Doctor Web\DWS\dwfprn12.dws time 0 ms
[12/01/2024 01:39:01 00000260] Url filter ignored (file name = dwfprn12.dws, type=porno, timestamp=2019-10-08 17:00:32)
[12/01/2024 01:39:01 00000260] <DEBUG:1> trying url filter base file: C:\ProgramData\Doctor Web\DWS\dwfprn13.dws
[12/01/2024 01:39:01 00000260] <DEBUG:1> TIMER: file C:\ProgramData\Doctor Web\DWS\dwfprn13.dws time 0 ms
[12/01/2024 01:39:01 00000260] Url filter ignored (file name = dwfprn13.dws, type=porno, timestamp=2019-10-10 03:45:11)
[12/01/2024 01:39:01 00000260] <DEBUG:1> trying url filter base file: C:\ProgramData\Doctor Web\DWS\dwfprn14.dws
[12/01/2024 01:39:01 00000260] <DEBUG:1> TIMER: file C:\ProgramData\Doctor Web\DWS\dwfprn14.dws time 0 ms
[12/01/2024 01:39:01 00000260] Url filter ignored (file name = dwfprn14.dws, type=porno, timestamp=2019-10-09 01:00:37)
[12/01/2024 01:39:01 00000260] <DEBUG:1> trying url filter base file: C:\ProgramData\Doctor Web\DWS\dwfprn15.dws
[12/01/2024 01:39:01 00000260] <DEBUG:1> TIMER: file C:\ProgramData\Doctor Web\DWS\dwfprn15.dws time 0 ms
[12/01/2024 01:39:01 00000260] Url filter ignored (file name = dwfprn15.dws, type=porno, timestamp=2019-10-10 03:46:16)
[12/01/2024 01:39:01 00000260] <DEBUG:1> trying url filter base file: C:\ProgramData\Doctor Web\DWS\dwfprn16.dws
[12/01/2024 01:39:01 00000260] <DEBUG:1> TIMER: file C:\ProgramData\Doctor Web\DWS\dwfprn16.dws time 0 ms
[12/01/2024 01:39:01 00000260] Url filter ignored (file name = dwfprn16.dws, type=porno, timestamp=2019-10-11 03:01:27)
[12/01/2024 01:39:01 00000260] <DEBUG:1> trying url filter base file: C:\ProgramData\Doctor Web\DWS\dwfprn17.dws
[12/01/2024 01:39:01 00000260] <DEBUG:1> TIMER: file C:\ProgramData\Doctor Web\DWS\dwfprn17.dws time 0 ms
[12/01/2024 01:39:01 00000260] Url filter ignored (file name = dwfprn17.dws, type=porno, timestamp=2019-10-11 03:01:53)
[12/01/2024 01:39:01 00000260] <DEBUG:1> trying url filter base file: C:\ProgramData\Doctor Web\DWS\dwfprn18.dws
[12/01/2024 01:39:01 00000260] <DEBUG:1> TIMER: file C:\ProgramData\Doctor Web\DWS\dwfprn18.dws time 0 ms
[12/01/2024 01:39:01 00000260] Url filter ignored (file name = dwfprn18.dws, type=porno, timestamp=2019-10-10 03:45:53)
[12/01/2024 01:39:01 00000260] <DEBUG:1> trying url filter base file: C:\ProgramData\Doctor Web\DWS\dwfprn19.dws
[12/01/2024 01:39:01 00000260] <DEBUG:1> TIMER: file C:\ProgramData\Doctor Web\DWS\dwfprn19.dws time 0 ms
[12/01/2024 01:39:01 00000260] Url filter ignored (file name = dwfprn19.dws, type=porno, timestamp=2019-11-04 09:46:16)
[12/01/2024 01:39:01 00000260] <DEBUG:1> trying url filter base file: C:\ProgramData\Doctor Web\DWS\dwfprn20.dws
[12/01/2024 01:39:01 00000260] <DEBUG:1> TIMER: file C:\ProgramData\Doctor Web\DWS\dwfprn20.dws time 0 ms
[12/01/2024 01:39:01 00000260] Url filter ignored (file name = dwfprn20.dws, type=porno, timestamp=2020-03-22 13:30:29)
[12/01/2024 01:39:01 00000260] <DEBUG:1> trying url filter base file: C:\ProgramData\Doctor Web\DWS\dwfprn21.dws
[12/01/2024 01:39:01 00000260] <DEBUG:1> TIMER: file C:\ProgramData\Doctor Web\DWS\dwfprn21.dws time 0 ms
[12/01/2024 01:39:01 00000260] Url filter ignored (file name = dwfprn21.dws, type=porno, timestamp=2020-08-09 13:15:52)
[12/01/2024 01:39:01 00000260] <DEBUG:1> trying url filter base file: C:\ProgramData\Doctor Web\DWS\dwfprn22.dws
[12/01/2024 01:39:01 00000260] <DEBUG:1> TIMER: file C:\ProgramData\Doctor Web\DWS\dwfprn22.dws time 0 ms
[12/01/2024 01:39:01 00000260] Url filter ignored (file name = dwfprn22.dws, type=porno, timestamp=2020-11-28 12:15:25)
[12/01/2024 01:39:01 00000260] <DEBUG:1> trying url filter base file: C:\ProgramData\Doctor Web\DWS\dwfprn_addon.dws
[12/01/2024 01:39:01 00000260] <DEBUG:1> TIMER: file C:\ProgramData\Doctor Web\DWS\dwfprn_addon.dws time 0 ms
[12/01/2024 01:39:01 00000260] Url filter ignored (file name = dwfprn_addon.dws, type=porno, timestamp=2021-00-05 09:45:03)
[12/01/2024 01:39:01 00000260] <DEBUG:1> trying url filter base file: C:\ProgramData\Doctor Web\DWS\dwfscl00.dws
[12/01/2024 01:39:01 00000260] <DEBUG:1> TIMER: file C:\ProgramData\Doctor Web\DWS\dwfscl00.dws time 0 ms
[12/01/2024 01:39:01 00000260] Url filter ignored (file name = dwfscl00.dws, type=socialnetwork, timestamp=2019-11-23 16:30:23)
[12/01/2024 01:39:01 00000260] <DEBUG:1> trying url filter base file: C:\ProgramData\Doctor Web\DWS\dwfscl01.dws
[12/01/2024 01:39:01 00000260] <DEBUG:1> TIMER: file C:\ProgramData\Doctor Web\DWS\dwfscl01.dws time 0 ms
[12/01/2024 01:39:01 00000260] Url filter ignored (file name = dwfscl01.dws, type=socialnetwork, timestamp=2019-11-23 17:45:23)
[12/01/2024 01:39:01 00000260] <DEBUG:1> trying url filter base file: C:\ProgramData\Doctor Web\DWS\dwfscl02.dws
[12/01/2024 01:39:01 00000260] <DEBUG:1> TIMER: file C:\ProgramData\Doctor Web\DWS\dwfscl02.dws time 0 ms
[12/01/2024 01:39:01 00000260] Url filter ignored (file name = dwfscl02.dws, type=socialnetwork, timestamp=2019-11-23 17:45:28)
[12/01/2024 01:39:01 00000260] <DEBUG:1> trying url filter base file: C:\ProgramData\Doctor Web\DWS\dwfscl03.dws
[12/01/2024 01:39:01 00000260] <DEBUG:1> TIMER: file C:\ProgramData\Doctor Web\DWS\dwfscl03.dws time 0 ms
[12/01/2024 01:39:01 00000260] Url filter ignored (file name = dwfscl03.dws, type=socialnetwork, timestamp=2019-11-23 17:45:33)
[12/01/2024 01:39:01 00000260] <DEBUG:1> trying url filter base file: C:\ProgramData\Doctor Web\DWS\dwfscl04.dws
[12/01/2024 01:39:01 00000260] <DEBUG:1> TIMER: file C:\ProgramData\Doctor Web\DWS\dwfscl04.dws time 0 ms
[12/01/2024 01:39:01 00000260] Url filter ignored (file name = dwfscl04.dws, type=socialnetwork, timestamp=2019-11-23 17:45:16)
[12/01/2024 01:39:01 00000260] <DEBUG:1> trying url filter base file: C:\ProgramData\Doctor Web\DWS\dwfscl05.dws
[12/01/2024 01:39:01 00000260] <DEBUG:1> TIMER: file C:\ProgramData\Doctor Web\DWS\dwfscl05.dws time 0 ms
[12/01/2024 01:39:01 00000260] Url filter ignored (file name = dwfscl05.dws, type=socialnetwork, timestamp=2019-11-24 01:45:24)
[12/01/2024 01:39:01 00000260] <DEBUG:1> trying url filter base file: C:\ProgramData\Doctor Web\DWS\dwfscl06.dws
[12/01/2024 01:39:01 00000260] <DEBUG:1> TIMER: file C:\ProgramData\Doctor Web\DWS\dwfscl06.dws time 0 ms
[12/01/2024 01:39:01 00000260] Url filter ignored (file name = dwfscl06.dws, type=socialnetwork, timestamp=2019-11-24 01:45:33)
[12/01/2024 01:39:01 00000260] <DEBUG:1> trying url filter base file: C:\ProgramData\Doctor Web\DWS\dwfscl07.dws
[12/01/2024 01:39:01 00000260] <DEBUG:1> TIMER: file C:\ProgramData\Doctor Web\DWS\dwfscl07.dws time 0 ms
[12/01/2024 01:39:01 00000260] Url filter ignored (file name = dwfscl07.dws, type=socialnetwork, timestamp=2019-11-24 01:45:18)
[12/01/2024 01:39:01 00000260] <DEBUG:1> trying url filter base file: C:\ProgramData\Doctor Web\DWS\dwfscl08.dws
[12/01/2024 01:39:01 00000260] <DEBUG:1> TIMER: file C:\ProgramData\Doctor Web\DWS\dwfscl08.dws time 0 ms
[12/01/2024 01:39:01 00000260] Url filter ignored (file name = dwfscl08.dws, type=socialnetwork, timestamp=2019-11-24 01:45:41)
[12/01/2024 01:39:01 00000260] <DEBUG:1> trying url filter base file: C:\ProgramData\Doctor Web\DWS\dwfscl09.dws
[12/01/2024 01:39:01 00000260] <DEBUG:1> TIMER: file C:\ProgramData\Doctor Web\DWS\dwfscl09.dws time 0 ms
[12/01/2024 01:39:01 00000260] Url filter ignored (file name = dwfscl09.dws, type=socialnetwork, timestamp=2019-11-24 01:45:27)
[12/01/2024 01:39:01 00000260] <DEBUG:1> trying url filter base file: C:\ProgramData\Doctor Web\DWS\dwfscl10.dws
[12/01/2024 01:39:01 00000260] <DEBUG:1> TIMER: file C:\ProgramData\Doctor Web\DWS\dwfscl10.dws time 0 ms
[12/01/2024 01:39:01 00000260] Url filter ignored (file name = dwfscl10.dws, type=socialnetwork, timestamp=2019-11-24 01:45:51)
[12/01/2024 01:39:01 00000260] <DEBUG:1> trying url filter base file: C:\ProgramData\Doctor Web\DWS\dwfscl11.dws
[12/01/2024 01:39:01 00000260] <DEBUG:1> TIMER: file C:\ProgramData\Doctor Web\DWS\dwfscl11.dws time 0 ms
[12/01/2024 01:39:01 00000260] Url filter ignored (file name = dwfscl11.dws, type=socialnetwork, timestamp=2019-11-24 12:15:16)
[12/01/2024 01:39:01 00000260] <DEBUG:1> trying url filter base file: C:\ProgramData\Doctor Web\DWS\dwfscl12.dws
[12/01/2024 01:39:01 00000260] <DEBUG:1> TIMER: file C:\ProgramData\Doctor Web\DWS\dwfscl12.dws time 0 ms
[12/01/2024 01:39:01 00000260] Url filter ignored (file name = dwfscl12.dws, type=socialnetwork, timestamp=2019-11-24 12:15:23)
[12/01/2024 01:39:01 00000260] <DEBUG:1> trying url filter base file: C:\ProgramData\Doctor Web\DWS\dwfscl13.dws
[12/01/2024 01:39:01 00000260] <DEBUG:1> TIMER: file C:\ProgramData\Doctor Web\DWS\dwfscl13.dws time 0 ms
[12/01/2024 01:39:01 00000260] Url filter ignored (file name = dwfscl13.dws, type=socialnetwork, timestamp=2019-11-24 18:15:39)
[12/01/2024 01:39:01 00000260] <DEBUG:1> trying url filter base file: C:\ProgramData\Doctor Web\DWS\dwfscl14.dws
[12/01/2024 01:39:01 00000260] <DEBUG:1> TIMER: file C:\ProgramData\Doctor Web\DWS\dwfscl14.dws time 0 ms
[12/01/2024 01:39:01 00000260] Url filter ignored (file name = dwfscl14.dws, type=socialnetwork, timestamp=2019-11-24 19:15:36)
[12/01/2024 01:39:01 00000260] <DEBUG:1> trying url filter base file: C:\ProgramData\Doctor Web\DWS\dwfscl15.dws
[12/01/2024 01:39:01 00000260] <DEBUG:1> TIMER: file C:\ProgramData\Doctor Web\DWS\dwfscl15.dws time 0 ms
[12/01/2024 01:39:01 00000260] Url filter ignored (file name = dwfscl15.dws, type=socialnetwork, timestamp=2021-00-05 09:15:05)
[12/01/2024 01:39:01 00000260] <DEBUG:1> trying url filter base file: C:\ProgramData\Doctor Web\DWS\dwfter00.dws
[12/01/2024 01:39:01 00000260] <DEBUG:1> TIMER: file C:\ProgramData\Doctor Web\DWS\dwfter00.dws time 0 ms
[12/01/2024 01:39:01 00000260] Url filter ignored (file name = dwfter00.dws, type=terrorism, timestamp=2019-04-20 17:15:14)
[12/01/2024 01:39:01 00000260] <DEBUG:1> trying url filter base file: C:\ProgramData\Doctor Web\DWS\dwfvln00.dws
[12/01/2024 01:39:01 00000260] <DEBUG:1> TIMER: file C:\ProgramData\Doctor Web\DWS\dwfvln00.dws time 0 ms
[12/01/2024 01:39:01 00000260] Url filter ignored (file name = dwfvln00.dws, type=violence, timestamp=2011-11-01 09:31:02)
[12/01/2024 01:39:01 00000260] <DEBUG:1> trying url filter base file: C:\ProgramData\Doctor Web\DWS\dwfvln01.dws
[12/01/2024 01:39:01 00000260] <DEBUG:1> TIMER: file C:\ProgramData\Doctor Web\DWS\dwfvln01.dws time 0 ms
[12/01/2024 01:39:01 00000260] Url filter ignored (file name = dwfvln01.dws, type=violence, timestamp=2020-09-26 16:15:04)
[12/01/2024 01:39:01 00000260] <DEBUG:1> trying url filter base file: C:\ProgramData\Doctor Web\DWS\dwfwpn00.dws
[12/01/2024 01:39:01 00000260] <DEBUG:1> TIMER: file C:\ProgramData\Doctor Web\DWS\dwfwpn00.dws time 0 ms
[12/01/2024 01:39:01 00000260] Url filter ignored (file name = dwfwpn00.dws, type=weapon, timestamp=2020-09-26 16:15:05)
[12/01/2024 01:39:01 00000260] <DEBUG:1> trying url filter base file: C:\ProgramData\Doctor Web\DWS\white_dwfanonym.dws
[12/01/2024 01:39:01 00000260] <DEBUG:1> TIMER: file C:\ProgramData\Doctor Web\DWS\white_dwfanonym.dws time 0 ms
[12/01/2024 01:39:01 00000260] Url filter ignored (file name = white_dwfanonym.dws, type=whitelist_anonymizer, timestamp=2019-03-22 18:15:06)
[12/01/2024 01:39:01 00000260] <DEBUG:1> trying url filter base file: C:\ProgramData\Doctor Web\DWS\white_dwfcht.dws
[12/01/2024 01:39:01 00000260] <DEBUG:1> TIMER: file C:\ProgramData\Doctor Web\DWS\white_dwfcht.dws time 0 ms
[12/01/2024 01:39:01 00000260] Url filter ignored (file name = white_dwfcht.dws, type=whitelist_chats, timestamp=2019-03-22 18:15:06)
[12/01/2024 01:39:01 00000260] <DEBUG:1> trying url filter base file: C:\ProgramData\Doctor Web\DWS\white_dwfdrg.dws
[12/01/2024 01:39:01 00000260] <DEBUG:1> TIMER: file C:\ProgramData\Doctor Web\DWS\white_dwfdrg.dws time 0 ms
[12/01/2024 01:39:01 00000260] Url filter ignored (file name = white_dwfdrg.dws, type=whitelist_drugs, timestamp=2020-07-04 07:15:14)
[12/01/2024 01:39:01 00000260] <DEBUG:1> trying url filter base file: C:\ProgramData\Doctor Web\DWS\white_dwfeml.dws
[12/01/2024 01:39:01 00000260] <DEBUG:1> TIMER: file C:\ProgramData\Doctor Web\DWS\white_dwfeml.dws time 0 ms
[12/01/2024 01:39:01 00000260] Url filter ignored (file name = white_dwfeml.dws, type=whitelist_e-mail, timestamp=2019-03-22 18:15:06)
[12/01/2024 01:39:01 00000260] <DEBUG:1> trying url filter base file: C:\ProgramData\Doctor Web\DWS\white_dwffse.dws
[12/01/2024 01:39:01 00000260] <DEBUG:1> TIMER: file C:\ProgramData\Doctor Web\DWS\white_dwffse.dws time 0 ms
[12/01/2024 01:39:01 00000260] Url exclude filter loaded (file name = white_dwffse.dws, type=whitelist_social_engineering, timestamp=2021-00-06 07:00:59)
[12/01/2024 01:39:01 00000260] <DEBUG:1> trying url filter base file: C:\ProgramData\Doctor Web\DWS\white_dwfgml.dws
[12/01/2024 01:39:01 00000260] <DEBUG:1> TIMER: file C:\ProgramData\Doctor Web\DWS\white_dwfgml.dws time 0 ms
[12/01/2024 01:39:01 00000260] Url filter ignored (file name = white_dwfgml.dws, type=whitelist_gamble, timestamp=2020-11-22 10:00:14)
[12/01/2024 01:39:01 00000260] <DEBUG:1> trying url filter base file: C:\ProgramData\Doctor Web\DWS\white_dwfminers.dws
[12/01/2024 01:39:01 00000260] <DEBUG:1> TIMER: file C:\ProgramData\Doctor Web\DWS\white_dwfminers.dws time 0 ms
[12/01/2024 01:39:01 00000260] Url filter ignored (file name = white_dwfminers.dws, type=whitelist_miners, timestamp=2018-04-31 07:00:08)
[12/01/2024 01:39:01 00000260] <DEBUG:1> trying url filter base file: C:\ProgramData\Doctor Web\DWS\white_dwfmlw.dws
[12/01/2024 01:39:01 00000260] <DEBUG:1> TIMER: file C:\ProgramData\Doctor Web\DWS\white_dwfmlw.dws time 0 ms
[12/01/2024 01:39:01 00000260] Url exclude filter loaded (file name = white_dwfmlw.dws, type=whitelist_malware, timestamp=2021-00-05 07:30:52)
[12/01/2024 01:39:01 00000260] <DEBUG:1> trying url filter base file: C:\ProgramData\Doctor Web\DWS\white_dwfobs.dws
[12/01/2024 01:39:01 00000260] <DEBUG:1> TIMER: file C:\ProgramData\Doctor Web\DWS\white_dwfobs.dws time 0 ms
[12/01/2024 01:39:01 00000260] Url filter ignored (file name = white_dwfobs.dws, type=whitelist_obscenity, timestamp=2019-03-22 18:15:06)
[12/01/2024 01:39:01 00000260] <DEBUG:1> trying url filter base file: C:\ProgramData\Doctor Web\DWS\white_dwfogm.dws
[12/01/2024 01:39:01 00000260] <DEBUG:1> TIMER: file C:\ProgramData\Doctor Web\DWS\white_dwfogm.dws time 0 ms
[12/01/2024 01:39:01 00000260] Url filter ignored (file name = white_dwfogm.dws, type=whitelist_online_games, timestamp=2019-03-22 18:15:06)
[12/01/2024 01:39:01 00000260] <DEBUG:1> trying url filter base file: C:\ProgramData\Doctor Web\DWS\white_dwfprc.dws
[12/01/2024 01:39:01 00000260] <DEBUG:1> TIMER: file C:\ProgramData\Doctor Web\DWS\white_dwfprc.dws time 0 ms
[12/01/2024 01:39:01 00000260] Url exclude filter loaded (file name = white_dwfprc.dws, type=whitelist_piracy, timestamp=2020-09-29 07:45:21)
[12/01/2024 01:39:01 00000260] <DEBUG:1> trying url filter base file: C:\ProgramData\Doctor Web\DWS\white_dwfprn.dws
[12/01/2024 01:39:01 00000260] <DEBUG:1> TIMER: file C:\ProgramData\Doctor Web\DWS\white_dwfprn.dws time 0 ms
[12/01/2024 01:39:01 00000260] Url filter ignored (file name = white_dwfprn.dws, type=whitelist_porno, timestamp=2020-11-29 07:00:03)
[12/01/2024 01:39:01 00000260] <DEBUG:1> trying url filter base file: C:\ProgramData\Doctor Web\DWS\white_dwfscl.dws
[12/01/2024 01:39:01 00000260] <DEBUG:1> TIMER: file C:\ProgramData\Doctor Web\DWS\white_dwfscl.dws time 0 ms
[12/01/2024 01:39:01 00000260] Url filter ignored (file name = white_dwfscl.dws, type=whitelist_socialnetwork, timestamp=2020-09-25 08:00:04)
[12/01/2024 01:39:01 00000260] <DEBUG:1> trying url filter base file: C:\ProgramData\Doctor Web\DWS\white_dwfter.dws
[12/01/2024 01:39:01 00000260] <DEBUG:1> TIMER: file C:\ProgramData\Doctor Web\DWS\white_dwfter.dws time 0 ms
[12/01/2024 01:39:01 00000260] Url filter ignored (file name = white_dwfter.dws, type=whitelist_terrorism, timestamp=2019-03-22 18:15:06)
[12/01/2024 01:39:01 00000260] <DEBUG:1> trying url filter base file: C:\ProgramData\Doctor Web\DWS\white_dwfvln.dws
[12/01/2024 01:39:01 00000260] <DEBUG:1> TIMER: file C:\ProgramData\Doctor Web\DWS\white_dwfvln.dws time 0 ms
[12/01/2024 01:39:01 00000260] Url filter ignored (file name = white_dwfvln.dws, type=whitelist_violence, timestamp=2019-03-22 18:15:06)
[12/01/2024 01:39:01 00000260] <DEBUG:1> trying url filter base file: C:\ProgramData\Doctor Web\DWS\white_dwfwpn.dws
[12/01/2024 01:39:01 00000260] <DEBUG:1> TIMER: file C:\ProgramData\Doctor Web\DWS\white_dwfwpn.dws time 0 ms
[12/01/2024 01:39:01 00000260] Url filter ignored (file name = white_dwfwpn.dws, type=whitelist_weapon, timestamp=2020-04-29 07:15:04)
[12/01/2024 01:39:01 00000260] <DEBUG:1> TIMER: total 13 ms loading 6 ms
[12/01/2024 01:55:32 00000170] Service shutdown received
[12/01/2024 01:55:32 0000021c] <DEBUG:1> Managed shutdown started.
[12/01/2024 01:55:32 0000021c] <DEBUG:1> Closing driver accept threads...
[12/01/2024 01:55:32 0000021c] <DEBUG:1> Closing connections...
[12/01/2024 01:55:32 0000021c] <DEBUG:1> Detaching config...
[12/01/2024 01:55:32 0000021c] <DEBUG:1> Reporting service as stopped...
[12/01/2024 01:55:32 0000021c] <DEBUG:1> Managed shutdown completed. Global objects are to be destroyed.

=============================================================================
DrWeb Net Filtering Service for Windows Workstations v11.5.4.02210
Copyright (c) Doctor Web, Ltd., 1992-2020
Operating System: Windows 10 Starter x64/native (Build 19045)
Command line: "C:\Program Files\DrWeb\dwnetfilter.exe" --ats
=============================================================================
[12/01/2024 03:03:53 00001840] Service: new standalone
[12/01/2024 03:03:53 00001838] WFP driver i0.0 v11.1.10.09130
[12/01/2024 03:03:53 00001838] WFP server created
[12/01/2024 03:03:53 00001838] <DEBUG:1> Config update 00000019 00000047
[12/01/2024 03:03:53 00001838] LogLevelMail = 1
[12/01/2024 03:03:53 00001838] LogLevelHttp = 1
[12/01/2024 03:03:53 00001838] CheckIncoming = Yes
[12/01/2024 03:03:53 00001838] CheckOutgoing = No
[12/01/2024 03:03:53 00001838] CheckArchives = No
[12/01/2024 03:03:53 00001838] CheckContainners = No
[12/01/2024 03:03:53 00001838] CheckIM = Yes
[12/01/2024 03:03:53 00001838] SpeedBalance = 125
[12/01/2024 03:03:53 00001838] BlockMalwareUrls = Yes
[12/01/2024 03:03:53 00001838] BlockScamAndFraud = Yes
[12/01/2024 03:03:53 00001838] BlockPiracy = Yes
[12/01/2024 03:03:53 00001838] BlockAdware = Yes
[12/01/2024 03:03:53 00001838] BlockDialers = Yes
[12/01/2024 03:03:53 00001838] BlockRiskware = No
[12/01/2024 03:03:53 00001838] BlockHacktools = No
[12/01/2024 03:03:53 00001838] BlockJokes = No
[12/01/2024 03:03:53 00001838] BlockSuspicious = Yes
[12/01/2024 03:03:53 00001838] BlockNotChecked = No
[12/01/2024 03:03:53 00001838] BlockMalformed = No
[12/01/2024 03:03:53 00001838] ProxyPort = 0
[12/01/2024 03:03:53 00001838] ChainProxyAddr = ""
[12/01/2024 03:03:53 00001838] ChainProxyPort = 0
[12/01/2024 03:03:53 00001838] QueryDNSWhenProxy = Yes
[12/01/2024 03:03:53 00001838] UrlFilter = No
[12/01/2024 03:03:53 00001838] BlockSites = No
[12/01/2024 03:03:53 00001838] SafeSearch = Yes
[12/01/2024 03:03:53 00001838] ProfileEnabled = Yes
[12/01/2024 03:03:53 00001838] OfficeControl = No
[12/01/2024 03:03:53 00001838] LngFileName = "ru-drweb.dwl"
[12/01/2024 03:03:53 00001838] ParentalControlInstalled = Yes
[12/01/2024 03:03:53 00001838] ActionInfected = 1
[12/01/2024 03:03:53 00001838] ActionIncurable = 2
[12/01/2024 03:03:53 00001838] ActionSuspicious = 2
[12/01/2024 03:03:53 00001838] ActionNotChecked = 8
[12/01/2024 03:03:53 00001838] ActionMalformed = 8
[12/01/2024 03:03:53 00001838] ActionAdware = 2
[12/01/2024 03:03:53 00001838] ActionDialers = 2
[12/01/2024 03:03:53 00001838] ActionRiskware = 8
[12/01/2024 03:03:53 00001838] ActionHacktools = 8
[12/01/2024 03:03:53 00001838] ActionJokes = 8
[12/01/2024 03:03:53 00001838] HeuristicAnalysis = Yes
[12/01/2024 03:03:53 00001838] VirusActivityControl = Yes
[12/01/2024 03:03:53 00001838] CheckArchivesMail = No
[12/01/2024 03:03:53 00001838] CheckContainersMail = No
[12/01/2024 03:03:53 00001838] InsertXAntiVirus = Yes
[12/01/2024 03:03:53 00001838] DeleteMessagesOnServer = No
[12/01/2024 03:03:53 00001838] MessageScanTimeout = 250
[12/01/2024 03:03:53 00001838] MaxFileSizeToExtract = 30720
[12/01/2024 03:03:53 00001838] MaxCompressionRatio = 0
[12/01/2024 03:03:53 00001838] MaxArchiveLevel = 64
[12/01/2024 03:03:53 00001838] CheckSpam = Yes
[12/01/2024 03:03:53 00001838] SpamAllowCyrillic = Yes
[12/01/2024 03:03:53 00001838] SpamAllowCJK = Yes
[12/01/2024 03:03:53 00001838] AddSpamSubj = Yes
[12/01/2024 03:03:53 00001838] SpamSubj = "[SPAM]"
[12/01/2024 03:03:53 00001838] SSL = No
[12/01/2024 03:03:53 00001838] CertificateSubject = "0 Dr.Web for Windows"
[12/01/2024 03:03:53 00001838] CertificateHash = ""
[12/01/2024 03:03:53 00001838] UseProfiles = Yes
[12/01/2024 03:03:53 00001838] Parental Control profiles = 0
[12/01/2024 03:03:53 00001838]     SID = ""
[12/01/2024 03:03:53 00001838]         UrlFilter = No
[12/01/2024 03:03:53 00001838]         BlockSites = No
[12/01/2024 03:03:53 00001838]         SafeSearch = Yes
[12/01/2024 03:03:53 00001838]         ProfileEnabled = Yes
[12/01/2024 03:03:53 00001838]         \settings\ParentalControl\BlockPorno = Yes
[12/01/2024 03:03:53 00001838]         \settings\ParentalControl\BlockViolence = Yes
[12/01/2024 03:03:53 00001838]         \settings\ParentalControl\BlockWeapon = Yes
[12/01/2024 03:03:53 00001838]         \settings\ParentalControl\BlockGamble = Yes
[12/01/2024 03:03:53 00001838]         \settings\ParentalControl\BlockDrugs = Yes
[12/01/2024 03:03:53 00001838]         \settings\ParentalControl\BlockObscenity = Yes
[12/01/2024 03:03:53 00001838]         \settings\ParentalControl\BlockChats = No
[12/01/2024 03:03:53 00001838]         \settings\ParentalControl\BlockTerrorism = Yes
[12/01/2024 03:03:53 00001838]         \settings\ParentalControl\BlockE_Mail = No
[12/01/2024 03:03:53 00001838]         \settings\ParentalControl\BlockSocialNetwork = No
[12/01/2024 03:03:53 00001838]         \settings\ParentalControl\BlockOnlineGames = No
[12/01/2024 03:03:53 00001838]         \settings\ParentalControl\BlockAnonymizers = No
[12/01/2024 03:03:53 00001838]         \settings\ParentalControl\BlockMiners = No
[12/01/2024 03:03:53 00001838]         ProfileAccessMode = 0
[12/01/2024 03:03:53 00001838]         InternetAccess[sun] = "111111111111111111111111111111111111111111111111"
[12/01/2024 03:03:53 00001838]         InternetAccess[mon] = "111111111111111111111111111111111111111111111111"
[12/01/2024 03:03:53 00001838]         InternetAccess[tue] = "111111111111111111111111111111111111111111111111"
[12/01/2024 03:03:53 00001838]         InternetAccess[wed] = "111111111111111111111111111111111111111111111111"
[12/01/2024 03:03:53 00001838]         InternetAccess[thu] = "111111111111111111111111111111111111111111111111"
[12/01/2024 03:03:53 00001838]         InternetAccess[fri] = "111111111111111111111111111111111111111111111111"
[12/01/2024 03:03:53 00001838]         InternetAccess[sat] = "111111111111111111111111111111111111111111111111"
[12/01/2024 03:03:53 00001838]         LogonAccess[sun] = "111111111111111111111111111111111111111111111111"
[12/01/2024 03:03:53 00001838]         LogonAccess[mon] = "111111111111111111111111111111111111111111111111"
[12/01/2024 03:03:53 00001838]         LogonAccess[tue] = "111111111111111111111111111111111111111111111111"
[12/01/2024 03:03:53 00001838]         LogonAccess[wed] = "111111111111111111111111111111111111111111111111"
[12/01/2024 03:03:53 00001838]         LogonAccess[thu] = "111111111111111111111111111111111111111111111111"
[12/01/2024 03:03:53 00001838]         LogonAccess[fri] = "111111111111111111111111111111111111111111111111"
[12/01/2024 03:03:53 00001838]         LogonAccess[sat] = "111111111111111111111111111111111111111111111111"
[12/01/2024 03:03:53 00001838]         DayLimitWorkdays.enabled = No
[12/01/2024 03:03:53 00001838]         DayLimitWorkdays.limit = 10800
[12/01/2024 03:03:53 00001838]         DayLimitWeekend.enabled = No
[12/01/2024 03:03:53 00001838]         DayLimitWeekend.limit = 10800
[12/01/2024 03:03:53 00001838]         NightLimitWorkdays.enabled = No
[12/01/2024 03:03:53 00001838]         NightLimitWorkdays.start = 82800
[12/01/2024 03:03:53 00001838]         NightLimitWorkdays.end = 25200
[12/01/2024 03:03:53 00001838]         NightLimitWeekend.enabled = No
[12/01/2024 03:03:53 00001838]         NightLimitWeekend.start = 82800
[12/01/2024 03:03:53 00001838]         NightLimitWeekend.end = 25200
[12/01/2024 03:03:53 00001838] UseCloud = No
[12/01/2024 03:03:53 00001838] SpiderMail is enabled, license ok
[12/01/2024 03:03:53 00001838] SpiderGate is enabled, license ok
[12/01/2024 03:03:53 00001838] ParentalControl is enabled
[12/01/2024 03:03:53 00001838] Antispam license ok
[12/01/2024 03:03:53 0000182c] Loading the predefined URL-filter lists from C:\ProgramData\Doctor Web\DWS\
[12/01/2024 03:03:53 0000182c] <DEBUG:1> trying url filter base file: C:\ProgramData\Doctor Web\DWS\dwfanonym00.dws
[12/01/2024 03:03:53 0000182c] <DEBUG:1> TIMER: file C:\ProgramData\Doctor Web\DWS\dwfanonym00.dws time 0 ms
[12/01/2024 03:03:53 0000182c] Url filter ignored (file name = dwfanonym00.dws, type=anonymizer, timestamp=2020-07-07 15:45:23)
[12/01/2024 03:03:53 0000182c] <DEBUG:1> trying url filter base file: C:\ProgramData\Doctor Web\DWS\dwfcht00.dws
[12/01/2024 03:03:53 0000182c] <DEBUG:1> TIMER: file C:\ProgramData\Doctor Web\DWS\dwfcht00.dws time 0 ms
[12/01/2024 03:03:53 0000182c] Url filter ignored (file name = dwfcht00.dws, type=chats, timestamp=2020-11-23 13:00:08)
[12/01/2024 03:03:53 0000182c] <DEBUG:1> trying url filter base file: C:\ProgramData\Doctor Web\DWS\dwfdrg00.dws
[12/01/2024 03:03:53 0000182c] <DEBUG:1> TIMER: file C:\ProgramData\Doctor Web\DWS\dwfdrg00.dws time 0 ms
[12/01/2024 03:03:53 0000182c] Url filter ignored (file name = dwfdrg00.dws, type=drugs, timestamp=2020-11-29 10:30:30)
[12/01/2024 03:03:53 0000182c] <DEBUG:1> trying url filter base file: C:\ProgramData\Doctor Web\DWS\dwfeml00.dws
[12/01/2024 03:03:53 0000182c] <DEBUG:1> TIMER: file C:\ProgramData\Doctor Web\DWS\dwfeml00.dws time 0 ms
[12/01/2024 03:03:53 0000182c] Url filter ignored (file name = dwfeml00.dws, type=e-mail, timestamp=2018-11-29 07:02:12)
[12/01/2024 03:03:53 0000182c] <DEBUG:1> trying url filter base file: C:\ProgramData\Doctor Web\DWS\dwffse00.dws
[12/01/2024 03:03:53 0000182c] <DEBUG:1> TIMER: file C:\ProgramData\Doctor Web\DWS\dwffse00.dws time 0 ms
[12/01/2024 03:03:53 0000182c] Url filter loaded (file name = dwffse00.dws, type=social_engineering, timestamp=2019-11-24 19:30:31)
[12/01/2024 03:03:53 0000182c] <DEBUG:1> trying url filter base file: C:\ProgramData\Doctor Web\DWS\dwffse01.dws
[12/01/2024 03:03:53 0000182c] <DEBUG:1> TIMER: file C:\ProgramData\Doctor Web\DWS\dwffse01.dws time 0 ms
[12/01/2024 03:03:53 0000182c] Url filter loaded (file name = dwffse01.dws, type=social_engineering, timestamp=2020-10-18 14:49:43)
[12/01/2024 03:03:53 0000182c] <DEBUG:1> trying url filter base file: C:\ProgramData\Doctor Web\DWS\dwffse02.dws
[12/01/2024 03:03:53 0000182c] <DEBUG:1> TIMER: file C:\ProgramData\Doctor Web\DWS\dwffse02.dws time 0 ms
[12/01/2024 03:03:53 0000182c] Url filter loaded (file name = dwffse02.dws, type=social_engineering, timestamp=2019-11-19 17:45:10)
[12/01/2024 03:03:53 0000182c] <DEBUG:1> trying url filter base file: C:\ProgramData\Doctor Web\DWS\dwffse03.dws
[12/01/2024 03:03:53 0000182c] <DEBUG:1> TIMER: file C:\ProgramData\Doctor Web\DWS\dwffse03.dws time 0 ms
[12/01/2024 03:03:53 0000182c] Url filter loaded (file name = dwffse03.dws, type=social_engineering, timestamp=2019-11-19 17:45:20)
[12/01/2024 03:03:53 0000182c] <DEBUG:1> trying url filter base file: C:\ProgramData\Doctor Web\DWS\dwffse04.dws
[12/01/2024 03:03:53 0000182c] <DEBUG:1> TIMER: file C:\ProgramData\Doctor Web\DWS\dwffse04.dws time 0 ms
[12/01/2024 03:03:53 0000182c] Url filter loaded (file name = dwffse04.dws, type=social_engineering, timestamp=2019-11-19 15:15:52)
[12/01/2024 03:03:53 0000182c] <DEBUG:1> trying url filter base file: C:\ProgramData\Doctor Web\DWS\dwffse05.dws
[12/01/2024 03:03:53 0000182c] <DEBUG:1> TIMER: file C:\ProgramData\Doctor Web\DWS\dwffse05.dws time 0 ms
[12/01/2024 03:03:53 0000182c] Url filter loaded (file name = dwffse05.dws, type=social_engineering, timestamp=2020-09-12 17:00:31)
[12/01/2024 03:03:53 0000182c] <DEBUG:1> trying url filter base file: C:\ProgramData\Doctor Web\DWS\dwffse06.dws
[12/01/2024 03:03:53 0000182c] <DEBUG:1> TIMER: file C:\ProgramData\Doctor Web\DWS\dwffse06.dws time 0 ms
[12/01/2024 03:03:53 0000182c] Url filter loaded (file name = dwffse06.dws, type=social_engineering, timestamp=2020-09-21 15:15:35)
[12/01/2024 03:03:53 0000182c] <DEBUG:1> trying url filter base file: C:\ProgramData\Doctor Web\DWS\dwffse07.dws
[12/01/2024 03:03:53 0000182c] <DEBUG:1> TIMER: file C:\ProgramData\Doctor Web\DWS\dwffse07.dws time 0 ms
[12/01/2024 03:03:53 0000182c] Url filter loaded (file name = dwffse07.dws, type=social_engineering, timestamp=2020-07-07 10:00:35)
[12/01/2024 03:03:53 0000182c] <DEBUG:1> trying url filter base file: C:\ProgramData\Doctor Web\DWS\dwffse08.dws
[12/01/2024 03:03:53 0000182c] <DEBUG:1> TIMER: file C:\ProgramData\Doctor Web\DWS\dwffse08.dws time 0 ms
[12/01/2024 03:03:53 0000182c] Url filter loaded (file name = dwffse08.dws, type=social_engineering, timestamp=2020-09-19 10:15:37)
[12/01/2024 03:03:53 0000182c] <DEBUG:1> trying url filter base file: C:\ProgramData\Doctor Web\DWS\dwffse09.dws
[12/01/2024 03:03:53 0000182c] <DEBUG:1> TIMER: file C:\ProgramData\Doctor Web\DWS\dwffse09.dws time 0 ms
[12/01/2024 03:03:53 0000182c] Url filter loaded (file name = dwffse09.dws, type=social_engineering, timestamp=2020-11-25 13:00:23)
[12/01/2024 03:03:53 0000182c] <DEBUG:1> trying url filter base file: C:\ProgramData\Doctor Web\DWS\dwffse_addon.dws
[12/01/2024 03:03:53 0000182c] <DEBUG:1> TIMER: file C:\ProgramData\Doctor Web\DWS\dwffse_addon.dws time 0 ms
[12/01/2024 03:03:53 0000182c] Url filter loaded (file name = dwffse_addon.dws, type=social_engineering, timestamp=2021-00-04 09:15:04)
[12/01/2024 03:03:53 0000182c] <DEBUG:1> trying url filter base file: C:\ProgramData\Doctor Web\DWS\dwfgml00.dws
[12/01/2024 03:03:53 0000182c] <DEBUG:1> TIMER: file C:\ProgramData\Doctor Web\DWS\dwfgml00.dws time 0 ms
[12/01/2024 03:03:53 0000182c] Url filter ignored (file name = dwfgml00.dws, type=gamble, timestamp=2019-11-22 03:45:37)
[12/01/2024 03:03:53 0000182c] <DEBUG:1> trying url filter base file: C:\ProgramData\Doctor Web\DWS\dwfgml01.dws
[12/01/2024 03:03:53 0000182c] <DEBUG:1> TIMER: file C:\ProgramData\Doctor Web\DWS\dwfgml01.dws time 0 ms
[12/01/2024 03:03:53 0000182c] Url filter ignored (file name = dwfgml01.dws, type=gamble, timestamp=2019-11-21 15:00:08)
[12/01/2024 03:03:53 0000182c] <DEBUG:1> trying url filter base file: C:\ProgramData\Doctor Web\DWS\dwfgml02.dws
[12/01/2024 03:03:53 0000182c] <DEBUG:1> TIMER: file C:\ProgramData\Doctor Web\DWS\dwfgml02.dws time 0 ms
[12/01/2024 03:03:53 0000182c] Url filter ignored (file name = dwfgml02.dws, type=gamble, timestamp=2019-11-20 17:45:14)
[12/01/2024 03:03:53 0000182c] <DEBUG:1> trying url filter base file: C:\ProgramData\Doctor Web\DWS\dwfgml03.dws
[12/01/2024 03:03:53 0000182c] <DEBUG:1> TIMER: file C:\ProgramData\Doctor Web\DWS\dwfgml03.dws time 0 ms
[12/01/2024 03:03:53 0000182c] Url filter ignored (file name = dwfgml03.dws, type=gamble, timestamp=2019-11-21 09:01:41)
[12/01/2024 03:03:53 0000182c] <DEBUG:1> trying url filter base file: C:\ProgramData\Doctor Web\DWS\dwfgml04.dws
[12/01/2024 03:03:53 0000182c] <DEBUG:1> TIMER: file C:\ProgramData\Doctor Web\DWS\dwfgml04.dws time 0 ms
[12/01/2024 03:03:53 0000182c] Url filter ignored (file name = dwfgml04.dws, type=gamble, timestamp=2019-11-21 09:00:36)
[12/01/2024 03:03:53 0000182c] <DEBUG:1> trying url filter base file: C:\ProgramData\Doctor Web\DWS\dwfgml05.dws
[12/01/2024 03:03:53 0000182c] <DEBUG:1> TIMER: file C:\ProgramData\Doctor Web\DWS\dwfgml05.dws time 0 ms
[12/01/2024 03:03:53 0000182c] Url filter ignored (file name = dwfgml05.dws, type=gamble, timestamp=2019-11-21 09:01:26)
[12/01/2024 03:03:53 0000182c] <DEBUG:1> trying url filter base file: C:\ProgramData\Doctor Web\DWS\dwfgml06.dws
[12/01/2024 03:03:53 0000182c] <DEBUG:1> TIMER: file C:\ProgramData\Doctor Web\DWS\dwfgml06.dws time 0 ms
[12/01/2024 03:03:53 0000182c] Url filter ignored (file name = dwfgml06.dws, type=gamble, timestamp=2019-11-21 09:01:11)
[12/01/2024 03:03:53 0000182c] <DEBUG:1> trying url filter base file: C:\ProgramData\Doctor Web\DWS\dwfgml07.dws
[12/01/2024 03:03:53 0000182c] <DEBUG:1> TIMER: file C:\ProgramData\Doctor Web\DWS\dwfgml07.dws time 0 ms
[12/01/2024 03:03:53 0000182c] Url filter ignored (file name = dwfgml07.dws, type=gamble, timestamp=2019-11-21 14:45:40)
[12/01/2024 03:03:53 0000182c] <DEBUG:1> trying url filter base file: C:\ProgramData\Doctor Web\DWS\dwfgml08.dws
[12/01/2024 03:03:53 0000182c] <DEBUG:1> TIMER: file C:\ProgramData\Doctor Web\DWS\dwfgml08.dws time 0 ms
[12/01/2024 03:03:53 0000182c] Url filter ignored (file name = dwfgml08.dws, type=gamble, timestamp=2019-11-21 14:45:58)
[12/01/2024 03:03:53 0000182c] <DEBUG:1> trying url filter base file: C:\ProgramData\Doctor Web\DWS\dwfgml09.dws
[12/01/2024 03:03:53 0000182c] <DEBUG:1> TIMER: file C:\ProgramData\Doctor Web\DWS\dwfgml09.dws time 0 ms
[12/01/2024 03:03:53 0000182c] Url filter ignored (file name = dwfgml09.dws, type=gamble, timestamp=2019-11-21 14:45:51)
[12/01/2024 03:03:53 0000182c] <DEBUG:1> trying url filter base file: C:\ProgramData\Doctor Web\DWS\dwfgml10.dws
[12/01/2024 03:03:53 0000182c] <DEBUG:1> TIMER: file C:\ProgramData\Doctor Web\DWS\dwfgml10.dws time 0 ms
[12/01/2024 03:03:53 0000182c] Url filter ignored (file name = dwfgml10.dws, type=gamble, timestamp=2019-11-21 14:45:28)
[12/01/2024 03:03:53 0000182c] <DEBUG:1> trying url filter base file: C:\ProgramData\Doctor Web\DWS\dwfgml11.dws
[12/01/2024 03:03:53 0000182c] <DEBUG:1> TIMER: file C:\ProgramData\Doctor Web\DWS\dwfgml11.dws time 0 ms
[12/01/2024 03:03:53 0000182c] Url filter ignored (file name = dwfgml11.dws, type=gamble, timestamp=2019-11-21 20:30:30)
[12/01/2024 03:03:53 0000182c] <DEBUG:1> trying url filter base file: C:\ProgramData\Doctor Web\DWS\dwfgml12.dws
[12/01/2024 03:03:53 0000182c] <DEBUG:1> TIMER: file C:\ProgramData\Doctor Web\DWS\dwfgml12.dws time 0 ms
[12/01/2024 03:03:53 0000182c] Url filter ignored (file name = dwfgml12.dws, type=gamble, timestamp=2019-11-21 20:30:34)
[12/01/2024 03:03:53 0000182c] <DEBUG:1> trying url filter base file: C:\ProgramData\Doctor Web\DWS\dwfgml13.dws
[12/01/2024 03:03:53 0000182c] <DEBUG:1> TIMER: file C:\ProgramData\Doctor Web\DWS\dwfgml13.dws time 0 ms
[12/01/2024 03:03:53 0000182c] Url filter ignored (file name = dwfgml13.dws, type=gamble, timestamp=2019-11-21 20:30:19)
[12/01/2024 03:03:53 0000182c] <DEBUG:1> trying url filter base file: C:\ProgramData\Doctor Web\DWS\dwfgml14.dws
[12/01/2024 03:03:53 0000182c] <DEBUG:1> TIMER: file C:\ProgramData\Doctor Web\DWS\dwfgml14.dws time 0 ms
[12/01/2024 03:03:53 0000182c] Url filter ignored (file name = dwfgml14.dws, type=gamble, timestamp=2019-11-22 03:45:20)
[12/01/2024 03:03:53 0000182c] <DEBUG:1> trying url filter base file: C:\ProgramData\Doctor Web\DWS\dwfgml15.dws
[12/01/2024 03:03:53 0000182c] <DEBUG:1> TIMER: file C:\ProgramData\Doctor Web\DWS\dwfgml15.dws time 0 ms
[12/01/2024 03:03:53 0000182c] Url filter ignored (file name = dwfgml15.dws, type=gamble, timestamp=2019-11-22 03:45:13)
[12/01/2024 03:03:53 0000182c] <DEBUG:1> trying url filter base file: C:\ProgramData\Doctor Web\DWS\dwfgml16.dws
[12/01/2024 03:03:53 0000182c] <DEBUG:1> TIMER: file C:\ProgramData\Doctor Web\DWS\dwfgml16.dws time 0 ms
[12/01/2024 03:03:53 0000182c] Url filter ignored (file name = dwfgml16.dws, type=gamble, timestamp=2019-11-22 14:31:54)
[12/01/2024 03:03:53 0000182c] <DEBUG:1> trying url filter base file: C:\ProgramData\Doctor Web\DWS\dwfgml17.dws
[12/01/2024 03:03:53 0000182c] <DEBUG:1> TIMER: file C:\ProgramData\Doctor Web\DWS\dwfgml17.dws time 0 ms
[12/01/2024 03:03:53 0000182c] Url filter ignored (file name = dwfgml17.dws, type=gamble, timestamp=2019-11-22 14:31:13)
[12/01/2024 03:03:53 0000182c] <DEBUG:1> trying url filter base file: C:\ProgramData\Doctor Web\DWS\dwfgml18.dws
[12/01/2024 03:03:53 0000182c] <DEBUG:1> TIMER: file C:\ProgramData\Doctor Web\DWS\dwfgml18.dws time 0 ms
[12/01/2024 03:03:53 0000182c] Url filter ignored (file name = dwfgml18.dws, type=gamble, timestamp=2019-11-23 12:15:38)
[12/01/2024 03:03:53 0000182c] <DEBUG:1> trying url filter base file: C:\ProgramData\Doctor Web\DWS\dwfgml19.dws
[12/01/2024 03:03:53 0000182c] <DEBUG:1> TIMER: file C:\ProgramData\Doctor Web\DWS\dwfgml19.dws time 0 ms
[12/01/2024 03:03:53 0000182c] Url filter ignored (file name = dwfgml19.dws, type=gamble, timestamp=2020-11-30 14:45:25)
[12/01/2024 03:03:53 0000182c] <DEBUG:1> trying url filter base file: C:\ProgramData\Doctor Web\DWS\dwfminers00.dws
[12/01/2024 03:03:53 0000182c] <DEBUG:1> TIMER: file C:\ProgramData\Doctor Web\DWS\dwfminers00.dws time 0 ms
[12/01/2024 03:03:53 0000182c] Url filter ignored (file name = dwfminers00.dws, type=miners, timestamp=2020-11-07 11:15:03)
[12/01/2024 03:03:53 0000182c] <DEBUG:1> trying url filter base file: C:\ProgramData\Doctor Web\DWS\dwfmlw00.dws
[12/01/2024 03:03:53 0000182c] <DEBUG:1> TIMER: file C:\ProgramData\Doctor Web\DWS\dwfmlw00.dws time 0 ms
[12/01/2024 03:03:53 0000182c] Url filter loaded (file name = dwfmlw00.dws, type=malware, timestamp=2019-10-07 19:56:25)
[12/01/2024 03:03:53 0000182c] <DEBUG:1> trying url filter base file: C:\ProgramData\Doctor Web\DWS\dwfmlw01.dws
[12/01/2024 03:03:53 0000182c] <DEBUG:1> TIMER: file C:\ProgramData\Doctor Web\DWS\dwfmlw01.dws time 0 ms
[12/01/2024 03:03:53 0000182c] Url filter loaded (file name = dwfmlw01.dws, type=malware, timestamp=2019-11-16 16:46:19)
[12/01/2024 03:03:53 0000182c] <DEBUG:1> trying url filter base file: C:\ProgramData\Doctor Web\DWS\dwfmlw02.dws
[12/01/2024 03:03:53 0000182c] <DEBUG:1> TIMER: file C:\ProgramData\Doctor Web\DWS\dwfmlw02.dws time 0 ms
[12/01/2024 03:03:53 0000182c] Url filter loaded (file name = dwfmlw02.dws, type=malware, timestamp=2019-11-17 12:31:13)
[12/01/2024 03:03:53 0000182c] <DEBUG:1> trying url filter base file: C:\ProgramData\Doctor Web\DWS\dwfmlw03.dws
[12/01/2024 03:03:53 0000182c] <DEBUG:1> TIMER: file C:\ProgramData\Doctor Web\DWS\dwfmlw03.dws time 0 ms
[12/01/2024 03:03:53 0000182c] Url filter loaded (file name = dwfmlw03.dws, type=malware, timestamp=2019-11-18 13:01:39)
[12/01/2024 03:03:53 0000182c] <DEBUG:1> trying url filter base file: C:\ProgramData\Doctor Web\DWS\dwfmlw04.dws
[12/01/2024 03:03:53 0000182c] <DEBUG:1> TIMER: file C:\ProgramData\Doctor Web\DWS\dwfmlw04.dws time 0 ms
[12/01/2024 03:03:53 0000182c] Url filter loaded (file name = dwfmlw04.dws, type=malware, timestamp=2019-11-18 18:30:20)
[12/01/2024 03:03:53 0000182c] <DEBUG:1> trying url filter base file: C:\ProgramData\Doctor Web\DWS\dwfmlw05.dws
[12/01/2024 03:03:53 0000182c] <DEBUG:1> TIMER: file C:\ProgramData\Doctor Web\DWS\dwfmlw05.dws time 0 ms
[12/01/2024 03:03:53 0000182c] Url filter loaded (file name = dwfmlw05.dws, type=malware, timestamp=2020-11-12 00:45:16)
[12/01/2024 03:03:53 0000182c] <DEBUG:1> trying url filter base file: C:\ProgramData\Doctor Web\DWS\dwfmlw06.dws
[12/01/2024 03:03:53 0000182c] <DEBUG:1> TIMER: file C:\ProgramData\Doctor Web\DWS\dwfmlw06.dws time 0 ms
[12/01/2024 03:03:53 0000182c] Url filter loaded (file name = dwfmlw06.dws, type=malware, timestamp=2019-11-13 15:45:59)
[12/01/2024 03:03:53 0000182c] <DEBUG:1> trying url filter base file: C:\ProgramData\Doctor Web\DWS\dwfmlw07.dws
[12/01/2024 03:03:53 0000182c] <DEBUG:1> TIMER: file C:\ProgramData\Doctor Web\DWS\dwfmlw07.dws time 0 ms
[12/01/2024 03:03:53 0000182c] Url filter loaded (file name = dwfmlw07.dws, type=malware, timestamp=2019-11-16 12:45:36)
[12/01/2024 03:03:53 0000182c] <DEBUG:1> trying url filter base file: C:\ProgramData\Doctor Web\DWS\dwfmlw08.dws
[12/01/2024 03:03:53 0000182c] <DEBUG:1> TIMER: file C:\ProgramData\Doctor Web\DWS\dwfmlw08.dws time 0 ms
[12/01/2024 03:03:53 0000182c] Url filter loaded (file name = dwfmlw08.dws, type=malware, timestamp=2019-11-18 01:15:36)
[12/01/2024 03:03:53 0000182c] <DEBUG:1> trying url filter base file: C:\ProgramData\Doctor Web\DWS\dwfmlw09.dws
[12/01/2024 03:03:53 0000182c] <DEBUG:1> TIMER: file C:\ProgramData\Doctor Web\DWS\dwfmlw09.dws time 0 ms
[12/01/2024 03:03:53 0000182c] Url filter loaded (file name = dwfmlw09.dws, type=malware, timestamp=2019-11-19 00:30:54)
[12/01/2024 03:03:53 0000182c] <DEBUG:1> trying url filter base file: C:\ProgramData\Doctor Web\DWS\dwfmlw10.dws
[12/01/2024 03:03:53 0000182c] <DEBUG:1> TIMER: file C:\ProgramData\Doctor Web\DWS\dwfmlw10.dws time 0 ms
[12/01/2024 03:03:53 0000182c] Url filter loaded (file name = dwfmlw10.dws, type=malware, timestamp=2020-05-26 09:15:33)
[12/01/2024 03:03:53 0000182c] <DEBUG:1> trying url filter base file: C:\ProgramData\Doctor Web\DWS\dwfmlw11.dws
[12/01/2024 03:03:53 0000182c] <DEBUG:1> TIMER: file C:\ProgramData\Doctor Web\DWS\dwfmlw11.dws time 0 ms
[12/01/2024 03:03:53 0000182c] Url filter loaded (file name = dwfmlw11.dws, type=malware, timestamp=2020-10-10 16:15:21)
[12/01/2024 03:03:53 0000182c] <DEBUG:1> trying url filter base file: C:\ProgramData\Doctor Web\DWS\dwfmlw_addon.dws
[12/01/2024 03:03:53 0000182c] <DEBUG:1> TIMER: file C:\ProgramData\Doctor Web\DWS\dwfmlw_addon.dws time 0 ms
[12/01/2024 03:03:53 0000182c] Url filter loaded (file name = dwfmlw_addon.dws, type=malware, timestamp=2021-00-06 06:30:18)
[12/01/2024 03:03:53 0000182c] <DEBUG:1> trying url filter base file: C:\ProgramData\Doctor Web\DWS\dwfobs00.dws
[12/01/2024 03:03:53 0000182c] <DEBUG:1> TIMER: file C:\ProgramData\Doctor Web\DWS\dwfobs00.dws time 0 ms
[12/01/2024 03:03:53 0000182c] Url filter ignored (file name = dwfobs00.dws, type=obscenity, timestamp=2018-09-02 13:30:06)
[12/01/2024 03:03:53 0000182c] <DEBUG:1> trying url filter base file: C:\ProgramData\Doctor Web\DWS\dwfogm00.dws
[12/01/2024 03:03:53 0000182c] <DEBUG:1> TIMER: file C:\ProgramData\Doctor Web\DWS\dwfogm00.dws time 0 ms
[12/01/2024 03:03:53 0000182c] Url filter ignored (file name = dwfogm00.dws, type=online_games, timestamp=2020-10-27 19:30:06)
[12/01/2024 03:03:53 0000182c] <DEBUG:1> trying url filter base file: C:\ProgramData\Doctor Web\DWS\dwfprc00.dws
[12/01/2024 03:03:53 0000182c] <DEBUG:1> TIMER: file C:\ProgramData\Doctor Web\DWS\dwfprc00.dws time 0 ms
[12/01/2024 03:03:53 0000182c] Url filter loaded (file name = dwfprc00.dws, type=piracy, timestamp=2020-09-28 11:00:05)
[12/01/2024 03:03:53 0000182c] <DEBUG:1> trying url filter base file: C:\ProgramData\Doctor Web\DWS\dwfprn00.dws
[12/01/2024 03:03:53 0000182c] <DEBUG:1> TIMER: file C:\ProgramData\Doctor Web\DWS\dwfprn00.dws time 0 ms
[12/01/2024 03:03:53 0000182c] Url filter ignored (file name = dwfprn00.dws, type=porno, timestamp=2019-10-12 19:05:37)
[12/01/2024 03:03:53 0000182c] <DEBUG:1> trying url filter base file: C:\ProgramData\Doctor Web\DWS\dwfprn01.dws
[12/01/2024 03:03:53 0000182c] <DEBUG:1> TIMER: file C:\ProgramData\Doctor Web\DWS\dwfprn01.dws time 0 ms
[12/01/2024 03:03:53 0000182c] Url filter ignored (file name = dwfprn01.dws, type=porno, timestamp=2019-10-12 13:16:54)
[12/01/2024 03:03:53 0000182c] <DEBUG:1> trying url filter base file: C:\ProgramData\Doctor Web\DWS\dwfprn02.dws
[12/01/2024 03:03:53 0000182c] <DEBUG:1> TIMER: file C:\ProgramData\Doctor Web\DWS\dwfprn02.dws time 0 ms
[12/01/2024 03:03:53 0000182c] Url filter ignored (file name = dwfprn02.dws, type=porno, timestamp=2019-10-10 00:02:26)
[12/01/2024 03:03:53 0000182c] <DEBUG:1> trying url filter base file: C:\ProgramData\Doctor Web\DWS\dwfprn03.dws
[12/01/2024 03:03:53 0000182c] <DEBUG:1> TIMER: file C:\ProgramData\Doctor Web\DWS\dwfprn03.dws time 0 ms
[12/01/2024 03:03:53 0000182c] Url filter ignored (file name = dwfprn03.dws, type=porno, timestamp=2019-10-10 03:47:29)
[12/01/2024 03:03:53 0000182c] <DEBUG:1> trying url filter base file: C:\ProgramData\Doctor Web\DWS\dwfprn04.dws
[12/01/2024 03:03:53 0000182c] <DEBUG:1> TIMER: file C:\ProgramData\Doctor Web\DWS\dwfprn04.dws time 0 ms
[12/01/2024 03:03:53 0000182c] Url filter ignored (file name = dwfprn04.dws, type=porno, timestamp=2019-10-08 01:30:56)
[12/01/2024 03:03:53 0000182c] <DEBUG:1> trying url filter base file: C:\ProgramData\Doctor Web\DWS\dwfprn05.dws
[12/01/2024 03:03:53 0000182c] <DEBUG:1> TIMER: file C:\ProgramData\Doctor Web\DWS\dwfprn05.dws time 0 ms
[12/01/2024 03:03:53 0000182c] Url filter ignored (file name = dwfprn05.dws, type=porno, timestamp=2019-10-08 01:15:19)
[12/01/2024 03:03:53 0000182c] <DEBUG:1> trying url filter base file: C:\ProgramData\Doctor Web\DWS\dwfprn06.dws
[12/01/2024 03:03:53 0000182c] <DEBUG:1> TIMER: file C:\ProgramData\Doctor Web\DWS\dwfprn06.dws time 0 ms
[12/01/2024 03:03:53 0000182c] Url filter ignored (file name = dwfprn06.dws, type=porno, timestamp=2019-10-10 03:46:57)
[12/01/2024 03:03:53 0000182c] <DEBUG:1> trying url filter base file: C:\ProgramData\Doctor Web\DWS\dwfprn07.dws
[12/01/2024 03:03:53 0000182c] <DEBUG:1> TIMER: file C:\ProgramData\Doctor Web\DWS\dwfprn07.dws time 0 ms
[12/01/2024 03:03:53 0000182c] Url filter ignored (file name = dwfprn07.dws, type=porno, timestamp=2019-10-27 12:48:17)
[12/01/2024 03:03:53 0000182c] <DEBUG:1> trying url filter base file: C:\ProgramData\Doctor Web\DWS\dwfprn08.dws
[12/01/2024 03:03:53 0000182c] <DEBUG:1> TIMER: file C:\ProgramData\Doctor Web\DWS\dwfprn08.dws time 0 ms
[12/01/2024 03:03:53 0000182c] Url filter ignored (file name = dwfprn08.dws, type=porno, timestamp=2019-10-27 12:47:03)
[12/01/2024 03:03:53 0000182c] <DEBUG:1> trying url filter base file: C:\ProgramData\Doctor Web\DWS\dwfprn09.dws
[12/01/2024 03:03:53 0000182c] <DEBUG:1> TIMER: file C:\ProgramData\Doctor Web\DWS\dwfprn09.dws time 0 ms
[12/01/2024 03:03:53 0000182c] Url filter ignored (file name = dwfprn09.dws, type=porno, timestamp=2019-10-27 12:46:01)
[12/01/2024 03:03:53 0000182c] <DEBUG:1> trying url filter base file: C:\ProgramData\Doctor Web\DWS\dwfprn10.dws
[12/01/2024 03:03:53 0000182c] <DEBUG:1> TIMER: file C:\ProgramData\Doctor Web\DWS\dwfprn10.dws time 0 ms
[12/01/2024 03:03:53 0000182c] Url filter ignored (file name = dwfprn10.dws, type=porno, timestamp=2019-10-11 03:00:50)
[12/01/2024 03:03:53 0000182c] <DEBUG:1> trying url filter base file: C:\ProgramData\Doctor Web\DWS\dwfprn11.dws
[12/01/2024 03:03:53 0000182c] <DEBUG:1> TIMER: file C:\ProgramData\Doctor Web\DWS\dwfprn11.dws time 0 ms
[12/01/2024 03:03:53 0000182c] Url filter ignored (file name = dwfprn11.dws, type=porno, timestamp=2019-10-10 00:00:51)
[12/01/2024 03:03:53 0000182c] <DEBUG:1> trying url filter base file: C:\ProgramData\Doctor Web\DWS\dwfprn12.dws
[12/01/2024 03:03:53 0000182c] <DEBUG:1> TIMER: file C:\ProgramData\Doctor Web\DWS\dwfprn12.dws time 0 ms
[12/01/2024 03:03:53 0000182c] Url filter ignored (file name = dwfprn12.dws, type=porno, timestamp=2019-10-08 17:00:32)
[12/01/2024 03:03:53 0000182c] <DEBUG:1> trying url filter base file: C:\ProgramData\Doctor Web\DWS\dwfprn13.dws
[12/01/2024 03:03:53 0000182c] <DEBUG:1> TIMER: file C:\ProgramData\Doctor Web\DWS\dwfprn13.dws time 0 ms
[12/01/2024 03:03:53 0000182c] Url filter ignored (file name = dwfprn13.dws, type=porno, timestamp=2019-10-10 03:45:11)
[12/01/2024 03:03:53 0000182c] <DEBUG:1> trying url filter base file: C:\ProgramData\Doctor Web\DWS\dwfprn14.dws
[12/01/2024 03:03:53 0000182c] <DEBUG:1> TIMER: file C:\ProgramData\Doctor Web\DWS\dwfprn14.dws time 0 ms
[12/01/2024 03:03:53 0000182c] Url filter ignored (file name = dwfprn14.dws, type=porno, timestamp=2019-10-09 01:00:37)
[12/01/2024 03:03:53 0000182c] <DEBUG:1> trying url filter base file: C:\ProgramData\Doctor Web\DWS\dwfprn15.dws
[12/01/2024 03:03:53 0000182c] <DEBUG:1> TIMER: file C:\ProgramData\Doctor Web\DWS\dwfprn15.dws time 0 ms
[12/01/2024 03:03:53 0000182c] Url filter ignored (file name = dwfprn15.dws, type=porno, timestamp=2019-10-10 03:46:16)
[12/01/2024 03:03:53 0000182c] <DEBUG:1> trying url filter base file: C:\ProgramData\Doctor Web\DWS\dwfprn16.dws
[12/01/2024 03:03:53 0000182c] <DEBUG:1> TIMER: file C:\ProgramData\Doctor Web\DWS\dwfprn16.dws time 0 ms
[12/01/2024 03:03:53 0000182c] Url filter ignored (file name = dwfprn16.dws, type=porno, timestamp=2019-10-11 03:01:27)
[12/01/2024 03:03:53 0000182c] <DEBUG:1> trying url filter base file: C:\ProgramData\Doctor Web\DWS\dwfprn17.dws
[12/01/2024 03:03:53 0000182c] <DEBUG:1> TIMER: file C:\ProgramData\Doctor Web\DWS\dwfprn17.dws time 0 ms
[12/01/2024 03:03:53 0000182c] Url filter ignored (file name = dwfprn17.dws, type=porno, timestamp=2019-10-11 03:01:53)
[12/01/2024 03:03:53 0000182c] <DEBUG:1> trying url filter base file: C:\ProgramData\Doctor Web\DWS\dwfprn18.dws
[12/01/2024 03:03:53 0000182c] <DEBUG:1> TIMER: file C:\ProgramData\Doctor Web\DWS\dwfprn18.dws time 0 ms
[12/01/2024 03:03:53 0000182c] Url filter ignored (file name = dwfprn18.dws, type=porno, timestamp=2019-10-10 03:45:53)
[12/01/2024 03:03:53 0000182c] <DEBUG:1> trying url filter base file: C:\ProgramData\Doctor Web\DWS\dwfprn19.dws
[12/01/2024 03:03:53 0000182c] <DEBUG:1> TIMER: file C:\ProgramData\Doctor Web\DWS\dwfprn19.dws time 0 ms
[12/01/2024 03:03:53 0000182c] Url filter ignored (file name = dwfprn19.dws, type=porno, timestamp=2019-11-04 09:46:16)
[12/01/2024 03:03:53 0000182c] <DEBUG:1> trying url filter base file: C:\ProgramData\Doctor Web\DWS\dwfprn20.dws
[12/01/2024 03:03:53 0000182c] <DEBUG:1> TIMER: file C:\ProgramData\Doctor Web\DWS\dwfprn20.dws time 0 ms
[12/01/2024 03:03:53 0000182c] Url filter ignored (file name = dwfprn20.dws, type=porno, timestamp=2020-03-22 13:30:29)
[12/01/2024 03:03:53 0000182c] <DEBUG:1> trying url filter base file: C:\ProgramData\Doctor Web\DWS\dwfprn21.dws
[12/01/2024 03:03:53 0000182c] <DEBUG:1> TIMER: file C:\ProgramData\Doctor Web\DWS\dwfprn21.dws time 0 ms
[12/01/2024 03:03:53 0000182c] Url filter ignored (file name = dwfprn21.dws, type=porno, timestamp=2020-08-09 13:15:52)
[12/01/2024 03:03:53 0000182c] <DEBUG:1> trying url filter base file: C:\ProgramData\Doctor Web\DWS\dwfprn22.dws
[12/01/2024 03:03:53 0000182c] <DEBUG:1> TIMER: file C:\ProgramData\Doctor Web\DWS\dwfprn22.dws time 0 ms
[12/01/2024 03:03:53 0000182c] Url filter ignored (file name = dwfprn22.dws, type=porno, timestamp=2020-11-28 12:15:25)
[12/01/2024 03:03:53 0000182c] <DEBUG:1> trying url filter base file: C:\ProgramData\Doctor Web\DWS\dwfprn_addon.dws
[12/01/2024 03:03:53 0000182c] <DEBUG:1> TIMER: file C:\ProgramData\Doctor Web\DWS\dwfprn_addon.dws time 0 ms
[12/01/2024 03:03:53 0000182c] Url filter ignored (file name = dwfprn_addon.dws, type=porno, timestamp=2021-00-05 09:45:03)
[12/01/2024 03:03:53 0000182c] <DEBUG:1> trying url filter base file: C:\ProgramData\Doctor Web\DWS\dwfscl00.dws
[12/01/2024 03:03:53 0000182c] <DEBUG:1> TIMER: file C:\ProgramData\Doctor Web\DWS\dwfscl00.dws time 0 ms
[12/01/2024 03:03:53 0000182c] Url filter ignored (file name = dwfscl00.dws, type=socialnetwork, timestamp=2019-11-23 16:30:23)
[12/01/2024 03:03:53 0000182c] <DEBUG:1> trying url filter base file: C:\ProgramData\Doctor Web\DWS\dwfscl01.dws
[12/01/2024 03:03:53 0000182c] <DEBUG:1> TIMER: file C:\ProgramData\Doctor Web\DWS\dwfscl01.dws time 0 ms
[12/01/2024 03:03:53 0000182c] Url filter ignored (file name = dwfscl01.dws, type=socialnetwork, timestamp=2019-11-23 17:45:23)
[12/01/2024 03:03:53 0000182c] <DEBUG:1> trying url filter base file: C:\ProgramData\Doctor Web\DWS\dwfscl02.dws
[12/01/2024 03:03:53 0000182c] <DEBUG:1> TIMER: file C:\ProgramData\Doctor Web\DWS\dwfscl02.dws time 0 ms
[12/01/2024 03:03:53 0000182c] Url filter ignored (file name = dwfscl02.dws, type=socialnetwork, timestamp=2019-11-23 17:45:28)
[12/01/2024 03:03:53 0000182c] <DEBUG:1> trying url filter base file: C:\ProgramData\Doctor Web\DWS\dwfscl03.dws
[12/01/2024 03:03:53 0000182c] <DEBUG:1> TIMER: file C:\ProgramData\Doctor Web\DWS\dwfscl03.dws time 0 ms
[12/01/2024 03:03:53 0000182c] Url filter ignored (file name = dwfscl03.dws, type=socialnetwork, timestamp=2019-11-23 17:45:33)
[12/01/2024 03:03:53 0000182c] <DEBUG:1> trying url filter base file: C:\ProgramData\Doctor Web\DWS\dwfscl04.dws
[12/01/2024 03:03:53 0000182c] <DEBUG:1> TIMER: file C:\ProgramData\Doctor Web\DWS\dwfscl04.dws time 0 ms
[12/01/2024 03:03:53 0000182c] Url filter ignored (file name = dwfscl04.dws, type=socialnetwork, timestamp=2019-11-23 17:45:16)
[12/01/2024 03:03:53 0000182c] <DEBUG:1> trying url filter base file: C:\ProgramData\Doctor Web\DWS\dwfscl05.dws
[12/01/2024 03:03:53 0000182c] <DEBUG:1> TIMER: file C:\ProgramData\Doctor Web\DWS\dwfscl05.dws time 0 ms
[12/01/2024 03:03:53 0000182c] Url filter ignored (file name = dwfscl05.dws, type=socialnetwork, timestamp=2019-11-24 01:45:24)
[12/01/2024 03:03:53 0000182c] <DEBUG:1> trying url filter base file: C:\ProgramData\Doctor Web\DWS\dwfscl06.dws
[12/01/2024 03:03:53 0000182c] <DEBUG:1> TIMER: file C:\ProgramData\Doctor Web\DWS\dwfscl06.dws time 0 ms
[12/01/2024 03:03:53 0000182c] Url filter ignored (file name = dwfscl06.dws, type=socialnetwork, timestamp=2019-11-24 01:45:33)
[12/01/2024 03:03:53 0000182c] <DEBUG:1> trying url filter base file: C:\ProgramData\Doctor Web\DWS\dwfscl07.dws
[12/01/2024 03:03:53 0000182c] <DEBUG:1> TIMER: file C:\ProgramData\Doctor Web\DWS\dwfscl07.dws time 0 ms
[12/01/2024 03:03:53 0000182c] Url filter ignored (file name = dwfscl07.dws, type=socialnetwork, timestamp=2019-11-24 01:45:18)
[12/01/2024 03:03:53 0000182c] <DEBUG:1> trying url filter base file: C:\ProgramData\Doctor Web\DWS\dwfscl08.dws
[12/01/2024 03:03:53 0000182c] <DEBUG:1> TIMER: file C:\ProgramData\Doctor Web\DWS\dwfscl08.dws time 0 ms
[12/01/2024 03:03:53 0000182c] Url filter ignored (file name = dwfscl08.dws, type=socialnetwork, timestamp=2019-11-24 01:45:41)
[12/01/2024 03:03:53 0000182c] <DEBUG:1> trying url filter base file: C:\ProgramData\Doctor Web\DWS\dwfscl09.dws
[12/01/2024 03:03:53 0000182c] <DEBUG:1> TIMER: file C:\ProgramData\Doctor Web\DWS\dwfscl09.dws time 0 ms
[12/01/2024 03:03:53 0000182c] Url filter ignored (file name = dwfscl09.dws, type=socialnetwork, timestamp=2019-11-24 01:45:27)
[12/01/2024 03:03:53 0000182c] <DEBUG:1> trying url filter base file: C:\ProgramData\Doctor Web\DWS\dwfscl10.dws
[12/01/2024 03:03:53 0000182c] <DEBUG:1> TIMER: file C:\ProgramData\Doctor Web\DWS\dwfscl10.dws time 0 ms
[12/01/2024 03:03:53 0000182c] Url filter ignored (file name = dwfscl10.dws, type=socialnetwork, timestamp=2019-11-24 01:45:51)
[12/01/2024 03:03:53 0000182c] <DEBUG:1> trying url filter base file: C:\ProgramData\Doctor Web\DWS\dwfscl11.dws
[12/01/2024 03:03:53 0000182c] <DEBUG:1> TIMER: file C:\ProgramData\Doctor Web\DWS\dwfscl11.dws time 0 ms
[12/01/2024 03:03:53 0000182c] Url filter ignored (file name = dwfscl11.dws, type=socialnetwork, timestamp=2019-11-24 12:15:16)
[12/01/2024 03:03:53 0000182c] <DEBUG:1> trying url filter base file: C:\ProgramData\Doctor Web\DWS\dwfscl12.dws
[12/01/2024 03:03:53 0000182c] <DEBUG:1> TIMER: file C:\ProgramData\Doctor Web\DWS\dwfscl12.dws time 0 ms
[12/01/2024 03:03:53 0000182c] Url filter ignored (file name = dwfscl12.dws, type=socialnetwork, timestamp=2019-11-24 12:15:23)
[12/01/2024 03:03:53 0000182c] <DEBUG:1> trying url filter base file: C:\ProgramData\Doctor Web\DWS\dwfscl13.dws
[12/01/2024 03:03:53 0000182c] <DEBUG:1> TIMER: file C:\ProgramData\Doctor Web\DWS\dwfscl13.dws time 0 ms
[12/01/2024 03:03:53 0000182c] Url filter ignored (file name = dwfscl13.dws, type=socialnetwork, timestamp=2019-11-24 18:15:39)
[12/01/2024 03:03:53 0000182c] <DEBUG:1> trying url filter base file: C:\ProgramData\Doctor Web\DWS\dwfscl14.dws
[12/01/2024 03:03:53 0000182c] <DEBUG:1> TIMER: file C:\ProgramData\Doctor Web\DWS\dwfscl14.dws time 0 ms
[12/01/2024 03:03:53 0000182c] Url filter ignored (file name = dwfscl14.dws, type=socialnetwork, timestamp=2019-11-24 19:15:36)
[12/01/2024 03:03:53 0000182c] <DEBUG:1> trying url filter base file: C:\ProgramData\Doctor Web\DWS\dwfscl15.dws
[12/01/2024 03:03:53 0000182c] <DEBUG:1> TIMER: file C:\ProgramData\Doctor Web\DWS\dwfscl15.dws time 0 ms
[12/01/2024 03:03:53 0000182c] Url filter ignored (file name = dwfscl15.dws, type=socialnetwork, timestamp=2021-00-05 09:15:05)
[12/01/2024 03:03:53 0000182c] <DEBUG:1> trying url filter base file: C:\ProgramData\Doctor Web\DWS\dwfter00.dws
[12/01/2024 03:03:53 0000182c] <DEBUG:1> TIMER: file C:\ProgramData\Doctor Web\DWS\dwfter00.dws time 0 ms
[12/01/2024 03:03:53 0000182c] Url filter ignored (file name = dwfter00.dws, type=terrorism, timestamp=2019-04-20 17:15:14)
[12/01/2024 03:03:53 0000182c] <DEBUG:1> trying url filter base file: C:\ProgramData\Doctor Web\DWS\dwfvln00.dws
[12/01/2024 03:03:53 0000182c] <DEBUG:1> TIMER: file C:\ProgramData\Doctor Web\DWS\dwfvln00.dws time 0 ms
[12/01/2024 03:03:53 0000182c] Url filter ignored (file name = dwfvln00.dws, type=violence, timestamp=2011-11-01 09:31:02)
[12/01/2024 03:03:53 0000182c] <DEBUG:1> trying url filter base file: C:\ProgramData\Doctor Web\DWS\dwfvln01.dws
[12/01/2024 03:03:53 0000182c] <DEBUG:1> TIMER: file C:\ProgramData\Doctor Web\DWS\dwfvln01.dws time 0 ms
[12/01/2024 03:03:53 0000182c] Url filter ignored (file name = dwfvln01.dws, type=violence, timestamp=2020-09-26 16:15:04)
[12/01/2024 03:03:53 0000182c] <DEBUG:1> trying url filter base file: C:\ProgramData\Doctor Web\DWS\dwfwpn00.dws
[12/01/2024 03:03:53 0000182c] <DEBUG:1> TIMER: file C:\ProgramData\Doctor Web\DWS\dwfwpn00.dws time 0 ms
[12/01/2024 03:03:53 0000182c] Url filter ignored (file name = dwfwpn00.dws, type=weapon, timestamp=2020-09-26 16:15:05)
[12/01/2024 03:03:53 0000182c] <DEBUG:1> trying url filter base file: C:\ProgramData\Doctor Web\DWS\white_dwfanonym.dws
[12/01/2024 03:03:53 0000182c] <DEBUG:1> TIMER: file C:\ProgramData\Doctor Web\DWS\white_dwfanonym.dws time 0 ms
[12/01/2024 03:03:53 0000182c] Url filter ignored (file name = white_dwfanonym.dws, type=whitelist_anonymizer, timestamp=2019-03-22 18:15:06)
[12/01/2024 03:03:53 0000182c] <DEBUG:1> trying url filter base file: C:\ProgramData\Doctor Web\DWS\white_dwfcht.dws
[12/01/2024 03:03:53 0000182c] <DEBUG:1> TIMER: file C:\ProgramData\Doctor Web\DWS\white_dwfcht.dws time 0 ms
[12/01/2024 03:03:53 0000182c] Url filter ignored (file name = white_dwfcht.dws, type=whitelist_chats, timestamp=2019-03-22 18:15:06)
[12/01/2024 03:03:53 0000182c] <DEBUG:1> trying url filter base file: C:\ProgramData\Doctor Web\DWS\white_dwfdrg.dws
[12/01/2024 03:03:53 0000182c] <DEBUG:1> TIMER: file C:\ProgramData\Doctor Web\DWS\white_dwfdrg.dws time 0 ms
[12/01/2024 03:03:53 0000182c] Url filter ignored (file name = white_dwfdrg.dws, type=whitelist_drugs, timestamp=2020-07-04 07:15:14)
[12/01/2024 03:03:53 0000182c] <DEBUG:1> trying url filter base file: C:\ProgramData\Doctor Web\DWS\white_dwfeml.dws
[12/01/2024 03:03:53 0000182c] <DEBUG:1> TIMER: file C:\ProgramData\Doctor Web\DWS\white_dwfeml.dws time 0 ms
[12/01/2024 03:03:53 0000182c] Url filter ignored (file name = white_dwfeml.dws, type=whitelist_e-mail, timestamp=2019-03-22 18:15:06)
[12/01/2024 03:03:53 0000182c] <DEBUG:1> trying url filter base file: C:\ProgramData\Doctor Web\DWS\white_dwffse.dws
[12/01/2024 03:03:53 0000182c] <DEBUG:1> TIMER: file C:\ProgramData\Doctor Web\DWS\white_dwffse.dws time 0 ms
[12/01/2024 03:03:53 0000182c] Url exclude filter loaded (file name = white_dwffse.dws, type=whitelist_social_engineering, timestamp=2021-00-06 07:00:59)
[12/01/2024 03:03:53 0000182c] <DEBUG:1> trying url filter base file: C:\ProgramData\Doctor Web\DWS\white_dwfgml.dws
[12/01/2024 03:03:53 0000182c] <DEBUG:1> TIMER: file C:\ProgramData\Doctor Web\DWS\white_dwfgml.dws time 0 ms
[12/01/2024 03:03:53 0000182c] Url filter ignored (file name = white_dwfgml.dws, type=whitelist_gamble, timestamp=2020-11-22 10:00:14)
[12/01/2024 03:03:53 0000182c] <DEBUG:1> trying url filter base file: C:\ProgramData\Doctor Web\DWS\white_dwfminers.dws
[12/01/2024 03:03:53 0000182c] <DEBUG:1> TIMER: file C:\ProgramData\Doctor Web\DWS\white_dwfminers.dws time 0 ms
[12/01/2024 03:03:53 0000182c] Url filter ignored (file name = white_dwfminers.dws, type=whitelist_miners, timestamp=2018-04-31 07:00:08)
[12/01/2024 03:03:53 0000182c] <DEBUG:1> trying url filter base file: C:\ProgramData\Doctor Web\DWS\white_dwfmlw.dws
[12/01/2024 03:03:53 0000182c] <DEBUG:1> TIMER: file C:\ProgramData\Doctor Web\DWS\white_dwfmlw.dws time 0 ms
[12/01/2024 03:03:53 0000182c] Url exclude filter loaded (file name = white_dwfmlw.dws, type=whitelist_malware, timestamp=2021-00-05 07:30:52)
[12/01/2024 03:03:53 0000182c] <DEBUG:1> trying url filter base file: C:\ProgramData\Doctor Web\DWS\white_dwfobs.dws
[12/01/2024 03:03:53 0000182c] <DEBUG:1> TIMER: file C:\ProgramData\Doctor Web\DWS\white_dwfobs.dws time 0 ms
[12/01/2024 03:03:53 0000182c] Url filter ignored (file name = white_dwfobs.dws, type=whitelist_obscenity, timestamp=2019-03-22 18:15:06)
[12/01/2024 03:03:53 0000182c] <DEBUG:1> trying url filter base file: C:\ProgramData\Doctor Web\DWS\white_dwfogm.dws
[12/01/2024 03:03:53 0000182c] <DEBUG:1> TIMER: file C:\ProgramData\Doctor Web\DWS\white_dwfogm.dws time 0 ms
[12/01/2024 03:03:53 0000182c] Url filter ignored (file name = white_dwfogm.dws, type=whitelist_online_games, timestamp=2019-03-22 18:15:06)
[12/01/2024 03:03:53 0000182c] <DEBUG:1> trying url filter base file: C:\ProgramData\Doctor Web\DWS\white_dwfprc.dws
[12/01/2024 03:03:53 0000182c] <DEBUG:1> TIMER: file C:\ProgramData\Doctor Web\DWS\white_dwfprc.dws time 0 ms
[12/01/2024 03:03:53 0000182c] Url exclude filter loaded (file name = white_dwfprc.dws, type=whitelist_piracy, timestamp=2020-09-29 07:45:21)
[12/01/2024 03:03:53 0000182c] <DEBUG:1> trying url filter base file: C:\ProgramData\Doctor Web\DWS\white_dwfprn.dws
[12/01/2024 03:03:53 0000182c] <DEBUG:1> TIMER: file C:\ProgramData\Doctor Web\DWS\white_dwfprn.dws time 0 ms
[12/01/2024 03:03:53 0000182c] Url filter ignored (file name = white_dwfprn.dws, type=whitelist_porno, timestamp=2020-11-29 07:00:03)
[12/01/2024 03:03:53 0000182c] <DEBUG:1> trying url filter base file: C:\ProgramData\Doctor Web\DWS\white_dwfscl.dws
[12/01/2024 03:03:53 0000182c] <DEBUG:1> TIMER: file C:\ProgramData\Doctor Web\DWS\white_dwfscl.dws time 0 ms
[12/01/2024 03:03:53 0000182c] Url filter ignored (file name = white_dwfscl.dws, type=whitelist_socialnetwork, timestamp=2020-09-25 08:00:04)
[12/01/2024 03:03:53 0000182c] <DEBUG:1> trying url filter base file: C:\ProgramData\Doctor Web\DWS\white_dwfter.dws
[12/01/2024 03:03:53 0000182c] <DEBUG:1> TIMER: file C:\ProgramData\Doctor Web\DWS\white_dwfter.dws time 0 ms
[12/01/2024 03:03:53 0000182c] Url filter ignored (file name = white_dwfter.dws, type=whitelist_terrorism, timestamp=2019-03-22 18:15:06)
[12/01/2024 03:03:53 0000182c] <DEBUG:1> trying url filter base file: C:\ProgramData\Doctor Web\DWS\white_dwfvln.dws
[12/01/2024 03:03:53 0000182c] <DEBUG:1> TIMER: file C:\ProgramData\Doctor Web\DWS\white_dwfvln.dws time 0 ms
[12/01/2024 03:03:53 0000182c] Url filter ignored (file name = white_dwfvln.dws, type=whitelist_violence, timestamp=2019-03-22 18:15:06)
[12/01/2024 03:03:53 0000182c] <DEBUG:1> trying url filter base file: C:\ProgramData\Doctor Web\DWS\white_dwfwpn.dws
[12/01/2024 03:03:53 0000182c] <DEBUG:1> TIMER: file C:\ProgramData\Doctor Web\DWS\white_dwfwpn.dws time 0 ms
[12/01/2024 03:03:53 0000182c] Url filter ignored (file name = white_dwfwpn.dws, type=whitelist_weapon, timestamp=2020-04-29 07:15:04)
[12/01/2024 03:03:53 0000182c] <DEBUG:1> TIMER: total 16 ms loading 8 ms
